order_id,customer_id,order_status,order_purchase_timestamp,order_delivered_customer_date
o00000,c0000,delivered,2017-01-30 08:00:00,2017-02-13 08:00:00
o00001,c0000,delivered,2017-09-24 14:00:00,2017-09-30 14:00:00
o00002,c0000,delivered,2017-09-26 18:00:00,2017-10-05 18:00:00
o00003,c0000,delivered,2017-04-06 20:00:00,2017-04-25 20:00:00
o00004,c0000,delivered,2018-02-18 19:00:00,2018-03-09 19:00:00
o00005,c0001,delivered,2018-03-30 12:00:00,2018-04-01 12:00:00
o00006,c0001,delivered,2017-12-30 06:00:00,2018-01-18 06:00:00
o00007,c0001,delivered,2017-10-12 21:00:00,2017-10-27 21:00:00
o00008,c0002,delivered,2017-12-01 22:00:00,2017-12-13 22:00:00
o00009,c0002,delivered,2017-08-17 08:00:00,2017-09-08 08:00:00
o00010,c0002,delivered,2018-04-05 03:00:00,2018-04-18 03:00:00
o00011,c0003,delivered,2017-08-14 15:00:00,2017-08-17 15:00:00
o00012,c0004,delivered,2018-03-11 17:00:00,2018-03-18 17:00:00
o00013,c0004,delivered,2017-04-02 15:00:00,2017-04-09 15:00:00
o00014,c0004,delivered,2018-07-27 18:00:00,2018-08-19 18:00:00
o00015,c0004,delivered,2017-11-22 22:00:00,2017-11-24 22:00:00
o00016,c0004,delivered,2017-06-26 00:00:00,2017-07-13 00:00:00
o00017,c0004,delivered,2017-11-07 06:00:00,2017-11-16 06:00:00
o00018,c0004,delivered,2018-01-27 04:00:00,2018-02-09 04:00:00
o00019,c0005,delivered,2018-01-09 05:00:00,2018-01-16 05:00:00
o00020,c0005,delivered,2017-08-04 14:00:00,2017-08-11 14:00:00
o00021,c0006,delivered,2017-08-19 13:00:00,2017-08-25 13:00:00
o00022,c0006,delivered,2017-12-12 03:00:00,2017-12-17 03:00:00
o00023,c0006,delivered,2017-05-25 06:00:00,2017-05-27 06:00:00
o00024,c0006,delivered,2018-08-08 07:00:00,2018-08-28 07:00:00
o00025,c0006,delivered,2018-07-03 19:00:00,2018-07-24 19:00:00
o00026,c0007,delivered,2017-03-02 08:00:00,2017-03-21 08:00:00
o00027,c0007,delivered,2017-12-17 00:00:00,2018-01-01 00:00:00
o00028,c0007,delivered,2018-05-05 19:00:00,2018-05-15 19:00:00
o00029,c0007,delivered,2017-05-24 07:00:00,2017-06-01 07:00:00
o00030,c0007,delivered,2017-07-30 07:00:00,2017-08-11 07:00:00
o00031,c0008,delivered,2017-01-25 06:00:00,2017-02-03 06:00:00
o00032,c0008,delivered,2017-04-04 21:00:00,2017-04-21 21:00:00
o00033,c0008,delivered,2018-07-09 13:00:00,2018-07-13 13:00:00
o00034,c0008,delivered,2018-07-05 10:00:00,2018-07-22 10:00:00
o00035,c0008,delivered,2017-08-20 11:00:00,2017-09-02 11:00:00
o00036,c0008,delivered,2017-06-23 13:00:00,2017-07-11 13:00:00
o00037,c0008,delivered,2017-01-13 03:00:00,2017-02-03 03:00:00
o00038,c0008,delivered,2017-12-13 23:00:00,2017-12-28 23:00:00
o00039,c0009,delivered,2018-02-02 21:00:00,2018-02-19 21:00:00
o00040,c0009,delivered,2017-07-20 12:00:00,2017-07-27 12:00:00
o00041,c0010,delivered,2017-07-23 16:00:00,2017-07-28 16:00:00
o00042,c0010,delivered,2018-02-13 14:00:00,2018-02-22 14:00:00
o00043,c0010,delivered,2017-01-28 16:00:00,2017-02-17 16:00:00
o00044,c0010,delivered,2018-03-20 10:00:00,2018-04-06 10:00:00
o00045,c0011,delivered,2017-09-10 08:00:00,2017-09-19 08:00:00
o00046,c0011,delivered,2017-05-09 23:00:00,2017-05-26 23:00:00
o00047,c0011,delivered,2017-04-17 20:00:00,2017-04-22 20:00:00
o00048,c0011,delivered,2017-12-27 03:00:00,2018-01-06 03:00:00
o00049,c0011,delivered,2018-02-05 23:00:00,2018-03-01 23:00:00
o00050,c0011,delivered,2018-06-29 05:00:00,2018-07-03 05:00:00
o00051,c0012,delivered,2018-07-05 22:00:00,2018-07-13 22:00:00
o00052,c0012,delivered,2017-01-12 15:00:00,2017-01-15 15:00:00
o00053,c0012,delivered,2017-01-25 22:00:00,2017-02-07 22:00:00
o00054,c0012,delivered,2017-03-10 15:00:00,2017-03-20 15:00:00
o00055,c0012,delivered,2017-11-23 21:00:00,2017-11-30 21:00:00
o00056,c0013,delivered,2018-01-29 19:00:00,2018-02-09 19:00:00
o00057,c0013,delivered,2018-08-13 10:00:00,2018-08-25 10:00:00
o00058,c0013,delivered,2018-06-22 15:00:00,2018-07-13 15:00:00
o00059,c0013,delivered,2018-04-26 17:00:00,2018-05-03 17:00:00
o00060,c0013,delivered,2017-08-31 20:00:00,2017-09-16 20:00:00
o00061,c0013,delivered,2017-06-20 07:00:00,2017-07-09 07:00:00
o00062,c0013,delivered,2017-04-19 02:00:00,2017-05-08 02:00:00
o00063,c0013,delivered,2017-06-25 18:00:00,2017-07-09 18:00:00
o00064,c0013,delivered,2018-08-30 12:00:00,2018-09-20 12:00:00
o00065,c0014,delivered,2018-06-02 05:00:00,2018-06-26 05:00:00
o00066,c0014,delivered,2018-03-30 02:00:00,2018-04-01 02:00:00
o00067,c0014,delivered,2017-06-15 00:00:00,2017-06-25 00:00:00
o00068,c0014,delivered,2018-08-29 11:00:00,2018-08-31 11:00:00
o00069,c0014,delivered,2017-10-28 05:00:00,2017-11-18 05:00:00
o00070,c0015,delivered,2017-02-25 18:00:00,2017-03-09 18:00:00
o00071,c0015,delivered,2017-01-12 16:00:00,2017-01-24 16:00:00
o00072,c0016,delivered,2018-04-15 14:00:00,2018-05-05 14:00:00
o00073,c0016,delivered,2017-10-07 00:00:00,2017-10-12 00:00:00
o00074,c0016,delivered,2017-10-07 09:00:00,2017-10-27 09:00:00
o00075,c0016,delivered,2017-09-08 20:00:00,2017-09-14 20:00:00
o00076,c0016,delivered,2017-08-23 18:00:00,2017-08-27 18:00:00
o00077,c0016,delivered,2017-07-15 18:00:00,2017-07-30 18:00:00
o00078,c0017,delivered,2018-04-19 12:00:00,2018-05-10 12:00:00
o00079,c0017,delivered,2018-06-18 23:00:00,2018-06-22 23:00:00
o00080,c0017,delivered,2017-12-26 02:00:00,2018-01-02 02:00:00
o00081,c0017,delivered,2017-07-02 15:00:00,2017-07-13 15:00:00
o00082,c0017,delivered,2018-06-10 07:00:00,2018-06-26 07:00:00
o00083,c0017,delivered,2018-04-10 23:00:00,2018-04-17 23:00:00
o00084,c0017,delivered,2018-03-23 02:00:00,2018-04-06 02:00:00
o00085,c0018,delivered,2017-09-09 23:00:00,2017-09-28 23:00:00
o00086,c0018,delivered,2018-07-18 20:00:00,2018-07-29 20:00:00
o00087,c0018,delivered,2018-03-22 00:00:00,2018-04-05 00:00:00
o00088,c0019,delivered,2017-01-29 17:00:00,2017-02-22 17:00:00
o00089,c0019,delivered,2018-02-19 20:00:00,2018-02-26 20:00:00
o00090,c0019,delivered,2018-08-28 13:00:00,2018-09-14 13:00:00
o00091,c0019,delivered,2018-04-14 15:00:00,2018-04-23 15:00:00
o00092,c0019,delivered,2018-01-07 15:00:00,2018-01-28 15:00:00
o00093,c0020,delivered,2017-10-20 12:00:00,2017-11-02 12:00:00
o00094,c0020,delivered,2017-03-11 02:00:00,2017-03-13 02:00:00
o00095,c0020,delivered,2018-02-10 10:00:00,2018-03-03 10:00:00
o00096,c0020,delivered,2018-03-03 03:00:00,2018-03-07 03:00:00
o00097,c0021,delivered,2017-08-11 22:00:00,2017-08-14 22:00:00
o00098,c0021,delivered,2017-04-24 00:00:00,2017-05-05 00:00:00
o00099,c0021,delivered,2018-08-25 16:00:00,2018-09-07 16:00:00
o00100,c0022,delivered,2017-03-29 08:00:00,2017-04-12 08:00:00
o00101,c0022,delivered,2017-06-17 16:00:00,2017-07-11 16:00:00
o00102,c0022,delivered,2017-05-06 06:00:00,2017-05-10 06:00:00
o00103,c0023,delivered,2018-03-18 11:00:00,2018-03-26 11:00:00
o00104,c0023,delivered,2017-05-14 01:00:00,2017-05-26 01:00:00
o00105,c0023,delivered,2018-02-20 05:00:00,2018-02-22 05:00:00
o00106,c0023,delivered,2017-10-15 16:00:00,2017-10-24 16:00:00
o00107,c0023,delivered,2017-06-02 03:00:00,2017-06-21 03:00:00
o00108,c0024,delivered,2018-06-08 18:00:00,2018-06-21 18:00:00
o00109,c0024,delivered,2018-03-17 09:00:00,2018-03-19 09:00:00
o00110,c0024,delivered,2017-08-12 16:00:00,2017-08-28 16:00:00
o00111,c0024,delivered,2018-08-26 23:00:00,2018-09-02 23:00:00
o00112,c0024,delivered,2017-01-06 06:00:00,2017-01-28 06:00:00
o00113,c0024,delivered,2018-05-10 02:00:00,2018-05-15 02:00:00
o00114,c0024,delivered,2017-12-09 15:00:00,2018-01-02 15:00:00
o00115,c0024,delivered,2018-04-05 05:00:00,2018-04-07 05:00:00
o00116,c0024,delivered,2018-01-21 13:00:00,2018-02-13 13:00:00
o00117,c0025,delivered,2017-12-17 12:00:00,2017-12-25 12:00:00
o00118,c0025,delivered,2017-02-22 21:00:00,2017-03-14 21:00:00
o00119,c0025,delivered,2017-04-09 16:00:00,2017-04-19 16:00:00
o00120,c0026,delivered,2017-09-23 20:00:00,2017-10-14 20:00:00
o00121,c0026,delivered,2017-04-26 07:00:00,2017-05-16 07:00:00
o00122,c0026,delivered,2018-07-12 01:00:00,2018-08-02 01:00:00
o00123,c0026,delivered,2017-10-25 14:00:00,2017-10-28 14:00:00
o00124,c0027,delivered,2018-02-18 16:00:00,2018-03-07 16:00:00
o00125,c0027,delivered,2018-04-26 22:00:00,2018-05-17 22:00:00
o00126,c0027,delivered,2018-03-29 23:00:00,2018-04-15 23:00:00
o00127,c0028,delivered,2018-02-13 13:00:00,2018-03-04 13:00:00
o00128,c0028,delivered,2017-02-13 12:00:00,2017-02-24 12:00:00
o00129,c0028,delivered,2018-07-09 01:00:00,2018-07-25 01:00:00
o00130,c0028,delivered,2017-04-23 21:00:00,2017-05-14 21:00:00
o00131,c0028,delivered,2017-05-24 20:00:00,2017-06-06 20:00:00
o00132,c0028,delivered,2018-08-14 17:00:00,2018-08-16 17:00:00
o00133,c0029,delivered,2017-05-04 09:00:00,2017-05-10 09:00:00
o00134,c0029,delivered,2017-03-22 23:00:00,2017-04-12 23:00:00
o00135,c0029,delivered,2017-09-22 05:00:00,2017-09-28 05:00:00
o00136,c0029,delivered,2018-07-11 07:00:00,2018-07-13 07:00:00
o00137,c0029,delivered,2017-08-30 10:00:00,2017-09-15 10:00:00
o00138,c0030,delivered,2017-07-25 22:00:00,2017-08-10 22:00:00
o00139,c0030,delivered,2018-08-23 08:00:00,2018-09-08 08:00:00
o00140,c0030,delivered,2017-08-11 16:00:00,2017-08-30 16:00:00
o00141,c0031,delivered,2017-07-15 22:00:00,2017-08-05 22:00:00
o00142,c0031,delivered,2018-06-28 05:00:00,2018-07-16 05:00:00
o00143,c0031,delivered,2017-03-06 02:00:00,2017-03-30 02:00:00
o00144,c0031,delivered,2017-04-03 20:00:00,2017-04-14 20:00:00
o00145,c0032,delivered,2017-07-04 01:00:00,2017-07-21 01:00:00
o00146,c0032,delivered,2018-03-15 11:00:00,2018-04-04 11:00:00
o00147,c0032,delivered,2017-07-16 13:00:00,2017-07-24 13:00:00
o00148,c0032,delivered,2017-12-20 03:00:00,2018-01-01 03:00:00
o00149,c0032,delivered,2017-11-30 13:00:00,2017-12-12 13:00:00
o00150,c0032,delivered,2018-01-27 12:00:00,2018-02-04 12:00:00
o00151,c0033,delivered,2017-05-11 15:00:00,2017-06-03 15:00:00
o00152,c0033,delivered,2018-04-03 15:00:00,2018-04-26 15:00:00
o00153,c0033,delivered,2018-07-01 12:00:00,2018-07-05 12:00:00
o00154,c0034,delivered,2018-01-21 14:00:00,2018-01-29 14:00:00
o00155,c0034,delivered,2018-06-01 20:00:00,2018-06-10 20:00:00
o00156,c0034,delivered,2017-10-17 04:00:00,2017-10-23 04:00:00
o00157,c0034,delivered,2017-06-11 08:00:00,2017-06-19 08:00:00
o00158,c0034,delivered,2017-04-03 10:00:00,2017-04-19 10:00:00
o00159,c0034,delivered,2017-07-18 12:00:00,2017-07-26 12:00:00
o00160,c0034,delivered,2018-03-04 15:00:00,2018-03-28 15:00:00
o00161,c0034,delivered,2017-02-02 20:00:00,2017-02-11 20:00:00
o00162,c0035,delivered,2017-02-10 16:00:00,2017-02-15 16:00:00
o00163,c0035,delivered,2017-04-17 23:00:00,2017-04-24 23:00:00
o00164,c0036,delivered,2017-11-29 04:00:00,2017-12-03 04:00:00
o00165,c0036,delivered,2017-01-01 00:00:00,2017-01-13 00:00:00
o00166,c0036,delivered,2017-09-21 00:00:00,2017-10-01 00:00:00
o00167,c0036,delivered,2017-06-15 13:00:00,2017-07-09 13:00:00
o00168,c0036,delivered,2018-02-25 22:00:00,2018-03-03 22:00:00
o00169,c0036,delivered,2017-05-11 18:00:00,2017-05-20 18:00:00
o00170,c0037,delivered,2018-06-01 11:00:00,2018-06-07 11:00:00
o00171,c0037,delivered,2018-05-29 13:00:00,2018-06-18 13:00:00
o00172,c0038,delivered,2017-10-02 03:00:00,2017-10-19 03:00:00
o00173,c0038,delivered,2017-03-17 15:00:00,2017-03-28 15:00:00
o00174,c0038,delivered,2018-04-27 20:00:00,2018-05-08 20:00:00
o00175,c0038,delivered,2018-06-21 02:00:00,2018-06-25 02:00:00
o00176,c0039,delivered,2018-08-28 13:00:00,2018-09-09 13:00:00
o00177,c0039,delivered,2017-04-05 06:00:00,2017-04-22 06:00:00
o00178,c0039,delivered,2018-05-15 21:00:00,2018-05-26 21:00:00
o00179,c0039,delivered,2017-10-04 03:00:00,2017-10-07 03:00:00
o00180,c0040,delivered,2017-09-24 13:00:00,2017-09-28 13:00:00
o00181,c0040,delivered,2017-09-06 15:00:00,2017-09-26 15:00:00
o00182,c0040,delivered,2018-07-25 08:00:00,2018-08-05 08:00:00
o00183,c0040,delivered,2018-06-16 16:00:00,2018-06-24 16:00:00
o00184,c0040,delivered,2018-02-21 03:00:00,2018-03-05 03:00:00
o00185,c0040,delivered,2017-07-06 23:00:00,2017-07-08 23:00:00
o00186,c0040,delivered,2018-06-05 06:00:00,2018-06-07 06:00:00
o00187,c0041,delivered,2018-02-06 16:00:00,2018-02-11 16:00:00
o00188,c0041,delivered,2017-01-24 02:00:00,2017-02-04 02:00:00
o00189,c0042,delivered,2017-03-22 16:00:00,2017-03-25 16:00:00
o00190,c0042,delivered,2018-04-25 20:00:00,2018-05-13 20:00:00
o00191,c0042,delivered,2018-07-29 22:00:00,2018-08-01 22:00:00
o00192,c0042,delivered,2017-07-27 18:00:00,2017-08-05 18:00:00
o00193,c0042,delivered,2018-03-25 18:00:00,2018-04-18 18:00:00
o00194,c0042,delivered,2017-07-20 08:00:00,2017-07-22 08:00:00
o00195,c0042,delivered,2017-06-23 06:00:00,2017-07-05 06:00:00
o00196,c0043,delivered,2017-09-14 20:00:00,2017-10-03 20:00:00
o00197,c0043,delivered,2018-03-19 00:00:00,2018-03-31 00:00:00
o00198,c0044,delivered,2018-03-20 05:00:00,2018-03-31 05:00:00
o00199,c0044,delivered,2018-03-19 19:00:00,2018-04-09 19:00:00
o00200,c0044,delivered,2017-09-19 09:00:00,2017-09-29 09:00:00
o00201,c0045,delivered,2018-02-11 10:00:00,2018-02-22 10:00:00
o00202,c0045,delivered,2017-04-13 11:00:00,2017-04-20 11:00:00
o00203,c0045,delivered,2017-11-16 21:00:00,2017-12-05 21:00:00
o00204,c0046,delivered,2017-10-18 23:00:00,2017-11-11 23:00:00
o00205,c0046,delivered,2017-09-28 18:00:00,2017-10-07 18:00:00
o00206,c0046,delivered,2018-06-19 08:00:00,2018-06-26 08:00:00
o00207,c0046,delivered,2017-03-23 20:00:00,2017-03-31 20:00:00
o00208,c0046,delivered,2018-05-10 02:00:00,2018-05-23 02:00:00
o00209,c0046,delivered,2017-09-18 10:00:00,2017-09-23 10:00:00
o00210,c0047,delivered,2017-02-14 08:00:00,2017-02-26 08:00:00
o00211,c0047,delivered,2018-04-28 11:00:00,2018-05-05 11:00:00
o00212,c0047,delivered,2017-06-09 14:00:00,2017-06-21 14:00:00
o00213,c0047,delivered,2018-07-02 10:00:00,2018-07-17 10:00:00
o00214,c0047,delivered,2017-02-08 04:00:00,2017-03-01 04:00:00
o00215,c0047,delivered,2017-07-29 10:00:00,2017-08-13 10:00:00
o00216,c0048,delivered,2017-02-05 12:00:00,2017-02-14 12:00:00
o00217,c0048,delivered,2017-04-01 10:00:00,2017-04-13 10:00:00
o00218,c0048,delivered,2017-04-24 13:00:00,2017-05-13 13:00:00
o00219,c0049,delivered,2017-06-12 23:00:00,2017-06-28 23:00:00
o00220,c0049,delivered,2018-04-16 01:00:00,2018-05-05 01:00:00
o00221,c0049,delivered,2017-07-24 17:00:00,2017-08-13 17:00:00
o00222,c0049,delivered,2017-06-02 06:00:00,2017-06-05 06:00:00
o00223,c0049,delivered,2018-01-03 18:00:00,2018-01-14 18:00:00
o00224,c0049,delivered,2017-04-08 07:00:00,2017-04-19 07:00:00
o00225,c0049,delivered,2018-07-12 02:00:00,2018-07-21 02:00:00
o00226,c0049,delivered,2018-01-23 05:00:00,2018-02-14 05:00:00
o00227,c0050,delivered,2018-07-07 09:00:00,2018-07-26 09:00:00
o00228,c0050,delivered,2018-04-05 16:00:00,2018-04-11 16:00:00
o00229,c0050,delivered,2017-01-31 08:00:00,2017-02-05 08:00:00
o00230,c0050,delivered,2017-06-27 15:00:00,2017-07-12 15:00:00
o00231,c0050,delivered,2017-05-08 00:00:00,2017-05-15 00:00:00
o00232,c0050,delivered,2017-10-04 18:00:00,2017-10-14 18:00:00
o00233,c0051,delivered,2017-06-23 13:00:00,2017-06-26 13:00:00
o00234,c0051,delivered,2017-05-18 00:00:00,2017-06-01 00:00:00
o00235,c0051,delivered,2017-09-27 13:00:00,2017-10-13 13:00:00
o00236,c0051,delivered,2017-08-29 20:00:00,2017-09-21 20:00:00
o00237,c0051,delivered,2017-03-09 22:00:00,2017-03-15 22:00:00
o00238,c0051,delivered,2017-06-01 12:00:00,2017-06-03 12:00:00
o00239,c0052,delivered,2017-08-10 04:00:00,2017-08-23 04:00:00
o00240,c0052,delivered,2018-05-11 22:00:00,2018-05-17 22:00:00
o00241,c0053,delivered,2017-11-28 11:00:00,2017-12-09 11:00:00
o00242,c0053,delivered,2018-01-20 23:00:00,2018-01-31 23:00:00
o00243,c0053,delivered,2017-02-09 21:00:00,2017-03-04 21:00:00
o00244,c0053,delivered,2017-07-15 12:00:00,2017-08-05 12:00:00
o00245,c0054,delivered,2017-11-03 11:00:00,2017-11-26 11:00:00
o00246,c0054,delivered,2018-05-19 12:00:00,2018-05-24 12:00:00
o00247,c0054,delivered,2017-09-24 16:00:00,2017-10-02 16:00:00
o00248,c0054,delivered,2017-11-23 15:00:00,2017-11-26 15:00:00
o00249,c0054,delivered,2017-12-13 17:00:00,2017-12-19 17:00:00
o00250,c0055,delivered,2017-11-30 17:00:00,2017-12-03 17:00:00
o00251,c0055,delivered,2018-01-27 06:00:00,2018-02-07 06:00:00
o00252,c0055,delivered,2018-01-29 00:00:00,2018-01-31 00:00:00
o00253,c0056,delivered,2017-09-29 22:00:00,2017-10-01 22:00:00
o00254,c0056,delivered,2018-04-25 01:00:00,2018-05-08 01:00:00
o00255,c0056,delivered,2017-09-19 11:00:00,2017-09-22 11:00:00
o00256,c0057,delivered,2018-04-04 06:00:00,2018-04-23 06:00:00
o00257,c0057,delivered,2018-02-03 13:00:00,2018-02-12 13:00:00
o00258,c0057,delivered,2018-02-01 23:00:00,2018-02-24 23:00:00
o00259,c0057,delivered,2018-07-12 05:00:00,2018-07-27 05:00:00
o00260,c0057,delivered,2017-08-30 23:00:00,2017-09-22 23:00:00
o00261,c0057,delivered,2018-06-12 03:00:00,2018-06-21 03:00:00
o00262,c0057,delivered,2018-03-09 17:00:00,2018-03-19 17:00:00
o00263,c0058,delivered,2017-03-25 03:00:00,2017-04-11 03:00:00
o00264,c0058,delivered,2017-10-04 11:00:00,2017-10-24 11:00:00
o00265,c0058,delivered,2017-01-11 18:00:00,2017-01-19 18:00:00
o00266,c0058,delivered,2018-07-21 22:00:00,2018-08-03 22:00:00
o00267,c0058,delivered,2017-07-12 05:00:00,2017-07-18 05:00:00
o00268,c0058,delivered,2018-08-31 04:00:00,2018-09-12 04:00:00
o00269,c0059,delivered,2017-10-19 16:00:00,2017-11-09 16:00:00
o00270,c0059,delivered,2017-12-06 18:00:00,2017-12-21 18:00:00
o00271,c0059,delivered,2017-09-23 03:00:00,2017-09-29 03:00:00
o00272,c0059,delivered,2017-09-20 01:00:00,2017-09-29 01:00:00
o00273,c0059,delivered,2017-10-09 11:00:00,2017-10-29 11:00:00
o00274,c0059,delivered,2018-08-12 17:00:00,2018-08-15 17:00:00
o00275,c0059,delivered,2017-09-06 17:00:00,2017-09-21 17:00:00
o00276,c0060,delivered,2017-10-06 10:00:00,2017-10-17 10:00:00
o00277,c0060,delivered,2017-12-19 04:00:00,2018-01-01 04:00:00
o00278,c0060,delivered,2017-05-06 16:00:00,2017-05-27 16:00:00
o00279,c0060,delivered,2017-11-05 09:00:00,2017-11-28 09:00:00
o00280,c0060,delivered,2018-02-06 10:00:00,2018-02-08 10:00:00
o00281,c0061,delivered,2017-01-10 05:00:00,2017-01-17 05:00:00
o00282,c0061,delivered,2018-03-15 12:00:00,2018-04-08 12:00:00
o00283,c0061,delivered,2017-11-25 21:00:00,2017-12-09 21:00:00
o00284,c0061,delivered,2017-08-06 17:00:00,2017-08-18 17:00:00
o00285,c0061,delivered,2017-06-16 11:00:00,2017-07-03 11:00:00
o00286,c0061,delivered,2017-08-17 16:00:00,2017-09-10 16:00:00
o00287,c0061,delivered,2017-09-08 07:00:00,2017-09-19 07:00:00
o00288,c0061,delivered,2018-05-25 04:00:00,2018-06-18 04:00:00
o00289,c0061,delivered,2017-09-09 20:00:00,2017-09-29 20:00:00
o00290,c0061,delivered,2018-04-22 21:00:00,2018-04-28 21:00:00
o00291,c0062,delivered,2017-12-27 02:00:00,2018-01-04 02:00:00
o00292,c0062,delivered,2017-01-25 16:00:00,2017-02-09 16:00:00
o00293,c0062,delivered,2018-03-27 04:00:00,2018-04-05 04:00:00
o00294,c0062,delivered,2018-02-16 19:00:00,2018-03-10 19:00:00
o00295,c0063,delivered,2017-02-14 09:00:00,2017-02-16 09:00:00
o00296,c0063,delivered,2018-05-13 02:00:00,2018-06-02 02:00:00
o00297,c0063,delivered,2017-04-05 00:00:00,2017-04-27 00:00:00
o00298,c0063,delivered,2017-09-24 10:00:00,2017-10-10 10:00:00
o00299,c0063,delivered,2017-06-17 16:00:00,2017-06-28 16:00:00
o00300,c0064,delivered,2017-06-15 09:00:00,2017-06-17 09:00:00
o00301,c0065,delivered,2017-07-03 14:00:00,2017-07-08 14:00:00
o00302,c0065,delivered,2017-03-14 15:00:00,2017-03-25 15:00:00
o00303,c0065,delivered,2017-03-25 17:00:00,2017-04-13 17:00:00
o00304,c0065,delivered,2017-01-22 04:00:00,2017-02-01 04:00:00
o00305,c0065,delivered,2018-03-21 01:00:00,2018-04-10 01:00:00
o00306,c0066,delivered,2017-07-14 03:00:00,2017-08-04 03:00:00
o00307,c0066,delivered,2017-02-22 03:00:00,2017-03-17 03:00:00
o00308,c0066,delivered,2017-11-12 11:00:00,2017-11-29 11:00:00
o00309,c0066,delivered,2018-01-19 14:00:00,2018-01-21 14:00:00
o00310,c0067,delivered,2017-12-02 06:00:00,2017-12-22 06:00:00
o00311,c0067,delivered,2017-11-04 02:00:00,2017-11-26 02:00:00
o00312,c0067,delivered,2017-06-22 06:00:00,2017-07-15 06:00:00
o00313,c0067,delivered,2018-04-17 20:00:00,2018-05-04 20:00:00
o00314,c0067,delivered,2018-07-08 02:00:00,2018-07-23 02:00:00
o00315,c0067,delivered,2017-06-28 09:00:00,2017-07-05 09:00:00
o00316,c0068,delivered,2017-05-05 10:00:00,2017-05-28 10:00:00
o00317,c0068,delivered,2018-01-22 08:00:00,2018-02-02 08:00:00
o00318,c0068,delivered,2017-11-19 05:00:00,2017-12-02 05:00:00
o00319,c0069,delivered,2018-02-28 05:00:00,2018-03-15 05:00:00
o00320,c0069,delivered,2018-03-07 12:00:00,2018-03-15 12:00:00
o00321,c0069,delivered,2017-12-04 19:00:00,2017-12-11 19:00:00
o00322,c0069,delivered,2017-12-16 16:00:00,2017-12-25 16:00:00
o00323,c0069,delivered,2017-08-24 21:00:00,2017-09-03 21:00:00
o00324,c0070,delivered,2017-12-30 03:00:00,2018-01-22 03:00:00
o00325,c0070,delivered,2017-12-29 18:00:00,2018-01-13 18:00:00
o00326,c0070,delivered,2017-08-05 08:00:00,2017-08-23 08:00:00
o00327,c0070,delivered,2018-06-07 03:00:00,2018-06-28 03:00:00
o00328,c0070,delivered,2018-05-20 02:00:00,2018-05-24 02:00:00
o00329,c0070,delivered,2018-02-27 20:00:00,2018-03-10 20:00:00
o00330,c0070,delivered,2018-01-25 23:00:00,2018-02-03 23:00:00
o00331,c0070,delivered,2017-05-17 23:00:00,2017-05-25 23:00:00
o00332,c0071,delivered,2017-10-15 10:00:00,2017-10-29 10:00:00
o00333,c0071,delivered,2017-06-13 16:00:00,2017-06-30 16:00:00
o00334,c0071,delivered,2017-05-02 11:00:00,2017-05-05 11:00:00
o00335,c0071,delivered,2017-05-15 23:00:00,2017-05-28 23:00:00
o00336,c0072,delivered,2018-01-14 21:00:00,2018-02-01 21:00:00
o00337,c0072,delivered,2018-04-27 17:00:00,2018-05-10 17:00:00
o00338,c0072,delivered,2018-01-20 06:00:00,2018-02-11 06:00:00
o00339,c0073,delivered,2017-04-20 21:00:00,2017-05-12 21:00:00
o00340,c0073,delivered,2017-03-28 17:00:00,2017-04-21 17:00:00
o00341,c0073,delivered,2017-12-14 08:00:00,2018-01-05 08:00:00
o00342,c0073,delivered,2017-11-08 02:00:00,2017-11-15 02:00:00
o00343,c0073,delivered,2018-02-19 10:00:00,2018-02-25 10:00:00
o00344,c0073,delivered,2018-05-01 02:00:00,2018-05-08 02:00:00
o00345,c0073,delivered,2017-10-11 00:00:00,2017-10-21 00:00:00
o00346,c0074,delivered,2018-07-08 22:00:00,2018-07-30 22:00:00
o00347,c0074,delivered,2017-07-16 01:00:00,2017-08-05 01:00:00
o00348,c0074,delivered,2017-08-15 17:00:00,2017-08-19 17:00:00
o00349,c0074,delivered,2018-02-11 14:00:00,2018-03-06 14:00:00
o00350,c0074,delivered,2017-03-03 09:00:00,2017-03-27 09:00:00
o00351,c0074,delivered,2017-08-25 15:00:00,2017-08-30 15:00:00
o00352,c0074,delivered,2018-03-19 06:00:00,2018-04-03 06:00:00
o00353,c0075,delivered,2018-06-19 15:00:00,2018-07-01 15:00:00
o00354,c0075,delivered,2017-04-26 08:00:00,2017-05-17 08:00:00
o00355,c0075,delivered,2017-05-12 15:00:00,2017-05-25 15:00:00
o00356,c0076,delivered,2017-07-15 17:00:00,2017-07-25 17:00:00
o00357,c0076,delivered,2017-06-24 12:00:00,2017-07-13 12:00:00
o00358,c0077,delivered,2018-06-10 15:00:00,2018-06-27 15:00:00
o00359,c0077,delivered,2018-04-24 06:00:00,2018-05-01 06:00:00
o00360,c0077,delivered,2017-10-22 15:00:00,2017-11-07 15:00:00
o00361,c0078,delivered,2017-04-04 18:00:00,2017-04-14 18:00:00
o00362,c0078,delivered,2018-06-18 17:00:00,2018-07-12 17:00:00
o00363,c0078,delivered,2018-01-20 12:00:00,2018-01-26 12:00:00
o00364,c0078,delivered,2017-08-31 20:00:00,2017-09-10 20:00:00
o00365,c0079,delivered,2017-02-02 05:00:00,2017-02-17 05:00:00
o00366,c0079,delivered,2018-01-18 23:00:00,2018-02-10 23:00:00
o00367,c0079,delivered,2017-11-20 13:00:00,2017-12-10 13:00:00
o00368,c0079,delivered,2017-01-30 14:00:00,2017-02-11 14:00:00
o00369,c0079,delivered,2018-04-22 19:00:00,2018-05-09 19:00:00
o00370,c0080,delivered,2018-02-04 16:00:00,2018-02-19 16:00:00
o00371,c0080,delivered,2017-05-19 06:00:00,2017-06-07 06:00:00
o00372,c0080,delivered,2018-01-11 05:00:00,2018-02-02 05:00:00
o00373,c0080,delivered,2018-08-20 15:00:00,2018-08-27 15:00:00
o00374,c0080,delivered,2018-07-25 05:00:00,2018-08-05 05:00:00
o00375,c0081,delivered,2018-06-07 12:00:00,2018-06-14 12:00:00
o00376,c0081,delivered,2017-02-18 08:00:00,2017-03-07 08:00:00
o00377,c0081,delivered,2018-03-11 05:00:00,2018-03-16 05:00:00
o00378,c0081,delivered,2018-03-03 03:00:00,2018-03-06 03:00:00
o00379,c0082,delivered,2017-10-23 13:00:00,2017-10-30 13:00:00
o00380,c0082,delivered,2017-05-09 05:00:00,2017-05-18 05:00:00
o00381,c0082,delivered,2017-01-06 00:00:00,2017-01-16 00:00:00
o00382,c0083,delivered,2017-01-13 07:00:00,2017-01-28 07:00:00
o00383,c0083,delivered,2017-01-19 14:00:00,2017-02-04 14:00:00
o00384,c0084,delivered,2017-12-15 15:00:00,2018-01-04 15:00:00
o00385,c0084,delivered,2017-02-13 04:00:00,2017-02-22 04:00:00
o00386,c0084,delivered,2018-02-23 20:00:00,2018-03-18 20:00:00
o00387,c0084,delivered,2017-12-20 09:00:00,2017-12-31 09:00:00
o00388,c0084,delivered,2017-02-06 11:00:00,2017-02-19 11:00:00
o00389,c0085,delivered,2017-05-07 18:00:00,2017-05-27 18:00:00
o00390,c0085,delivered,2017-07-03 21:00:00,2017-07-07 21:00:00
o00391,c0085,delivered,2018-07-08 18:00:00,2018-07-15 18:00:00
o00392,c0085,delivered,2018-01-31 07:00:00,2018-02-20 07:00:00
o00393,c0085,delivered,2017-04-08 05:00:00,2017-04-17 05:00:00
o00394,c0085,delivered,2017-05-02 07:00:00,2017-05-17 07:00:00
o00395,c0085,delivered,2018-01-20 13:00:00,2018-01-26 13:00:00
o00396,c0086,delivered,2017-05-04 22:00:00,2017-05-11 22:00:00
o00397,c0086,delivered,2017-03-04 10:00:00,2017-03-06 10:00:00
o00398,c0086,delivered,2017-07-28 20:00:00,2017-08-05 20:00:00
o00399,c0086,delivered,2018-03-04 11:00:00,2018-03-14 11:00:00
o00400,c0086,delivered,2018-02-07 14:00:00,2018-02-16 14:00:00
o00401,c0087,delivered,2017-05-16 22:00:00,2017-05-21 22:00:00
o00402,c0087,delivered,2018-08-07 11:00:00,2018-08-31 11:00:00
o00403,c0087,delivered,2017-08-03 13:00:00,2017-08-19 13:00:00
o00404,c0087,delivered,2017-07-25 05:00:00,2017-08-07 05:00:00
o00405,c0088,delivered,2018-02-08 06:00:00,2018-02-27 06:00:00
o00406,c0088,delivered,2018-01-24 03:00:00,2018-02-16 03:00:00
o00407,c0089,delivered,2017-01-27 15:00:00,2017-02-08 15:00:00
o00408,c0089,delivered,2018-02-02 18:00:00,2018-02-19 18:00:00
o00409,c0089,delivered,2018-01-31 20:00:00,2018-02-18 20:00:00
o00410,c0089,delivered,2018-05-10 09:00:00,2018-05-16 09:00:00
o00411,c0089,delivered,2017-05-23 14:00:00,2017-06-06 14:00:00
o00412,c0089,delivered,2017-02-16 04:00:00,2017-03-12 04:00:00
o00413,c0090,delivered,2018-03-18 18:00:00,2018-03-24 18:00:00
o00414,c0090,delivered,2017-02-09 06:00:00,2017-03-02 06:00:00
o00415,c0090,delivered,2017-11-04 18:00:00,2017-11-17 18:00:00
o00416,c0090,delivered,2017-10-26 14:00:00,2017-11-19 14:00:00
o00417,c0091,delivered,2017-09-23 14:00:00,2017-10-16 14:00:00
o00418,c0091,delivered,2017-08-15 20:00:00,2017-08-29 20:00:00
o00419,c0091,delivered,2018-06-19 11:00:00,2018-07-05 11:00:00
o00420,c0092,delivered,2017-07-16 15:00:00,2017-07-25 15:00:00
o00421,c0093,delivered,2018-01-06 18:00:00,2018-01-18 18:00:00
o00422,c0093,delivered,2017-09-18 07:00:00,2017-10-06 07:00:00
o00423,c0093,delivered,2017-12-26 12:00:00,2017-12-28 12:00:00
o00424,c0093,delivered,2017-03-08 00:00:00,2017-03-29 00:00:00
o00425,c0094,delivered,2018-06-02 01:00:00,2018-06-05 01:00:00
o00426,c0094,delivered,2018-04-21 12:00:00,2018-04-30 12:00:00
o00427,c0094,delivered,2018-01-09 05:00:00,2018-01-15 05:00:00
o00428,c0094,delivered,2017-08-12 21:00:00,2017-08-31 21:00:00
o00429,c0094,delivered,2017-04-26 13:00:00,2017-05-18 13:00:00
o00430,c0095,delivered,2018-08-02 18:00:00,2018-08-06 18:00:00
o00431,c0095,delivered,2017-05-27 05:00:00,2017-06-01 05:00:00
o00432,c0095,delivered,2017-04-17 07:00:00,2017-05-01 07:00:00
o00433,c0096,delivered,2017-08-30 10:00:00,2017-09-06 10:00:00
o00434,c0096,delivered,2017-04-02 23:00:00,2017-04-17 23:00:00
o00435,c0096,delivered,2017-05-20 19:00:00,2017-06-10 19:00:00
o00436,c0097,delivered,2018-08-11 03:00:00,2018-08-27 03:00:00
o00437,c0097,delivered,2018-08-19 19:00:00,2018-08-26 19:00:00
o00438,c0097,delivered,2018-06-27 10:00:00,2018-07-10 10:00:00
o00439,c0098,delivered,2017-12-06 18:00:00,2017-12-10 18:00:00
o00440,c0098,delivered,2017-11-24 19:00:00,2017-12-08 19:00:00
o00441,c0098,delivered,2017-06-17 01:00:00,2017-07-01 01:00:00
o00442,c0098,delivered,2018-03-04 13:00:00,2018-03-28 13:00:00
o00443,c0099,delivered,2018-01-02 12:00:00,2018-01-05 12:00:00
o00444,c0099,delivered,2017-12-06 04:00:00,2017-12-24 04:00:00
o00445,c0100,delivered,2017-04-09 21:00:00,2017-04-17 21:00:00
o00446,c0100,delivered,2017-09-21 03:00:00,2017-09-27 03:00:00
o00447,c0100,delivered,2018-07-15 06:00:00,2018-07-28 06:00:00
o00448,c0100,delivered,2018-08-20 14:00:00,2018-08-22 14:00:00
o00449,c0101,delivered,2017-08-06 09:00:00,2017-08-14 09:00:00
o00450,c0101,delivered,2017-05-27 12:00:00,2017-06-06 12:00:00
o00451,c0101,delivered,2017-06-28 09:00:00,2017-07-07 09:00:00
o00452,c0102,delivered,2017-05-20 10:00:00,2017-06-12 10:00:00
o00453,c0102,delivered,2017-11-04 14:00:00,2017-11-28 14:00:00
o00454,c0102,delivered,2018-01-09 05:00:00,2018-01-20 05:00:00
o00455,c0103,delivered,2017-10-24 11:00:00,2017-10-29 11:00:00
o00456,c0103,delivered,2017-03-06 08:00:00,2017-03-29 08:00:00
o00457,c0103,delivered,2018-03-13 20:00:00,2018-03-19 20:00:00
o00458,c0103,delivered,2017-09-09 13:00:00,2017-09-20 13:00:00
o00459,c0103,delivered,2017-09-11 08:00:00,2017-09-14 08:00:00
o00460,c0103,delivered,2018-06-06 22:00:00,2018-06-09 22:00:00
o00461,c0104,delivered,2017-09-09 12:00:00,2017-09-29 12:00:00
o00462,c0104,delivered,2018-08-23 09:00:00,2018-09-11 09:00:00
o00463,c0104,delivered,2018-07-24 19:00:00,2018-08-01 19:00:00
o00464,c0104,delivered,2018-05-13 09:00:00,2018-05-15 09:00:00
o00465,c0104,delivered,2018-04-07 20:00:00,2018-04-16 20:00:00
o00466,c0104,delivered,2017-10-02 08:00:00,2017-10-06 08:00:00
o00467,c0105,delivered,2018-08-28 00:00:00,2018-09-11 00:00:00
o00468,c0105,delivered,2017-01-10 16:00:00,2017-02-01 16:00:00
o00469,c0105,delivered,2018-01-27 14:00:00,2018-02-17 14:00:00
o00470,c0105,delivered,2018-08-16 20:00:00,2018-08-23 20:00:00
o00471,c0105,delivered,2017-12-09 19:00:00,2017-12-17 19:00:00
o00472,c0105,delivered,2018-02-15 00:00:00,2018-03-09 00:00:00
o00473,c0105,delivered,2018-01-09 17:00:00,2018-01-29 17:00:00
o00474,c0106,delivered,2017-05-14 10:00:00,2017-06-04 10:00:00
o00475,c0106,delivered,2017-04-11 19:00:00,2017-04-19 19:00:00
o00476,c0106,delivered,2017-12-16 12:00:00,2018-01-02 12:00:00
o00477,c0107,delivered,2018-05-24 08:00:00,2018-05-29 08:00:00
o00478,c0107,delivered,2017-09-15 14:00:00,2017-10-04 14:00:00
o00479,c0107,delivered,2018-04-04 08:00:00,2018-04-27 08:00:00
o00480,c0107,delivered,2017-02-20 02:00:00,2017-02-22 02:00:00
o00481,c0108,delivered,2018-07-18 04:00:00,2018-08-02 04:00:00
o00482,c0108,delivered,2018-05-10 18:00:00,2018-06-02 18:00:00
o00483,c0108,delivered,2017-02-02 09:00:00,2017-02-15 09:00:00
o00484,c0108,delivered,2018-02-28 14:00:00,2018-03-14 14:00:00
o00485,c0108,delivered,2017-07-06 02:00:00,2017-07-17 02:00:00
o00486,c0108,delivered,2017-06-07 13:00:00,2017-06-27 13:00:00
o00487,c0108,delivered,2017-12-02 13:00:00,2017-12-04 13:00:00
o00488,c0109,delivered,2018-01-27 10:00:00,2018-01-31 10:00:00
o00489,c0109,delivered,2017-05-11 18:00:00,2017-06-03 18:00:00
o00490,c0109,delivered,2017-11-05 23:00:00,2017-11-11 23:00:00
o00491,c0109,delivered,2017-07-02 22:00:00,2017-07-08 22:00:00
o00492,c0109,delivered,2018-02-05 05:00:00,2018-02-14 05:00:00
o00493,c0109,delivered,2017-10-18 08:00:00,2017-11-09 08:00:00
o00494,c0110,delivered,2018-08-15 12:00:00,2018-08-29 12:00:00
o00495,c0110,delivered,2017-02-03 05:00:00,2017-02-05 05:00:00
o00496,c0110,delivered,2018-06-05 05:00:00,2018-06-14 05:00:00
o00497,c0111,delivered,2018-05-28 17:00:00,2018-06-13 17:00:00
o00498,c0111,delivered,2017-01-24 13:00:00,2017-02-07 13:00:00
o00499,c0111,delivered,2017-07-13 17:00:00,2017-08-05 17:00:00
o00500,c0111,delivered,2017-06-07 07:00:00,2017-06-16 07:00:00
o00501,c0112,delivered,2018-05-23 01:00:00,2018-06-14 01:00:00
o00502,c0112,delivered,2018-04-17 11:00:00,2018-05-02 11:00:00
o00503,c0112,delivered,2018-06-28 18:00:00,2018-07-06 18:00:00
o00504,c0112,delivered,2017-01-31 15:00:00,2017-02-05 15:00:00
o00505,c0112,delivered,2017-02-23 23:00:00,2017-03-07 23:00:00
o00506,c0112,delivered,2018-01-31 05:00:00,2018-02-04 05:00:00
o00507,c0112,delivered,2017-02-08 08:00:00,2017-02-10 08:00:00
o00508,c0112,delivered,2017-09-13 07:00:00,2017-09-27 07:00:00
o00509,c0113,delivered,2017-12-25 07:00:00,2018-01-06 07:00:00
o00510,c0113,delivered,2017-02-17 07:00:00,2017-03-13 07:00:00
o00511,c0113,delivered,2018-08-26 11:00:00,2018-09-18 11:00:00
o00512,c0113,delivered,2017-11-01 03:00:00,2017-11-22 03:00:00
o00513,c0113,delivered,2017-09-10 14:00:00,2017-09-26 14:00:00
o00514,c0114,delivered,2017-07-07 17:00:00,2017-07-20 17:00:00
o00515,c0114,delivered,2017-08-11 07:00:00,2017-08-30 07:00:00
o00516,c0115,delivered,2017-06-01 02:00:00,2017-06-23 02:00:00
o00517,c0115,delivered,2017-07-21 15:00:00,2017-08-08 15:00:00
o00518,c0116,delivered,2018-05-25 15:00:00,2018-06-12 15:00:00
o00519,c0116,delivered,2018-05-25 22:00:00,2018-05-28 22:00:00
o00520,c0116,delivered,2018-03-28 04:00:00,2018-04-19 04:00:00
o00521,c0116,delivered,2017-01-30 05:00:00,2017-02-05 05:00:00
o00522,c0116,delivered,2018-01-02 00:00:00,2018-01-04 00:00:00
o00523,c0117,delivered,2017-11-03 23:00:00,2017-11-17 23:00:00
o00524,c0117,delivered,2017-09-29 15:00:00,2017-10-13 15:00:00
o00525,c0117,delivered,2017-08-23 14:00:00,2017-08-25 14:00:00
o00526,c0117,delivered,2017-05-29 16:00:00,2017-06-07 16:00:00
o00527,c0117,delivered,2017-02-03 02:00:00,2017-02-24 02:00:00
o00528,c0117,delivered,2017-07-20 00:00:00,2017-08-07 00:00:00
o00529,c0118,delivered,2017-11-19 10:00:00,2017-12-11 10:00:00
o00530,c0118,delivered,2017-07-10 13:00:00,2017-07-29 13:00:00
o00531,c0118,delivered,2018-01-05 04:00:00,2018-01-22 04:00:00
o00532,c0118,delivered,2018-03-28 02:00:00,2018-04-02 02:00:00
o00533,c0118,delivered,2018-02-15 02:00:00,2018-03-09 02:00:00
o00534,c0118,delivered,2017-03-08 23:00:00,2017-03-25 23:00:00
o00535,c0118,delivered,2017-09-27 06:00:00,2017-10-06 06:00:00
o00536,c0119,delivered,2018-04-01 18:00:00,2018-04-07 18:00:00
o00537,c0119,delivered,2017-11-27 23:00:00,2017-12-04 23:00:00
o00538,c0119,delivered,2018-02-26 04:00:00,2018-03-19 04:00:00
o00539,c0119,delivered,2017-04-14 07:00:00,2017-04-26 07:00:00
o00540,c0119,delivered,2017-08-14 04:00:00,2017-08-30 04:00:00
o00541,c0120,delivered,2017-01-12 23:00:00,2017-01-15 23:00:00
o00542,c0120,delivered,2017-07-22 22:00:00,2017-07-27 22:00:00
o00543,c0120,delivered,2017-02-14 17:00:00,2017-02-17 17:00:00
o00544,c0120,delivered,2018-07-01 10:00:00,2018-07-22 10:00:00
o00545,c0120,delivered,2017-05-30 03:00:00,2017-06-23 03:00:00
o00546,c0120,delivered,2018-04-09 21:00:00,2018-04-18 21:00:00
o00547,c0120,delivered,2017-09-04 13:00:00,2017-09-16 13:00:00
o00548,c0121,delivered,2017-05-28 09:00:00,2017-06-13 09:00:00
o00549,c0121,delivered,2017-01-24 08:00:00,2017-02-01 08:00:00
o00550,c0121,delivered,2017-02-12 02:00:00,2017-02-25 02:00:00
o00551,c0121,delivered,2017-03-04 08:00:00,2017-03-18 08:00:00
o00552,c0121,delivered,2018-06-16 02:00:00,2018-06-27 02:00:00
o00553,c0122,delivered,2017-03-04 10:00:00,2017-03-17 10:00:00
o00554,c0122,delivered,2018-05-01 10:00:00,2018-05-24 10:00:00
o00555,c0122,delivered,2017-03-25 01:00:00,2017-03-27 01:00:00
o00556,c0123,delivered,2017-08-05 04:00:00,2017-08-09 04:00:00
o00557,c0123,delivered,2017-05-24 23:00:00,2017-06-13 23:00:00
o00558,c0123,delivered,2017-01-12 21:00:00,2017-01-18 21:00:00
o00559,c0123,delivered,2017-09-04 07:00:00,2017-09-15 07:00:00
o00560,c0124,delivered,2018-04-08 17:00:00,2018-04-23 17:00:00
o00561,c0124,delivered,2018-01-17 17:00:00,2018-01-23 17:00:00
o00562,c0124,delivered,2017-08-29 02:00:00,2017-09-16 02:00:00
o00563,c0124,delivered,2017-09-24 15:00:00,2017-10-08 15:00:00
o00564,c0125,delivered,2017-06-16 03:00:00,2017-07-10 03:00:00
o00565,c0125,delivered,2017-06-28 02:00:00,2017-07-07 02:00:00
o00566,c0125,delivered,2018-07-03 06:00:00,2018-07-27 06:00:00
o00567,c0125,delivered,2017-10-08 20:00:00,2017-10-25 20:00:00
o00568,c0126,delivered,2017-01-27 12:00:00,2017-02-07 12:00:00
o00569,c0126,delivered,2017-05-03 13:00:00,2017-05-07 13:00:00
o00570,c0126,delivered,2018-03-01 19:00:00,2018-03-05 19:00:00
o00571,c0127,delivered,2017-10-19 15:00:00,2017-10-22 15:00:00
o00572,c0127,delivered,2017-08-25 06:00:00,2017-08-27 06:00:00
o00573,c0127,delivered,2018-05-04 10:00:00,2018-05-23 10:00:00
o00574,c0127,delivered,2017-12-23 21:00:00,2018-01-16 21:00:00
o00575,c0127,delivered,2018-01-02 08:00:00,2018-01-13 08:00:00
o00576,c0128,delivered,2018-05-17 10:00:00,2018-05-30 10:00:00
o00577,c0128,delivered,2017-04-28 23:00:00,2017-05-14 23:00:00
o00578,c0128,delivered,2017-07-20 14:00:00,2017-07-31 14:00:00
o00579,c0128,delivered,2017-04-05 20:00:00,2017-04-27 20:00:00
o00580,c0128,delivered,2018-05-23 08:00:00,2018-05-30 08:00:00
o00581,c0128,delivered,2017-01-31 17:00:00,2017-02-09 17:00:00
o00582,c0129,delivered,2018-06-27 20:00:00,2018-07-01 20:00:00
o00583,c0129,delivered,2018-07-12 03:00:00,2018-07-25 03:00:00
o00584,c0129,delivered,2017-10-16 22:00:00,2017-11-02 22:00:00
o00585,c0129,delivered,2018-06-17 14:00:00,2018-07-07 14:00:00
o00586,c0130,delivered,2018-06-03 20:00:00,2018-06-14 20:00:00
o00587,c0130,delivered,2017-08-21 23:00:00,2017-09-09 23:00:00
o00588,c0130,delivered,2018-07-12 13:00:00,2018-08-04 13:00:00
o00589,c0130,delivered,2018-03-14 17:00:00,2018-03-20 17:00:00
o00590,c0131,delivered,2017-12-11 17:00:00,2017-12-30 17:00:00
o00591,c0131,delivered,2018-08-06 07:00:00,2018-08-14 07:00:00
o00592,c0131,delivered,2018-08-13 23:00:00,2018-08-19 23:00:00
o00593,c0131,delivered,2017-08-19 22:00:00,2017-08-25 22:00:00
o00594,c0132,delivered,2018-04-22 02:00:00,2018-04-28 02:00:00
o00595,c0132,delivered,2018-04-23 14:00:00,2018-05-07 14:00:00
o00596,c0132,delivered,2018-06-05 07:00:00,2018-06-18 07:00:00
o00597,c0132,delivered,2018-01-05 17:00:00,2018-01-14 17:00:00
o00598,c0132,delivered,2018-01-21 10:00:00,2018-02-04 10:00:00
o00599,c0132,delivered,2018-06-09 09:00:00,2018-06-26 09:00:00
o00600,c0133,delivered,2018-07-27 18:00:00,2018-08-20 18:00:00
o00601,c0133,delivered,2017-12-21 06:00:00,2018-01-14 06:00:00
o00602,c0134,delivered,2018-01-27 05:00:00,2018-02-05 05:00:00
o00603,c0134,delivered,2017-06-09 20:00:00,2017-06-13 20:00:00
o00604,c0134,delivered,2018-03-26 13:00:00,2018-03-29 13:00:00
o00605,c0134,delivered,2018-01-08 18:00:00,2018-01-26 18:00:00
o00606,c0135,delivered,2017-11-18 08:00:00,2017-11-23 08:00:00
o00607,c0135,delivered,2017-01-08 08:00:00,2017-01-24 08:00:00
o00608,c0135,delivered,2017-01-23 23:00:00,2017-02-07 23:00:00
o00609,c0135,delivered,2017-06-29 23:00:00,2017-07-05 23:00:00
o00610,c0135,delivered,2018-08-06 06:00:00,2018-08-16 06:00:00
o00611,c0135,delivered,2017-09-16 23:00:00,2017-09-23 23:00:00
o00612,c0135,delivered,2018-08-15 08:00:00,2018-08-23 08:00:00
o00613,c0135,delivered,2018-01-24 16:00:00,2018-02-02 16:00:00
o00614,c0135,delivered,2017-03-23 09:00:00,2017-04-06 09:00:00
o00615,c0136,delivered,2017-01-25 01:00:00,2017-02-17 01:00:00
o00616,c0136,delivered,2017-01-22 09:00:00,2017-02-10 09:00:00
o00617,c0136,delivered,2017-07-19 11:00:00,2017-07-22 11:00:00
o00618,c0136,delivered,2018-04-29 15:00:00,2018-05-20 15:00:00
o00619,c0136,delivered,2018-06-10 08:00:00,2018-06-12 08:00:00
o00620,c0136,delivered,2017-07-30 03:00:00,2017-08-13 03:00:00
o00621,c0136,delivered,2017-03-31 22:00:00,2017-04-15 22:00:00
o00622,c0136,delivered,2017-06-03 22:00:00,2017-06-22 22:00:00
o00623,c0136,delivered,2017-09-24 03:00:00,2017-10-03 03:00:00
o00624,c0137,delivered,2017-12-22 18:00:00,2017-12-30 18:00:00
o00625,c0137,delivered,2018-03-28 06:00:00,2018-04-04 06:00:00
o00626,c0137,delivered,2017-09-29 03:00:00,2017-10-10 03:00:00
o00627,c0138,delivered,2017-08-06 06:00:00,2017-08-25 06:00:00
o00628,c0138,delivered,2017-07-21 16:00:00,2017-08-08 16:00:00
o00629,c0138,delivered,2018-02-09 06:00:00,2018-03-02 06:00:00
o00630,c0139,delivered,2017-05-24 06:00:00,2017-06-15 06:00:00
o00631,c0139,delivered,2017-07-26 16:00:00,2017-07-28 16:00:00
o00632,c0139,delivered,2018-01-09 20:00:00,2018-01-27 20:00:00
o00633,c0140,delivered,2017-12-21 20:00:00,2017-12-29 20:00:00
o00634,c0140,delivered,2017-08-18 01:00:00,2017-09-05 01:00:00
o00635,c0140,delivered,2018-03-16 18:00:00,2018-04-04 18:00:00
o00636,c0140,delivered,2017-03-19 15:00:00,2017-04-07 15:00:00
o00637,c0141,delivered,2017-05-04 11:00:00,2017-05-27 11:00:00
o00638,c0141,delivered,2017-09-10 18:00:00,2017-09-24 18:00:00
o00639,c0141,delivered,2018-02-04 15:00:00,2018-02-20 15:00:00
o00640,c0141,delivered,2018-04-19 21:00:00,2018-04-27 21:00:00
o00641,c0141,delivered,2018-07-19 15:00:00,2018-08-03 15:00:00
o00642,c0142,delivered,2017-07-19 10:00:00,2017-08-04 10:00:00
o00643,c0142,delivered,2017-08-10 06:00:00,2017-08-30 06:00:00
o00644,c0143,delivered,2017-09-10 15:00:00,2017-09-12 15:00:00
o00645,c0143,delivered,2017-02-16 20:00:00,2017-02-21 20:00:00
o00646,c0143,delivered,2018-04-29 21:00:00,2018-05-12 21:00:00
o00647,c0143,delivered,2018-06-22 10:00:00,2018-07-15 10:00:00
o00648,c0143,delivered,2017-05-25 10:00:00,2017-06-04 10:00:00
o00649,c0143,delivered,2018-04-22 01:00:00,2018-05-13 01:00:00
o00650,c0144,delivered,2017-01-15 07:00:00,2017-01-30 07:00:00
o00651,c0144,delivered,2017-03-30 11:00:00,2017-04-23 11:00:00
o00652,c0144,delivered,2018-05-16 00:00:00,2018-05-31 00:00:00
o00653,c0144,delivered,2017-12-30 01:00:00,2018-01-15 01:00:00
o00654,c0144,delivered,2017-11-13 16:00:00,2017-11-21 16:00:00
o00655,c0144,delivered,2017-06-05 17:00:00,2017-06-23 17:00:00
o00656,c0145,delivered,2017-04-09 05:00:00,2017-04-24 05:00:00
o00657,c0145,delivered,2018-05-20 04:00:00,2018-05-27 04:00:00
o00658,c0145,delivered,2018-05-07 16:00:00,2018-05-29 16:00:00
o00659,c0145,delivered,2018-04-22 22:00:00,2018-04-28 22:00:00
o00660,c0145,delivered,2017-06-15 05:00:00,2017-06-18 05:00:00
o00661,c0146,delivered,2018-04-19 15:00:00,2018-04-22 15:00:00
o00662,c0146,delivered,2017-05-01 04:00:00,2017-05-12 04:00:00
o00663,c0146,delivered,2017-10-04 06:00:00,2017-10-27 06:00:00
o00664,c0146,delivered,2017-05-10 13:00:00,2017-05-22 13:00:00
o00665,c0147,delivered,2017-08-24 19:00:00,2017-09-17 19:00:00
o00666,c0147,delivered,2017-01-04 11:00:00,2017-01-08 11:00:00
o00667,c0147,delivered,2017-09-21 14:00:00,2017-10-02 14:00:00
o00668,c0147,delivered,2017-07-07 07:00:00,2017-07-15 07:00:00
o00669,c0147,delivered,2017-07-18 08:00:00,2017-08-04 08:00:00
o00670,c0148,delivered,2017-02-28 00:00:00,2017-03-13 00:00:00
o00671,c0148,delivered,2018-02-19 06:00:00,2018-02-25 06:00:00
o00672,c0148,delivered,2018-01-15 09:00:00,2018-02-02 09:00:00
o00673,c0149,delivered,2017-03-31 02:00:00,2017-04-14 02:00:00
o00674,c0149,delivered,2017-08-27 17:00:00,2017-09-09 17:00:00
o00675,c0149,delivered,2017-08-04 03:00:00,2017-08-09 03:00:00
o00676,c0149,delivered,2018-04-05 05:00:00,2018-04-18 05:00:00
o00677,c0149,delivered,2018-05-13 21:00:00,2018-05-21 21:00:00
o00678,c0149,delivered,2017-03-08 18:00:00,2017-03-25 18:00:00
o00679,c0150,delivered,2017-07-21 14:00:00,2017-07-27 14:00:00
o00680,c0150,delivered,2018-03-03 17:00:00,2018-03-11 17:00:00
o00681,c0150,delivered,2017-10-12 08:00:00,2017-10-14 08:00:00
o00682,c0151,delivered,2017-03-19 23:00:00,2017-03-31 23:00:00
o00683,c0151,delivered,2017-03-31 01:00:00,2017-04-10 01:00:00
o00684,c0151,delivered,2018-08-21 09:00:00,2018-09-14 09:00:00
o00685,c0151,delivered,2017-10-25 18:00:00,2017-11-14 18:00:00
o00686,c0152,delivered,2017-01-18 00:00:00,2017-02-10 00:00:00
o00687,c0152,delivered,2018-07-21 03:00:00,2018-08-06 03:00:00
o00688,c0152,delivered,2018-07-16 22:00:00,2018-07-24 22:00:00
o00689,c0152,delivered,2018-05-12 15:00:00,2018-06-04 15:00:00
o00690,c0152,delivered,2017-03-31 14:00:00,2017-04-02 14:00:00
o00691,c0153,delivered,2017-08-06 00:00:00,2017-08-18 00:00:00
o00692,c0153,delivered,2018-05-09 15:00:00,2018-05-18 15:00:00
o00693,c0153,delivered,2017-09-17 08:00:00,2017-10-05 08:00:00
o00694,c0153,delivered,2017-06-11 02:00:00,2017-06-24 02:00:00
o00695,c0153,delivered,2018-05-20 11:00:00,2018-05-26 11:00:00
o00696,c0153,delivered,2017-01-29 22:00:00,2017-02-17 22:00:00
o00697,c0153,delivered,2017-04-05 01:00:00,2017-04-09 01:00:00
o00698,c0153,delivered,2017-08-17 19:00:00,2017-08-22 19:00:00
o00699,c0154,delivered,2018-05-13 00:00:00,2018-05-31 00:00:00
o00700,c0154,delivered,2017-06-21 23:00:00,2017-07-03 23:00:00
o00701,c0154,delivered,2017-06-14 05:00:00,2017-07-05 05:00:00
o00702,c0154,delivered,2017-09-03 08:00:00,2017-09-21 08:00:00
o00703,c0154,delivered,2017-11-23 15:00:00,2017-12-05 15:00:00
o00704,c0154,delivered,2017-02-08 00:00:00,2017-02-10 00:00:00
o00705,c0154,delivered,2017-12-16 12:00:00,2018-01-04 12:00:00
o00706,c0155,delivered,2018-06-28 04:00:00,2018-07-22 04:00:00
o00707,c0155,delivered,2018-07-21 14:00:00,2018-08-04 14:00:00
o00708,c0155,delivered,2017-04-18 04:00:00,2017-04-20 04:00:00
o00709,c0155,delivered,2018-01-28 10:00:00,2018-02-03 10:00:00
o00710,c0155,delivered,2017-03-23 01:00:00,2017-04-08 01:00:00
o00711,c0156,delivered,2018-02-21 15:00:00,2018-02-25 15:00:00
o00712,c0156,delivered,2017-01-26 02:00:00,2017-02-14 02:00:00
o00713,c0156,delivered,2018-03-26 07:00:00,2018-03-29 07:00:00
o00714,c0156,delivered,2017-07-14 19:00:00,2017-07-19 19:00:00
o00715,c0156,delivered,2018-04-30 11:00:00,2018-05-05 11:00:00
o00716,c0157,delivered,2018-07-22 12:00:00,2018-08-08 12:00:00
o00717,c0157,delivered,2017-02-28 08:00:00,2017-03-16 08:00:00
o00718,c0157,delivered,2018-01-28 01:00:00,2018-02-12 01:00:00
o00719,c0158,delivered,2018-07-29 18:00:00,2018-08-04 18:00:00
o00720,c0158,delivered,2018-07-09 16:00:00,2018-07-12 16:00:00
o00721,c0158,delivered,2017-03-20 22:00:00,2017-03-26 22:00:00
o00722,c0158,delivered,2017-02-28 10:00:00,2017-03-14 10:00:00
o00723,c0159,delivered,2017-12-15 15:00:00,2018-01-08 15:00:00
o00724,c0159,delivered,2018-04-07 00:00:00,2018-04-11 00:00:00
o00725,c0159,delivered,2017-01-01 09:00:00,2017-01-11 09:00:00
o00726,c0159,delivered,2018-07-22 08:00:00,2018-07-24 08:00:00
o00727,c0159,delivered,2018-06-22 06:00:00,2018-07-14 06:00:00
o00728,c0160,delivered,2018-04-16 21:00:00,2018-05-06 21:00:00
o00729,c0160,delivered,2017-03-29 15:00:00,2017-04-09 15:00:00
o00730,c0160,delivered,2018-01-18 17:00:00,2018-01-31 17:00:00
o00731,c0161,delivered,2017-07-10 21:00:00,2017-07-27 21:00:00
o00732,c0161,delivered,2018-06-23 05:00:00,2018-07-14 05:00:00
o00733,c0161,delivered,2017-07-16 11:00:00,2017-08-06 11:00:00
o00734,c0161,delivered,2017-08-04 06:00:00,2017-08-27 06:00:00
o00735,c0162,delivered,2018-08-10 07:00:00,2018-08-19 07:00:00
o00736,c0162,delivered,2017-05-19 00:00:00,2017-06-02 00:00:00
o00737,c0162,delivered,2017-06-04 20:00:00,2017-06-09 20:00:00
o00738,c0162,delivered,2018-01-22 12:00:00,2018-02-07 12:00:00
o00739,c0162,delivered,2017-03-10 11:00:00,2017-03-26 11:00:00
o00740,c0162,delivered,2017-07-27 20:00:00,2017-08-10 20:00:00
o00741,c0162,delivered,2017-08-09 00:00:00,2017-08-14 00:00:00
o00742,c0163,delivered,2017-10-17 09:00:00,2017-11-08 09:00:00
o00743,c0163,delivered,2018-04-23 03:00:00,2018-05-08 03:00:00
o00744,c0163,delivered,2017-10-04 02:00:00,2017-10-21 02:00:00
o00745,c0164,delivered,2017-11-23 02:00:00,2017-12-05 02:00:00
o00746,c0164,delivered,2018-03-21 07:00:00,2018-03-31 07:00:00
o00747,c0164,delivered,2017-03-08 04:00:00,2017-04-01 04:00:00
o00748,c0164,delivered,2018-01-13 04:00:00,2018-01-26 04:00:00
o00749,c0165,delivered,2017-04-28 10:00:00,2017-05-03 10:00:00
o00750,c0165,delivered,2018-01-12 13:00:00,2018-01-28 13:00:00
o00751,c0165,delivered,2017-09-27 06:00:00,2017-10-04 06:00:00
o00752,c0166,delivered,2017-05-11 10:00:00,2017-05-23 10:00:00
o00753,c0166,delivered,2018-02-14 01:00:00,2018-02-22 01:00:00
o00754,c0166,delivered,2018-06-03 21:00:00,2018-06-26 21:00:00
o00755,c0167,delivered,2017-07-06 03:00:00,2017-07-12 03:00:00
o00756,c0167,delivered,2017-03-22 22:00:00,2017-04-13 22:00:00
o00757,c0167,delivered,2018-05-08 17:00:00,2018-05-17 17:00:00
o00758,c0167,delivered,2017-10-17 20:00:00,2017-11-06 20:00:00
o00759,c0167,delivered,2017-11-12 20:00:00,2017-11-21 20:00:00
o00760,c0167,delivered,2017-09-09 20:00:00,2017-09-19 20:00:00
o00761,c0167,delivered,2018-04-03 10:00:00,2018-04-11 10:00:00
o00762,c0167,delivered,2017-05-14 14:00:00,2017-05-27 14:00:00
o00763,c0167,delivered,2017-08-13 17:00:00,2017-08-15 17:00:00
o00764,c0167,delivered,2017-02-26 23:00:00,2017-03-15 23:00:00
o00765,c0167,delivered,2017-12-01 00:00:00,2017-12-16 00:00:00
o00766,c0167,delivered,2017-09-22 14:00:00,2017-09-24 14:00:00
o00767,c0168,delivered,2017-12-01 13:00:00,2017-12-09 13:00:00
o00768,c0169,delivered,2017-02-03 23:00:00,2017-02-21 23:00:00
o00769,c0169,delivered,2018-01-13 18:00:00,2018-01-30 18:00:00
o00770,c0169,delivered,2017-03-23 10:00:00,2017-04-14 10:00:00
o00771,c0169,delivered,2017-06-25 23:00:00,2017-06-28 23:00:00
o00772,c0169,delivered,2017-07-21 08:00:00,2017-08-06 08:00:00
o00773,c0170,delivered,2017-04-18 05:00:00,2017-05-05 05:00:00
o00774,c0170,delivered,2017-06-23 21:00:00,2017-07-15 21:00:00
o00775,c0170,delivered,2017-07-04 13:00:00,2017-07-13 13:00:00
o00776,c0171,delivered,2017-07-29 16:00:00,2017-08-06 16:00:00
o00777,c0171,delivered,2017-04-01 06:00:00,2017-04-24 06:00:00
o00778,c0171,delivered,2017-06-07 08:00:00,2017-06-23 08:00:00
o00779,c0171,delivered,2017-03-03 06:00:00,2017-03-09 06:00:00
o00780,c0171,delivered,2018-07-17 22:00:00,2018-08-05 22:00:00
o00781,c0171,delivered,2017-05-31 14:00:00,2017-06-17 14:00:00
o00782,c0171,delivered,2018-06-13 03:00:00,2018-07-01 03:00:00
o00783,c0171,delivered,2017-04-29 13:00:00,2017-05-21 13:00:00
o00784,c0172,delivered,2017-02-07 03:00:00,2017-02-27 03:00:00
o00785,c0172,delivered,2017-01-12 16:00:00,2017-01-25 16:00:00
o00786,c0172,delivered,2017-07-30 20:00:00,2017-08-20 20:00:00
o00787,c0172,delivered,2017-07-18 00:00:00,2017-07-22 00:00:00
o00788,c0172,delivered,2017-03-07 23:00:00,2017-03-22 23:00:00
o00789,c0172,delivered,2018-02-16 05:00:00,2018-03-09 05:00:00
o00790,c0173,delivered,2018-03-16 18:00:00,2018-03-28 18:00:00
o00791,c0173,delivered,2018-03-01 13:00:00,2018-03-11 13:00:00
o00792,c0174,delivered,2017-12-28 07:00:00,2018-01-20 07:00:00
o00793,c0174,delivered,2018-03-12 17:00:00,2018-03-30 17:00:00
o00794,c0174,delivered,2017-09-30 22:00:00,2017-10-06 22:00:00
o00795,c0174,delivered,2017-12-12 01:00:00,2017-12-20 01:00:00
o00796,c0174,delivered,2017-12-16 11:00:00,2018-01-08 11:00:00
o00797,c0174,delivered,2018-01-09 09:00:00,2018-01-20 09:00:00
o00798,c0175,delivered,2018-01-07 18:00:00,2018-01-15 18:00:00
o00799,c0175,delivered,2017-12-22 13:00:00,2017-12-24 13:00:00
o00800,c0175,delivered,2018-07-09 13:00:00,2018-07-16 13:00:00
o00801,c0175,delivered,2018-01-21 16:00:00,2018-02-13 16:00:00
o00802,c0176,delivered,2017-01-21 09:00:00,2017-01-27 09:00:00
o00803,c0176,delivered,2017-12-16 12:00:00,2017-12-28 12:00:00
o00804,c0176,delivered,2018-08-21 12:00:00,2018-09-01 12:00:00
o00805,c0176,delivered,2017-02-10 06:00:00,2017-03-04 06:00:00
o00806,c0176,delivered,2017-10-02 21:00:00,2017-10-16 21:00:00
o00807,c0176,delivered,2017-11-30 10:00:00,2017-12-14 10:00:00
o00808,c0177,delivered,2017-02-10 01:00:00,2017-02-22 01:00:00
o00809,c0177,delivered,2017-12-30 13:00:00,2018-01-10 13:00:00
o00810,c0177,delivered,2017-06-28 17:00:00,2017-07-13 17:00:00
o00811,c0177,delivered,2017-01-29 10:00:00,2017-02-16 10:00:00
o00812,c0177,delivered,2018-04-22 06:00:00,2018-05-15 06:00:00
o00813,c0178,delivered,2018-02-01 10:00:00,2018-02-17 10:00:00
o00814,c0178,delivered,2018-06-14 05:00:00,2018-06-19 05:00:00
o00815,c0178,delivered,2017-09-25 02:00:00,2017-10-16 02:00:00
o00816,c0178,delivered,2018-08-14 14:00:00,2018-09-07 14:00:00
o00817,c0179,delivered,2017-02-11 15:00:00,2017-02-23 15:00:00
o00818,c0179,delivered,2017-06-18 07:00:00,2017-07-02 07:00:00
o00819,c0179,delivered,2018-01-26 03:00:00,2018-02-11 03:00:00
o00820,c0180,delivered,2018-07-18 00:00:00,2018-08-09 00:00:00
o00821,c0180,delivered,2018-01-05 08:00:00,2018-01-23 08:00:00
o00822,c0180,delivered,2018-01-11 18:00:00,2018-01-14 18:00:00
o00823,c0180,delivered,2017-02-05 15:00:00,2017-02-13 15:00:00
o00824,c0181,delivered,2017-05-25 10:00:00,2017-06-12 10:00:00
o00825,c0181,delivered,2017-04-20 23:00:00,2017-05-01 23:00:00
o00826,c0181,delivered,2017-04-02 01:00:00,2017-04-23 01:00:00
o00827,c0181,delivered,2017-03-10 10:00:00,2017-03-27 10:00:00
o00828,c0182,delivered,2017-11-08 06:00:00,2017-11-12 06:00:00
o00829,c0182,delivered,2018-03-09 11:00:00,2018-03-12 11:00:00
o00830,c0182,delivered,2017-04-21 13:00:00,2017-04-26 13:00:00
o00831,c0182,delivered,2017-08-27 02:00:00,2017-09-16 02:00:00
o00832,c0182,delivered,2018-01-19 18:00:00,2018-01-22 18:00:00
o00833,c0183,delivered,2017-08-17 06:00:00,2017-09-02 06:00:00
o00834,c0183,delivered,2018-05-15 05:00:00,2018-06-03 05:00:00
o00835,c0183,delivered,2017-12-19 19:00:00,2017-12-22 19:00:00
o00836,c0183,delivered,2018-08-26 10:00:00,2018-09-03 10:00:00
o00837,c0183,delivered,2017-04-22 23:00:00,2017-05-14 23:00:00
o00838,c0183,delivered,2017-03-21 10:00:00,2017-04-08 10:00:00
o00839,c0184,delivered,2017-12-26 04:00:00,2018-01-05 04:00:00
o00840,c0184,delivered,2017-08-12 06:00:00,2017-09-05 06:00:00
o00841,c0184,delivered,2017-05-04 16:00:00,2017-05-26 16:00:00
o00842,c0184,delivered,2018-04-29 19:00:00,2018-05-04 19:00:00
o00843,c0185,delivered,2017-03-23 18:00:00,2017-04-11 18:00:00
o00844,c0185,delivered,2018-03-28 10:00:00,2018-04-11 10:00:00
o00845,c0185,delivered,2017-01-10 06:00:00,2017-01-24 06:00:00
o00846,c0186,delivered,2017-03-18 03:00:00,2017-03-21 03:00:00
o00847,c0186,delivered,2017-05-08 23:00:00,2017-05-26 23:00:00
o00848,c0186,delivered,2018-07-31 06:00:00,2018-08-15 06:00:00
o00849,c0186,delivered,2018-06-27 08:00:00,2018-07-14 08:00:00
o00850,c0186,delivered,2018-02-26 19:00:00,2018-03-22 19:00:00
o00851,c0186,delivered,2018-01-10 13:00:00,2018-01-31 13:00:00
o00852,c0187,delivered,2018-02-21 08:00:00,2018-03-09 08:00:00
o00853,c0187,delivered,2017-11-30 05:00:00,2017-12-13 05:00:00
o00854,c0187,delivered,2018-01-15 21:00:00,2018-01-30 21:00:00
o00855,c0187,delivered,2017-04-11 23:00:00,2017-04-26 23:00:00
o00856,c0188,delivered,2017-06-24 18:00:00,2017-07-04 18:00:00
o00857,c0188,delivered,2017-08-13 20:00:00,2017-09-03 20:00:00
o00858,c0188,delivered,2017-11-15 08:00:00,2017-12-06 08:00:00
o00859,c0188,delivered,2017-04-16 17:00:00,2017-05-01 17:00:00
o00860,c0189,delivered,2018-06-04 10:00:00,2018-06-25 10:00:00
o00861,c0189,delivered,2017-01-10 18:00:00,2017-01-13 18:00:00
o00862,c0189,delivered,2018-01-26 04:00:00,2018-02-19 04:00:00
o00863,c0189,delivered,2018-04-13 02:00:00,2018-05-05 02:00:00
o00864,c0190,delivered,2017-06-03 13:00:00,2017-06-06 13:00:00
o00865,c0190,delivered,2017-03-06 05:00:00,2017-03-20 05:00:00
o00866,c0190,delivered,2017-11-27 20:00:00,2017-12-02 20:00:00
o00867,c0190,delivered,2018-04-01 00:00:00,2018-04-09 00:00:00
o00868,c0190,delivered,2017-04-17 02:00:00,2017-05-02 02:00:00
o00869,c0191,delivered,2018-07-02 16:00:00,2018-07-23 16:00:00
o00870,c0191,delivered,2017-12-26 01:00:00,2018-01-04 01:00:00
o00871,c0191,delivered,2018-05-16 01:00:00,2018-05-20 01:00:00
o00872,c0191,delivered,2018-05-22 01:00:00,2018-06-15 01:00:00
o00873,c0191,delivered,2018-04-07 15:00:00,2018-04-21 15:00:00
o00874,c0192,delivered,2017-02-24 09:00:00,2017-03-16 09:00:00
o00875,c0192,delivered,2018-07-04 10:00:00,2018-07-25 10:00:00
o00876,c0192,delivered,2018-04-18 01:00:00,2018-05-04 01:00:00
o00877,c0192,delivered,2018-01-10 13:00:00,2018-01-29 13:00:00
o00878,c0192,delivered,2018-06-25 13:00:00,2018-07-04 13:00:00
o00879,c0192,delivered,2018-08-21 23:00:00,2018-09-07 23:00:00
o00880,c0192,delivered,2018-01-25 02:00:00,2018-02-05 02:00:00
o00881,c0192,delivered,2017-05-01 12:00:00,2017-05-22 12:00:00
o00882,c0192,delivered,2017-05-17 23:00:00,2017-05-21 23:00:00
o00883,c0192,delivered,2017-03-01 23:00:00,2017-03-05 23:00:00
o00884,c0193,delivered,2018-03-23 18:00:00,2018-04-01 18:00:00
o00885,c0193,delivered,2017-02-09 07:00:00,2017-02-12 07:00:00
o00886,c0194,delivered,2018-02-13 21:00:00,2018-03-09 21:00:00
o00887,c0194,delivered,2018-05-02 18:00:00,2018-05-24 18:00:00
o00888,c0194,delivered,2018-04-14 15:00:00,2018-05-08 15:00:00
o00889,c0194,delivered,2017-07-16 09:00:00,2017-08-07 09:00:00
o00890,c0194,delivered,2017-07-09 07:00:00,2017-07-14 07:00:00
o00891,c0194,delivered,2017-06-17 14:00:00,2017-07-09 14:00:00
o00892,c0194,delivered,2017-03-24 16:00:00,2017-04-12 16:00:00
o00893,c0195,delivered,2018-06-29 18:00:00,2018-07-04 18:00:00
o00894,c0195,delivered,2017-10-25 22:00:00,2017-11-16 22:00:00
o00895,c0195,delivered,2018-01-08 23:00:00,2018-01-25 23:00:00
o00896,c0195,delivered,2017-02-09 21:00:00,2017-02-14 21:00:00
o00897,c0195,delivered,2017-08-20 05:00:00,2017-09-07 05:00:00
o00898,c0195,delivered,2017-01-19 15:00:00,2017-02-09 15:00:00
o00899,c0195,delivered,2018-04-24 07:00:00,2018-05-16 07:00:00
o00900,c0196,delivered,2017-08-09 16:00:00,2017-08-22 16:00:00
o00901,c0196,delivered,2017-02-11 00:00:00,2017-02-17 00:00:00
o00902,c0196,delivered,2018-07-23 22:00:00,2018-08-03 22:00:00
o00903,c0196,delivered,2018-08-12 01:00:00,2018-09-05 01:00:00
o00904,c0196,delivered,2017-05-21 00:00:00,2017-06-09 00:00:00
o00905,c0196,delivered,2017-08-21 07:00:00,2017-09-09 07:00:00
o00906,c0196,delivered,2017-07-22 18:00:00,2017-07-28 18:00:00
o00907,c0197,delivered,2017-02-22 07:00:00,2017-03-10 07:00:00
o00908,c0197,delivered,2017-05-17 03:00:00,2017-06-05 03:00:00
o00909,c0197,delivered,2017-10-27 10:00:00,2017-11-03 10:00:00
o00910,c0197,delivered,2017-01-11 01:00:00,2017-01-28 01:00:00
o00911,c0197,delivered,2017-02-18 05:00:00,2017-03-12 05:00:00
o00912,c0197,delivered,2017-07-29 17:00:00,2017-08-07 17:00:00
o00913,c0197,delivered,2018-07-21 19:00:00,2018-08-02 19:00:00
o00914,c0198,delivered,2018-02-21 09:00:00,2018-03-16 09:00:00
o00915,c0198,delivered,2017-08-06 20:00:00,2017-08-22 20:00:00
o00916,c0198,delivered,2018-01-27 08:00:00,2018-02-17 08:00:00
o00917,c0198,delivered,2018-03-30 19:00:00,2018-04-19 19:00:00
o00918,c0198,delivered,2017-04-06 21:00:00,2017-04-27 21:00:00
o00919,c0198,delivered,2017-05-28 23:00:00,2017-06-11 23:00:00
o00920,c0199,delivered,2017-07-15 05:00:00,2017-07-25 05:00:00
o00921,c0200,delivered,2017-01-23 16:00:00,2017-02-10 16:00:00
o00922,c0200,delivered,2018-02-11 13:00:00,2018-02-21 13:00:00
o00923,c0200,delivered,2018-03-17 20:00:00,2018-03-21 20:00:00
o00924,c0200,delivered,2017-08-21 23:00:00,2017-09-11 23:00:00
o00925,c0200,delivered,2018-08-28 04:00:00,2018-09-09 04:00:00
o00926,c0201,delivered,2017-03-21 20:00:00,2017-04-03 20:00:00
o00927,c0201,delivered,2017-05-29 02:00:00,2017-06-16 02:00:00
o00928,c0201,delivered,2018-05-09 21:00:00,2018-06-02 21:00:00
o00929,c0202,delivered,2018-05-11 18:00:00,2018-05-31 18:00:00
o00930,c0202,delivered,2018-08-31 11:00:00,2018-09-19 11:00:00
o00931,c0202,delivered,2018-05-14 02:00:00,2018-05-31 02:00:00
o00932,c0203,delivered,2017-07-26 03:00:00,2017-07-31 03:00:00
o00933,c0203,delivered,2017-03-11 21:00:00,2017-03-30 21:00:00
o00934,c0203,delivered,2017-03-04 15:00:00,2017-03-21 15:00:00
o00935,c0203,delivered,2017-11-12 14:00:00,2017-12-04 14:00:00
o00936,c0203,delivered,2017-11-12 15:00:00,2017-11-27 15:00:00
o00937,c0203,delivered,2017-08-29 21:00:00,2017-09-09 21:00:00
o00938,c0204,delivered,2018-05-02 14:00:00,2018-05-19 14:00:00
o00939,c0204,delivered,2018-04-08 17:00:00,2018-04-22 17:00:00
o00940,c0204,delivered,2018-01-10 12:00:00,2018-01-19 12:00:00
o00941,c0204,delivered,2018-03-18 21:00:00,2018-04-05 21:00:00
o00942,c0205,delivered,2018-04-15 19:00:00,2018-04-25 19:00:00
o00943,c0206,delivered,2017-02-08 08:00:00,2017-02-27 08:00:00
o00944,c0206,delivered,2018-05-11 12:00:00,2018-05-30 12:00:00
o00945,c0206,delivered,2017-02-15 15:00:00,2017-03-04 15:00:00
o00946,c0206,delivered,2017-11-05 17:00:00,2017-11-18 17:00:00
o00947,c0206,delivered,2017-11-15 14:00:00,2017-12-05 14:00:00
o00948,c0206,delivered,2017-06-01 07:00:00,2017-06-12 07:00:00
o00949,c0206,delivered,2017-05-03 08:00:00,2017-05-13 08:00:00
o00950,c0206,delivered,2017-07-11 09:00:00,2017-07-24 09:00:00
o00951,c0207,delivered,2018-02-28 07:00:00,2018-03-21 07:00:00
o00952,c0207,delivered,2017-10-19 17:00:00,2017-10-23 17:00:00
o00953,c0207,delivered,2017-04-16 10:00:00,2017-04-26 10:00:00
o00954,c0207,delivered,2017-10-29 03:00:00,2017-11-10 03:00:00
o00955,c0207,delivered,2018-02-22 17:00:00,2018-03-01 17:00:00
o00956,c0208,delivered,2017-07-29 12:00:00,2017-08-11 12:00:00
o00957,c0208,delivered,2018-04-27 09:00:00,2018-05-14 09:00:00
o00958,c0208,delivered,2018-06-22 07:00:00,2018-07-12 07:00:00
o00959,c0208,delivered,2017-07-22 08:00:00,2017-08-08 08:00:00
o00960,c0208,delivered,2018-01-14 13:00:00,2018-01-21 13:00:00
o00961,c0208,delivered,2017-02-28 21:00:00,2017-03-22 21:00:00
o00962,c0209,delivered,2018-06-24 12:00:00,2018-07-16 12:00:00
o00963,c0209,delivered,2017-10-15 01:00:00,2017-10-21 01:00:00
o00964,c0210,delivered,2017-06-15 09:00:00,2017-07-08 09:00:00
o00965,c0210,delivered,2017-07-22 14:00:00,2017-07-30 14:00:00
o00966,c0211,delivered,2018-01-27 13:00:00,2018-02-01 13:00:00
o00967,c0211,delivered,2017-10-09 02:00:00,2017-10-31 02:00:00
o00968,c0211,delivered,2018-03-05 22:00:00,2018-03-27 22:00:00
o00969,c0212,delivered,2017-05-14 16:00:00,2017-05-18 16:00:00
o00970,c0212,delivered,2018-08-08 18:00:00,2018-08-25 18:00:00
o00971,c0212,delivered,2018-08-28 20:00:00,2018-09-18 20:00:00
o00972,c0212,delivered,2017-03-02 00:00:00,2017-03-26 00:00:00
o00973,c0212,delivered,2017-06-02 10:00:00,2017-06-04 10:00:00
o00974,c0212,delivered,2018-01-14 19:00:00,2018-02-04 19:00:00
o00975,c0212,delivered,2017-12-20 15:00:00,2018-01-02 15:00:00
o00976,c0212,delivered,2017-09-29 13:00:00,2017-10-22 13:00:00
o00977,c0212,delivered,2017-06-03 11:00:00,2017-06-18 11:00:00
o00978,c0213,delivered,2017-12-13 00:00:00,2017-12-21 00:00:00
o00979,c0213,delivered,2018-01-28 16:00:00,2018-02-15 16:00:00
o00980,c0213,delivered,2018-08-26 16:00:00,2018-09-10 16:00:00
o00981,c0214,delivered,2017-07-21 08:00:00,2017-08-11 08:00:00
o00982,c0214,delivered,2017-10-12 17:00:00,2017-10-16 17:00:00
o00983,c0214,delivered,2017-03-20 05:00:00,2017-03-26 05:00:00
o00984,c0214,delivered,2018-01-05 15:00:00,2018-01-19 15:00:00
o00985,c0215,delivered,2017-06-25 13:00:00,2017-06-29 13:00:00
o00986,c0215,delivered,2017-10-15 03:00:00,2017-10-18 03:00:00
o00987,c0215,delivered,2017-04-11 02:00:00,2017-04-23 02:00:00
o00988,c0215,delivered,2017-11-28 14:00:00,2017-12-10 14:00:00
o00989,c0215,delivered,2017-04-18 00:00:00,2017-05-06 00:00:00
o00990,c0216,delivered,2018-08-21 06:00:00,2018-08-27 06:00:00
o00991,c0216,delivered,2017-07-09 05:00:00,2017-07-16 05:00:00
o00992,c0216,delivered,2017-10-28 18:00:00,2017-11-15 18:00:00
o00993,c0216,delivered,2018-08-07 08:00:00,2018-08-20 08:00:00
o00994,c0216,delivered,2017-08-20 01:00:00,2017-08-30 01:00:00
o00995,c0216,delivered,2017-06-08 11:00:00,2017-06-13 11:00:00
o00996,c0217,delivered,2018-03-27 20:00:00,2018-04-20 20:00:00
o00997,c0217,delivered,2017-02-21 02:00:00,2017-03-17 02:00:00
o00998,c0217,delivered,2018-05-31 14:00:00,2018-06-09 14:00:00
o00999,c0217,delivered,2017-11-11 12:00:00,2017-12-02 12:00:00
o01000,c0217,delivered,2017-11-18 00:00:00,2017-12-06 00:00:00
o01001,c0217,delivered,2018-04-18 07:00:00,2018-04-22 07:00:00
o01002,c0218,delivered,2017-03-28 20:00:00,2017-04-09 20:00:00
o01003,c0218,delivered,2017-11-18 23:00:00,2017-11-21 23:00:00
o01004,c0218,delivered,2017-05-06 19:00:00,2017-05-20 19:00:00
o01005,c0218,delivered,2017-01-17 16:00:00,2017-01-22 16:00:00
o01006,c0218,delivered,2018-04-21 19:00:00,2018-05-11 19:00:00
o01007,c0219,delivered,2017-10-10 06:00:00,2017-11-01 06:00:00
o01008,c0219,delivered,2017-12-06 15:00:00,2017-12-11 15:00:00
o01009,c0219,delivered,2018-01-15 13:00:00,2018-01-23 13:00:00
o01010,c0220,delivered,2018-04-12 03:00:00,2018-04-30 03:00:00
o01011,c0220,delivered,2018-08-08 13:00:00,2018-08-12 13:00:00
o01012,c0220,delivered,2017-12-03 12:00:00,2017-12-17 12:00:00
o01013,c0220,delivered,2017-06-15 15:00:00,2017-06-23 15:00:00
o01014,c0221,delivered,2017-12-06 14:00:00,2017-12-22 14:00:00
o01015,c0221,delivered,2018-05-01 21:00:00,2018-05-20 21:00:00
o01016,c0221,delivered,2018-04-29 20:00:00,2018-05-06 20:00:00
o01017,c0221,delivered,2017-06-28 12:00:00,2017-07-10 12:00:00
o01018,c0221,delivered,2018-03-03 00:00:00,2018-03-08 00:00:00
o01019,c0221,delivered,2018-03-31 19:00:00,2018-04-08 19:00:00
o01020,c0221,delivered,2017-07-09 13:00:00,2017-07-21 13:00:00
o01021,c0221,delivered,2017-04-13 12:00:00,2017-05-03 12:00:00
o01022,c0222,delivered,2018-03-20 19:00:00,2018-04-05 19:00:00
o01023,c0222,delivered,2018-06-18 05:00:00,2018-06-21 05:00:00
o01024,c0222,delivered,2017-03-11 23:00:00,2017-03-27 23:00:00
o01025,c0222,delivered,2017-05-31 20:00:00,2017-06-09 20:00:00
o01026,c0223,delivered,2017-12-30 05:00:00,2018-01-03 05:00:00
o01027,c0223,delivered,2017-06-12 05:00:00,2017-06-26 05:00:00
o01028,c0223,delivered,2017-01-13 05:00:00,2017-01-28 05:00:00
o01029,c0223,delivered,2017-08-28 15:00:00,2017-09-14 15:00:00
o01030,c0223,delivered,2018-08-10 20:00:00,2018-08-17 20:00:00
o01031,c0223,delivered,2018-02-26 15:00:00,2018-03-13 15:00:00
o01032,c0223,delivered,2018-05-01 03:00:00,2018-05-11 03:00:00
o01033,c0224,delivered,2018-05-12 21:00:00,2018-05-14 21:00:00
o01034,c0224,delivered,2017-10-14 06:00:00,2017-10-19 06:00:00
o01035,c0224,delivered,2017-02-04 12:00:00,2017-02-21 12:00:00
o01036,c0225,delivered,2017-11-20 08:00:00,2017-12-09 08:00:00
o01037,c0226,delivered,2018-02-01 21:00:00,2018-02-10 21:00:00
o01038,c0226,delivered,2017-05-26 10:00:00,2017-06-08 10:00:00
o01039,c0226,delivered,2017-10-06 19:00:00,2017-10-09 19:00:00
o01040,c0226,delivered,2017-11-17 10:00:00,2017-11-23 10:00:00
o01041,c0227,delivered,2018-01-25 19:00:00,2018-02-08 19:00:00
o01042,c0227,delivered,2017-02-21 01:00:00,2017-03-04 01:00:00
o01043,c0227,delivered,2018-02-11 07:00:00,2018-02-20 07:00:00
o01044,c0227,delivered,2018-06-07 00:00:00,2018-06-10 00:00:00
o01045,c0228,delivered,2017-04-05 23:00:00,2017-04-18 23:00:00
o01046,c0228,delivered,2017-04-07 07:00:00,2017-05-01 07:00:00
o01047,c0228,delivered,2018-02-27 05:00:00,2018-03-06 05:00:00
o01048,c0228,delivered,2017-02-15 18:00:00,2017-02-20 18:00:00
o01049,c0228,delivered,2017-06-24 08:00:00,2017-07-10 08:00:00
o01050,c0228,delivered,2018-01-04 19:00:00,2018-01-12 19:00:00
o01051,c0229,delivered,2017-08-23 09:00:00,2017-08-26 09:00:00
o01052,c0229,delivered,2018-03-25 12:00:00,2018-04-06 12:00:00
o01053,c0229,delivered,2018-08-29 04:00:00,2018-09-22 04:00:00
o01054,c0229,delivered,2018-02-18 05:00:00,2018-03-07 05:00:00
o01055,c0229,delivered,2018-04-05 08:00:00,2018-04-14 08:00:00
o01056,c0229,delivered,2018-05-23 03:00:00,2018-05-25 03:00:00
o01057,c0229,delivered,2018-02-09 21:00:00,2018-02-22 21:00:00
o01058,c0230,delivered,2017-03-24 12:00:00,2017-03-31 12:00:00
o01059,c0230,delivered,2018-05-19 14:00:00,2018-05-28 14:00:00
o01060,c0230,delivered,2018-01-15 16:00:00,2018-02-01 16:00:00
o01061,c0230,delivered,2017-08-11 13:00:00,2017-08-13 13:00:00
o01062,c0230,delivered,2017-09-03 09:00:00,2017-09-17 09:00:00
o01063,c0230,delivered,2018-08-01 22:00:00,2018-08-14 22:00:00
o01064,c0231,delivered,2018-01-28 02:00:00,2018-02-10 02:00:00
o01065,c0231,delivered,2018-02-23 16:00:00,2018-03-19 16:00:00
o01066,c0231,delivered,2017-10-11 21:00:00,2017-11-04 21:00:00
o01067,c0231,delivered,2017-12-14 02:00:00,2017-12-24 02:00:00
o01068,c0231,delivered,2018-04-10 13:00:00,2018-05-03 13:00:00
o01069,c0231,delivered,2018-05-12 01:00:00,2018-06-02 01:00:00
o01070,c0231,delivered,2017-08-06 19:00:00,2017-08-19 19:00:00
o01071,c0232,delivered,2017-10-04 01:00:00,2017-10-08 01:00:00
o01072,c0232,delivered,2017-12-28 13:00:00,2018-01-11 13:00:00
o01073,c0232,delivered,2017-04-06 12:00:00,2017-04-09 12:00:00
o01074,c0232,delivered,2017-03-29 11:00:00,2017-04-14 11:00:00
o01075,c0232,delivered,2018-02-03 23:00:00,2018-02-24 23:00:00
o01076,c0232,delivered,2017-08-19 18:00:00,2017-08-23 18:00:00
o01077,c0232,delivered,2018-06-06 09:00:00,2018-06-25 09:00:00
o01078,c0233,delivered,2018-08-14 16:00:00,2018-09-06 16:00:00
o01079,c0233,delivered,2017-01-07 04:00:00,2017-01-23 04:00:00
o01080,c0233,delivered,2017-11-25 02:00:00,2017-12-13 02:00:00
o01081,c0233,delivered,2017-02-05 23:00:00,2017-02-10 23:00:00
o01082,c0233,delivered,2017-09-28 19:00:00,2017-10-11 19:00:00
o01083,c0233,delivered,2018-03-29 16:00:00,2018-04-21 16:00:00
o01084,c0233,delivered,2017-10-10 23:00:00,2017-10-23 23:00:00
o01085,c0234,delivered,2018-06-28 17:00:00,2018-07-03 17:00:00
o01086,c0234,delivered,2018-01-27 21:00:00,2018-01-31 21:00:00
o01087,c0234,delivered,2018-05-25 02:00:00,2018-06-16 02:00:00
o01088,c0235,delivered,2018-04-25 03:00:00,2018-05-13 03:00:00
o01089,c0235,delivered,2017-03-13 13:00:00,2017-04-05 13:00:00
o01090,c0235,delivered,2017-05-06 04:00:00,2017-05-17 04:00:00
o01091,c0235,delivered,2017-08-13 01:00:00,2017-08-25 01:00:00
o01092,c0235,delivered,2017-06-07 02:00:00,2017-06-15 02:00:00
o01093,c0235,delivered,2017-01-13 21:00:00,2017-02-06 21:00:00
o01094,c0236,delivered,2017-08-12 21:00:00,2017-08-24 21:00:00
o01095,c0236,delivered,2018-07-09 04:00:00,2018-07-17 04:00:00
o01096,c0236,delivered,2018-03-26 05:00:00,2018-04-15 05:00:00
o01097,c0236,delivered,2017-09-16 09:00:00,2017-09-28 09:00:00
o01098,c0237,delivered,2018-05-01 00:00:00,2018-05-20 00:00:00
o01099,c0237,delivered,2018-04-19 19:00:00,2018-05-13 19:00:00
o01100,c0238,delivered,2018-04-21 12:00:00,2018-05-03 12:00:00
o01101,c0238,delivered,2017-08-25 19:00:00,2017-09-05 19:00:00
o01102,c0239,delivered,2017-12-15 02:00:00,2017-12-24 02:00:00
o01103,c0239,delivered,2017-06-11 10:00:00,2017-06-24 10:00:00
o01104,c0239,delivered,2018-03-12 10:00:00,2018-03-17 10:00:00
o01105,c0239,delivered,2017-11-28 01:00:00,2017-12-19 01:00:00
o01106,c0239,delivered,2018-04-14 05:00:00,2018-04-22 05:00:00
o01107,c0240,delivered,2017-01-17 08:00:00,2017-01-19 08:00:00
o01108,c0240,delivered,2018-07-24 03:00:00,2018-08-10 03:00:00
o01109,c0240,delivered,2017-12-13 05:00:00,2018-01-02 05:00:00
o01110,c0240,delivered,2017-03-08 21:00:00,2017-03-27 21:00:00
o01111,c0241,delivered,2018-01-22 21:00:00,2018-02-02 21:00:00
o01112,c0241,delivered,2017-06-21 03:00:00,2017-07-14 03:00:00
o01113,c0241,delivered,2017-09-02 19:00:00,2017-09-11 19:00:00
o01114,c0241,delivered,2018-08-04 20:00:00,2018-08-13 20:00:00
o01115,c0242,delivered,2017-10-23 19:00:00,2017-10-30 19:00:00
o01116,c0242,delivered,2017-01-15 06:00:00,2017-01-30 06:00:00
o01117,c0242,delivered,2017-03-24 08:00:00,2017-04-16 08:00:00
o01118,c0242,delivered,2017-02-15 01:00:00,2017-02-26 01:00:00
o01119,c0242,delivered,2017-01-08 00:00:00,2017-01-14 00:00:00
o01120,c0242,delivered,2017-03-04 19:00:00,2017-03-08 19:00:00
o01121,c0243,delivered,2017-11-15 16:00:00,2017-12-01 16:00:00
o01122,c0243,delivered,2018-02-02 08:00:00,2018-02-24 08:00:00
o01123,c0243,delivered,2017-02-11 02:00:00,2017-03-04 02:00:00
o01124,c0243,delivered,2017-02-11 04:00:00,2017-02-16 04:00:00
o01125,c0244,delivered,2017-01-21 02:00:00,2017-02-05 02:00:00
o01126,c0244,delivered,2018-02-07 01:00:00,2018-03-02 01:00:00
o01127,c0245,delivered,2017-02-28 16:00:00,2017-03-20 16:00:00
o01128,c0245,delivered,2017-11-13 11:00:00,2017-11-17 11:00:00
o01129,c0246,delivered,2017-05-27 20:00:00,2017-06-06 20:00:00
o01130,c0246,delivered,2017-01-21 17:00:00,2017-02-07 17:00:00
o01131,c0246,delivered,2017-02-10 01:00:00,2017-02-14 01:00:00
o01132,c0246,delivered,2017-01-31 14:00:00,2017-02-05 14:00:00
o01133,c0246,delivered,2018-01-05 04:00:00,2018-01-29 04:00:00
o01134,c0246,delivered,2018-03-18 08:00:00,2018-03-29 08:00:00
o01135,c0246,delivered,2017-02-09 01:00:00,2017-02-23 01:00:00
o01136,c0247,delivered,2017-01-14 15:00:00,2017-01-24 15:00:00
o01137,c0247,delivered,2017-03-26 12:00:00,2017-04-09 12:00:00
o01138,c0247,delivered,2018-03-30 04:00:00,2018-04-13 04:00:00
o01139,c0247,delivered,2018-05-29 06:00:00,2018-06-19 06:00:00
o01140,c0248,delivered,2018-03-16 10:00:00,2018-04-07 10:00:00
o01141,c0248,delivered,2018-08-11 05:00:00,2018-09-04 05:00:00
o01142,c0248,delivered,2017-01-02 03:00:00,2017-01-04 03:00:00
o01143,c0248,delivered,2017-08-12 22:00:00,2017-08-27 22:00:00
o01144,c0249,delivered,2018-01-10 02:00:00,2018-01-23 02:00:00
o01145,c0249,delivered,2017-08-21 11:00:00,2017-08-29 11:00:00
o01146,c0249,delivered,2017-05-03 22:00:00,2017-05-17 22:00:00
o01147,c0249,delivered,2017-09-08 01:00:00,2017-09-27 01:00:00
o01148,c0249,delivered,2017-10-15 09:00:00,2017-11-01 09:00:00
o01149,c0250,delivered,2017-03-22 12:00:00,2017-04-12 12:00:00
o01150,c0250,delivered,2017-10-10 00:00:00,2017-10-17 00:00:00
o01151,c0250,delivered,2017-02-04 12:00:00,2017-02-14 12:00:00
o01152,c0251,delivered,2017-03-22 16:00:00,2017-03-28 16:00:00
o01153,c0251,delivered,2017-07-27 23:00:00,2017-07-30 23:00:00
o01154,c0251,delivered,2017-05-31 07:00:00,2017-06-13 07:00:00
o01155,c0251,delivered,2017-05-29 23:00:00,2017-05-31 23:00:00
o01156,c0251,delivered,2018-07-31 12:00:00,2018-08-02 12:00:00
o01157,c0251,delivered,2017-03-12 02:00:00,2017-03-20 02:00:00
o01158,c0252,delivered,2017-07-22 15:00:00,2017-07-31 15:00:00
o01159,c0252,delivered,2018-03-17 07:00:00,2018-03-25 07:00:00
o01160,c0252,delivered,2017-06-17 07:00:00,2017-07-08 07:00:00
o01161,c0252,delivered,2017-05-31 06:00:00,2017-06-24 06:00:00
o01162,c0252,delivered,2018-02-02 04:00:00,2018-02-23 04:00:00
o01163,c0252,delivered,2017-04-22 03:00:00,2017-05-04 03:00:00
o01164,c0253,delivered,2018-02-25 04:00:00,2018-03-16 04:00:00
o01165,c0253,delivered,2017-04-06 18:00:00,2017-04-10 18:00:00
o01166,c0253,delivered,2017-10-10 15:00:00,2017-10-18 15:00:00
o01167,c0253,delivered,2018-01-08 16:00:00,2018-01-24 16:00:00
o01168,c0253,delivered,2017-08-30 18:00:00,2017-09-17 18:00:00
o01169,c0254,delivered,2017-07-18 17:00:00,2017-08-10 17:00:00
o01170,c0254,delivered,2018-05-12 17:00:00,2018-05-31 17:00:00
o01171,c0254,delivered,2018-05-05 06:00:00,2018-05-23 06:00:00
o01172,c0254,delivered,2017-05-02 08:00:00,2017-05-25 08:00:00
o01173,c0254,delivered,2017-06-22 20:00:00,2017-07-03 20:00:00
o01174,c0254,delivered,2017-05-08 02:00:00,2017-05-22 02:00:00
o01175,c0255,delivered,2017-10-02 12:00:00,2017-10-04 12:00:00
o01176,c0255,delivered,2017-06-13 00:00:00,2017-06-21 00:00:00
o01177,c0255,delivered,2018-07-21 03:00:00,2018-08-07 03:00:00
o01178,c0255,delivered,2017-01-04 13:00:00,2017-01-27 13:00:00
o01179,c0255,delivered,2017-07-27 04:00:00,2017-08-11 04:00:00
o01180,c0256,delivered,2017-06-19 21:00:00,2017-07-10 21:00:00
o01181,c0256,delivered,2018-02-01 15:00:00,2018-02-16 15:00:00
o01182,c0256,delivered,2018-03-24 11:00:00,2018-04-17 11:00:00
o01183,c0256,delivered,2017-07-30 00:00:00,2017-08-17 00:00:00
o01184,c0256,delivered,2018-02-07 23:00:00,2018-02-18 23:00:00
o01185,c0256,delivered,2017-09-16 13:00:00,2017-09-27 13:00:00
o01186,c0256,delivered,2018-04-23 10:00:00,2018-05-13 10:00:00
o01187,c0257,delivered,2017-09-16 05:00:00,2017-10-10 05:00:00
o01188,c0257,delivered,2017-11-17 16:00:00,2017-12-02 16:00:00
o01189,c0257,delivered,2017-08-07 23:00:00,2017-08-17 23:00:00
o01190,c0257,delivered,2018-08-27 10:00:00,2018-08-29 10:00:00
o01191,c0258,delivered,2017-01-23 23:00:00,2017-02-06 23:00:00
o01192,c0258,delivered,2017-08-24 19:00:00,2017-09-09 19:00:00
o01193,c0258,delivered,2018-02-06 16:00:00,2018-02-12 16:00:00
o01194,c0259,delivered,2017-02-23 17:00:00,2017-02-25 17:00:00
o01195,c0259,delivered,2018-03-14 03:00:00,2018-03-22 03:00:00
o01196,c0259,delivered,2018-03-07 14:00:00,2018-03-26 14:00:00
o01197,c0259,delivered,2018-01-07 01:00:00,2018-01-28 01:00:00
o01198,c0259,delivered,2017-05-12 03:00:00,2017-06-03 03:00:00
o01199,c0260,delivered,2017-04-29 12:00:00,2017-05-12 12:00:00
o01200,c0260,delivered,2018-04-13 01:00:00,2018-04-17 01:00:00
o01201,c0260,delivered,2017-09-10 11:00:00,2017-09-30 11:00:00
o01202,c0260,delivered,2018-01-04 03:00:00,2018-01-28 03:00:00
o01203,c0260,delivered,2017-10-07 23:00:00,2017-10-31 23:00:00
o01204,c0260,delivered,2017-02-01 12:00:00,2017-02-12 12:00:00
o01205,c0261,delivered,2017-10-30 07:00:00,2017-11-13 07:00:00
o01206,c0261,delivered,2017-10-27 04:00:00,2017-11-04 04:00:00
o01207,c0261,delivered,2017-03-31 20:00:00,2017-04-17 20:00:00
o01208,c0261,delivered,2017-08-24 09:00:00,2017-08-27 09:00:00
o01209,c0262,delivered,2017-06-26 22:00:00,2017-06-28 22:00:00
o01210,c0262,delivered,2017-03-30 20:00:00,2017-04-12 20:00:00
o01211,c0262,delivered,2017-01-20 11:00:00,2017-02-08 11:00:00
o01212,c0263,delivered,2017-07-29 09:00:00,2017-08-14 09:00:00
o01213,c0263,delivered,2017-12-31 21:00:00,2018-01-07 21:00:00
o01214,c0263,delivered,2017-06-17 03:00:00,2017-07-04 03:00:00
o01215,c0264,delivered,2017-11-21 08:00:00,2017-12-08 08:00:00
o01216,c0264,delivered,2017-08-18 04:00:00,2017-09-01 04:00:00
o01217,c0264,delivered,2017-09-23 09:00:00,2017-10-05 09:00:00
o01218,c0265,delivered,2018-07-10 05:00:00,2018-07-18 05:00:00
o01219,c0265,delivered,2017-12-10 01:00:00,2017-12-15 01:00:00
o01220,c0265,delivered,2017-12-11 12:00:00,2017-12-28 12:00:00
o01221,c0265,delivered,2017-03-10 20:00:00,2017-03-23 20:00:00
o01222,c0266,delivered,2017-04-05 07:00:00,2017-04-12 07:00:00
o01223,c0267,delivered,2017-10-02 11:00:00,2017-10-13 11:00:00
o01224,c0267,delivered,2017-10-08 21:00:00,2017-11-01 21:00:00
o01225,c0267,delivered,2017-10-25 23:00:00,2017-11-14 23:00:00
o01226,c0267,delivered,2018-05-14 05:00:00,2018-05-26 05:00:00
o01227,c0267,delivered,2017-08-03 02:00:00,2017-08-06 02:00:00
o01228,c0268,delivered,2018-01-14 10:00:00,2018-02-03 10:00:00
o01229,c0268,delivered,2018-02-11 02:00:00,2018-03-04 02:00:00
o01230,c0268,delivered,2017-10-29 13:00:00,2017-11-22 13:00:00
o01231,c0269,delivered,2018-01-25 00:00:00,2018-01-31 00:00:00
o01232,c0269,delivered,2017-09-17 00:00:00,2017-09-22 00:00:00
o01233,c0269,delivered,2018-04-27 03:00:00,2018-05-02 03:00:00
o01234,c0269,delivered,2017-11-03 02:00:00,2017-11-10 02:00:00
o01235,c0270,delivered,2018-07-25 15:00:00,2018-08-18 15:00:00
o01236,c0270,delivered,2017-08-04 14:00:00,2017-08-11 14:00:00
o01237,c0270,delivered,2017-08-19 04:00:00,2017-09-09 04:00:00
o01238,c0271,delivered,2017-04-22 04:00:00,2017-05-04 04:00:00
o01239,c0271,delivered,2017-09-19 07:00:00,2017-09-29 07:00:00
o01240,c0271,delivered,2017-06-29 21:00:00,2017-07-14 21:00:00
o01241,c0271,delivered,2018-07-14 23:00:00,2018-07-30 23:00:00
o01242,c0271,delivered,2018-05-18 02:00:00,2018-06-10 02:00:00
o01243,c0271,delivered,2017-10-21 17:00:00,2017-10-28 17:00:00
o01244,c0271,delivered,2017-02-28 21:00:00,2017-03-12 21:00:00
o01245,c0271,delivered,2017-03-26 15:00:00,2017-03-29 15:00:00
o01246,c0272,delivered,2017-10-01 16:00:00,2017-10-19 16:00:00
o01247,c0272,delivered,2017-10-03 08:00:00,2017-10-24 08:00:00
o01248,c0272,delivered,2017-04-23 01:00:00,2017-04-28 01:00:00
o01249,c0272,delivered,2018-05-03 11:00:00,2018-05-05 11:00:00
o01250,c0273,delivered,2017-04-13 00:00:00,2017-05-03 00:00:00
o01251,c0273,delivered,2017-10-08 01:00:00,2017-10-15 01:00:00
o01252,c0274,delivered,2018-01-10 14:00:00,2018-01-30 14:00:00
o01253,c0274,delivered,2017-01-16 01:00:00,2017-01-18 01:00:00
o01254,c0274,delivered,2017-08-28 17:00:00,2017-09-14 17:00:00
o01255,c0274,delivered,2017-05-08 15:00:00,2017-05-25 15:00:00
o01256,c0274,delivered,2017-04-27 17:00:00,2017-05-08 17:00:00
o01257,c0274,delivered,2017-02-06 09:00:00,2017-02-25 09:00:00
o01258,c0275,delivered,2018-02-28 06:00:00,2018-03-19 06:00:00
o01259,c0275,delivered,2017-08-25 11:00:00,2017-08-28 11:00:00
o01260,c0276,delivered,2018-08-30 20:00:00,2018-09-05 20:00:00
o01261,c0276,delivered,2017-12-07 18:00:00,2017-12-20 18:00:00
o01262,c0276,delivered,2017-05-09 23:00:00,2017-05-17 23:00:00
o01263,c0276,delivered,2017-07-23 08:00:00,2017-08-14 08:00:00
o01264,c0277,delivered,2017-11-01 17:00:00,2017-11-23 17:00:00
o01265,c0277,delivered,2018-07-19 20:00:00,2018-08-10 20:00:00
o01266,c0277,delivered,2018-07-31 23:00:00,2018-08-16 23:00:00
o01267,c0277,delivered,2017-03-22 02:00:00,2017-04-11 02:00:00
o01268,c0277,delivered,2017-07-12 19:00:00,2017-08-04 19:00:00
o01269,c0277,delivered,2018-01-27 18:00:00,2018-02-04 18:00:00
o01270,c0278,delivered,2017-09-22 23:00:00,2017-10-12 23:00:00
o01271,c0278,delivered,2017-05-05 22:00:00,2017-05-18 22:00:00
o01272,c0278,delivered,2018-05-29 12:00:00,2018-06-13 12:00:00
o01273,c0278,delivered,2017-04-09 08:00:00,2017-04-27 08:00:00
o01274,c0278,delivered,2018-05-28 02:00:00,2018-05-31 02:00:00
o01275,c0278,delivered,2018-02-26 10:00:00,2018-03-19 10:00:00
o01276,c0279,delivered,2017-02-11 08:00:00,2017-02-13 08:00:00
o01277,c0279,delivered,2018-03-08 20:00:00,2018-03-13 20:00:00
o01278,c0279,delivered,2017-07-16 20:00:00,2017-07-18 20:00:00
o01279,c0279,delivered,2018-08-02 21:00:00,2018-08-07 21:00:00
o01280,c0280,delivered,2017-03-26 16:00:00,2017-03-28 16:00:00
o01281,c0280,delivered,2017-11-04 01:00:00,2017-11-18 01:00:00
o01282,c0280,delivered,2017-08-01 16:00:00,2017-08-23 16:00:00
o01283,c0280,delivered,2017-10-25 15:00:00,2017-11-09 15:00:00
o01284,c0281,delivered,2018-08-22 05:00:00,2018-08-29 05:00:00
o01285,c0281,delivered,2017-08-19 17:00:00,2017-09-09 17:00:00
o01286,c0281,delivered,2017-06-19 02:00:00,2017-07-04 02:00:00
o01287,c0281,delivered,2017-12-30 08:00:00,2018-01-05 08:00:00
o01288,c0282,delivered,2018-06-01 20:00:00,2018-06-20 20:00:00
o01289,c0282,delivered,2017-12-19 06:00:00,2017-12-30 06:00:00
o01290,c0282,delivered,2017-02-11 05:00:00,2017-02-23 05:00:00
o01291,c0282,delivered,2017-09-23 01:00:00,2017-10-17 01:00:00
o01292,c0282,delivered,2017-06-13 12:00:00,2017-06-25 12:00:00
o01293,c0282,delivered,2017-10-13 20:00:00,2017-11-01 20:00:00
o01294,c0283,delivered,2018-06-12 09:00:00,2018-06-20 09:00:00
o01295,c0283,delivered,2017-09-17 13:00:00,2017-09-26 13:00:00
o01296,c0283,delivered,2017-10-07 03:00:00,2017-10-22 03:00:00
o01297,c0284,delivered,2018-03-10 12:00:00,2018-04-01 12:00:00
o01298,c0284,delivered,2018-08-29 21:00:00,2018-09-02 21:00:00
o01299,c0284,delivered,2018-06-20 08:00:00,2018-07-02 08:00:00
o01300,c0285,delivered,2017-09-08 06:00:00,2017-09-30 06:00:00
o01301,c0285,delivered,2018-01-23 23:00:00,2018-02-15 23:00:00
o01302,c0285,delivered,2017-09-13 17:00:00,2017-09-26 17:00:00
o01303,c0285,delivered,2017-10-28 17:00:00,2017-11-14 17:00:00
o01304,c0285,delivered,2018-07-09 18:00:00,2018-07-25 18:00:00
o01305,c0285,delivered,2018-07-13 02:00:00,2018-08-01 02:00:00
o01306,c0285,delivered,2017-08-27 10:00:00,2017-09-15 10:00:00
o01307,c0286,delivered,2017-06-16 21:00:00,2017-06-29 21:00:00
o01308,c0286,delivered,2017-08-01 07:00:00,2017-08-12 07:00:00
o01309,c0286,delivered,2018-07-28 02:00:00,2018-08-10 02:00:00
o01310,c0286,delivered,2018-05-23 11:00:00,2018-06-07 11:00:00
o01311,c0287,delivered,2017-07-31 03:00:00,2017-08-16 03:00:00
o01312,c0287,delivered,2018-07-14 12:00:00,2018-07-25 12:00:00
o01313,c0287,delivered,2017-03-20 22:00:00,2017-04-10 22:00:00
o01314,c0287,delivered,2018-07-03 08:00:00,2018-07-19 08:00:00
o01315,c0288,delivered,2017-09-21 05:00:00,2017-09-27 05:00:00
o01316,c0288,delivered,2017-08-22 13:00:00,2017-08-26 13:00:00
o01317,c0288,delivered,2018-03-03 10:00:00,2018-03-25 10:00:00
o01318,c0289,delivered,2017-06-19 01:00:00,2017-06-28 01:00:00
o01319,c0289,delivered,2018-08-15 07:00:00,2018-09-02 07:00:00
o01320,c0290,delivered,2018-05-28 06:00:00,2018-06-13 06:00:00
o01321,c0290,delivered,2017-05-05 08:00:00,2017-05-13 08:00:00
o01322,c0291,delivered,2018-02-13 21:00:00,2018-02-20 21:00:00
o01323,c0291,delivered,2017-06-27 19:00:00,2017-07-09 19:00:00
o01324,c0291,delivered,2017-11-08 16:00:00,2017-11-13 16:00:00
o01325,c0292,delivered,2018-06-15 08:00:00,2018-07-02 08:00:00
o01326,c0292,delivered,2017-09-20 18:00:00,2017-10-06 18:00:00
o01327,c0292,delivered,2017-04-16 04:00:00,2017-05-08 04:00:00
o01328,c0292,delivered,2017-11-12 06:00:00,2017-11-17 06:00:00
o01329,c0293,delivered,2017-03-20 22:00:00,2017-04-13 22:00:00
o01330,c0294,delivered,2017-08-28 04:00:00,2017-09-08 04:00:00
o01331,c0294,delivered,2017-03-25 13:00:00,2017-04-10 13:00:00
o01332,c0294,delivered,2018-08-23 07:00:00,2018-08-29 07:00:00
o01333,c0294,delivered,2017-03-23 09:00:00,2017-04-07 09:00:00
o01334,c0294,delivered,2017-02-10 18:00:00,2017-02-22 18:00:00
o01335,c0294,delivered,2018-04-28 11:00:00,2018-05-03 11:00:00
o01336,c0294,delivered,2017-01-14 13:00:00,2017-01-28 13:00:00
o01337,c0295,delivered,2018-05-10 21:00:00,2018-05-15 21:00:00
o01338,c0295,delivered,2017-07-11 04:00:00,2017-07-15 04:00:00
o01339,c0295,delivered,2017-01-02 01:00:00,2017-01-16 01:00:00
o01340,c0295,delivered,2017-04-03 04:00:00,2017-04-07 04:00:00
o01341,c0295,delivered,2018-03-17 15:00:00,2018-04-10 15:00:00
o01342,c0295,delivered,2017-03-09 05:00:00,2017-03-21 05:00:00
o01343,c0295,delivered,2018-01-30 03:00:00,2018-02-05 03:00:00
o01344,c0295,delivered,2017-09-14 00:00:00,2017-09-25 00:00:00
o01345,c0295,delivered,2018-04-07 12:00:00,2018-04-18 12:00:00
o01346,c0295,delivered,2017-10-24 22:00:00,2017-11-06 22:00:00
o01347,c0296,delivered,2017-11-21 22:00:00,2017-11-26 22:00:00
o01348,c0296,delivered,2017-02-28 10:00:00,2017-03-09 10:00:00
o01349,c0296,delivered,2017-05-04 02:00:00,2017-05-26 02:00:00
o01350,c0296,delivered,2018-01-09 16:00:00,2018-01-13 16:00:00
o01351,c0296,delivered,2017-07-27 14:00:00,2017-08-10 14:00:00
o01352,c0297,delivered,2018-02-27 16:00:00,2018-03-10 16:00:00
o01353,c0297,delivered,2018-04-21 06:00:00,2018-04-24 06:00:00
o01354,c0297,delivered,2018-07-10 00:00:00,2018-07-18 00:00:00
o01355,c0297,delivered,2017-03-11 05:00:00,2017-03-22 05:00:00
o01356,c0297,delivered,2017-03-20 11:00:00,2017-04-12 11:00:00
o01357,c0297,delivered,2017-03-24 22:00:00,2017-04-04 22:00:00
o01358,c0298,delivered,2017-12-27 10:00:00,2018-01-05 10:00:00
o01359,c0298,delivered,2017-03-08 14:00:00,2017-03-31 14:00:00
o01360,c0299,delivered,2017-11-13 14:00:00,2017-11-29 14:00:00
o01361,c0299,delivered,2017-08-25 02:00:00,2017-09-07 02:00:00
o01362,c0299,delivered,2018-06-13 07:00:00,2018-07-05 07:00:00
o01363,c0299,delivered,2018-06-04 05:00:00,2018-06-19 05:00:00
o01364,c0300,delivered,2018-03-31 11:00:00,2018-04-18 11:00:00
o01365,c0300,delivered,2018-07-08 15:00:00,2018-07-29 15:00:00
o01366,c0300,delivered,2018-05-02 19:00:00,2018-05-23 19:00:00
o01367,c0300,delivered,2017-05-18 00:00:00,2017-05-23 00:00:00
o01368,c0300,delivered,2017-06-01 16:00:00,2017-06-14 16:00:00
o01369,c0301,delivered,2017-10-12 00:00:00,2017-10-29 00:00:00
o01370,c0301,delivered,2017-08-10 18:00:00,2017-08-14 18:00:00
o01371,c0301,delivered,2017-06-29 01:00:00,2017-07-07 01:00:00
o01372,c0301,delivered,2018-07-16 11:00:00,2018-07-28 11:00:00
o01373,c0302,delivered,2017-06-16 06:00:00,2017-07-03 06:00:00
o01374,c0302,delivered,2018-08-22 17:00:00,2018-09-09 17:00:00
o01375,c0302,delivered,2017-10-14 02:00:00,2017-11-01 02:00:00
o01376,c0302,delivered,2018-05-07 12:00:00,2018-05-11 12:00:00
o01377,c0303,delivered,2018-03-10 22:00:00,2018-03-17 22:00:00
o01378,c0303,delivered,2017-04-07 17:00:00,2017-04-16 17:00:00
o01379,c0303,delivered,2018-03-11 16:00:00,2018-03-19 16:00:00
o01380,c0303,delivered,2017-01-26 13:00:00,2017-02-06 13:00:00
o01381,c0303,delivered,2018-06-05 08:00:00,2018-06-12 08:00:00
o01382,c0303,delivered,2018-06-07 17:00:00,2018-06-23 17:00:00
o01383,c0303,delivered,2018-08-04 18:00:00,2018-08-25 18:00:00
o01384,c0304,delivered,2018-05-01 09:00:00,2018-05-04 09:00:00
o01385,c0304,delivered,2018-01-05 18:00:00,2018-01-29 18:00:00
o01386,c0304,delivered,2018-02-19 13:00:00,2018-03-06 13:00:00
o01387,c0304,delivered,2017-03-11 00:00:00,2017-03-14 00:00:00
o01388,c0304,delivered,2018-07-05 18:00:00,2018-07-12 18:00:00
o01389,c0305,delivered,2017-09-15 11:00:00,2017-09-22 11:00:00
o01390,c0305,delivered,2017-09-14 08:00:00,2017-10-01 08:00:00
o01391,c0305,delivered,2018-04-06 02:00:00,2018-04-18 02:00:00
o01392,c0305,delivered,2018-08-26 20:00:00,2018-09-15 20:00:00
o01393,c0305,delivered,2018-03-23 00:00:00,2018-04-16 00:00:00
o01394,c0306,delivered,2018-03-23 21:00:00,2018-04-14 21:00:00
o01395,c0306,delivered,2017-06-04 00:00:00,2017-06-21 00:00:00
o01396,c0306,delivered,2017-10-07 00:00:00,2017-10-15 00:00:00
o01397,c0306,delivered,2018-08-26 08:00:00,2018-09-03 08:00:00
o01398,c0307,delivered,2018-02-02 15:00:00,2018-02-11 15:00:00
o01399,c0307,delivered,2018-06-01 13:00:00,2018-06-06 13:00:00
o01400,c0307,delivered,2017-07-17 20:00:00,2017-07-21 20:00:00
o01401,c0308,delivered,2017-01-08 15:00:00,2017-01-20 15:00:00
o01402,c0308,delivered,2017-06-03 11:00:00,2017-06-09 11:00:00
o01403,c0308,delivered,2017-08-16 05:00:00,2017-08-31 05:00:00
o01404,c0308,delivered,2018-02-14 21:00:00,2018-02-17 21:00:00
o01405,c0308,delivered,2017-07-18 06:00:00,2017-08-02 06:00:00
o01406,c0309,delivered,2017-11-21 21:00:00,2017-12-14 21:00:00
o01407,c0309,delivered,2018-04-15 04:00:00,2018-04-17 04:00:00
o01408,c0309,delivered,2018-07-01 22:00:00,2018-07-08 22:00:00
o01409,c0309,delivered,2017-01-29 16:00:00,2017-02-13 16:00:00
o01410,c0310,delivered,2018-06-25 13:00:00,2018-07-14 13:00:00
o01411,c0310,delivered,2018-04-24 00:00:00,2018-04-29 00:00:00
o01412,c0310,delivered,2018-04-20 04:00:00,2018-04-26 04:00:00
o01413,c0310,delivered,2018-04-03 04:00:00,2018-04-08 04:00:00
o01414,c0310,delivered,2017-01-09 11:00:00,2017-01-25 11:00:00
o01415,c0310,delivered,2018-03-21 21:00:00,2018-04-06 21:00:00
o01416,c0311,delivered,2018-04-05 05:00:00,2018-04-14 05:00:00
o01417,c0311,delivered,2017-07-04 01:00:00,2017-07-28 01:00:00
o01418,c0311,delivered,2017-05-27 10:00:00,2017-06-06 10:00:00
o01419,c0311,delivered,2017-01-28 21:00:00,2017-02-04 21:00:00
o01420,c0311,delivered,2017-03-03 08:00:00,2017-03-08 08:00:00
o01421,c0312,delivered,2018-08-31 04:00:00,2018-09-08 04:00:00
o01422,c0312,delivered,2017-06-14 00:00:00,2017-06-16 00:00:00
o01423,c0312,delivered,2017-11-08 05:00:00,2017-11-11 05:00:00
o01424,c0312,delivered,2017-06-27 06:00:00,2017-07-08 06:00:00
o01425,c0312,delivered,2018-08-27 07:00:00,2018-09-14 07:00:00
o01426,c0313,delivered,2018-04-13 01:00:00,2018-04-26 01:00:00
o01427,c0313,delivered,2017-09-30 12:00:00,2017-10-05 12:00:00
o01428,c0313,delivered,2017-10-10 02:00:00,2017-11-02 02:00:00
o01429,c0314,delivered,2017-12-23 00:00:00,2018-01-05 00:00:00
o01430,c0314,delivered,2018-07-18 17:00:00,2018-07-26 17:00:00
o01431,c0314,delivered,2018-06-27 04:00:00,2018-07-04 04:00:00
o01432,c0314,delivered,2017-04-05 22:00:00,2017-04-23 22:00:00
o01433,c0315,delivered,2017-11-11 16:00:00,2017-11-18 16:00:00
o01434,c0315,delivered,2017-02-12 20:00:00,2017-03-08 20:00:00
o01435,c0315,delivered,2017-01-22 01:00:00,2017-02-05 01:00:00
o01436,c0315,delivered,2017-01-27 17:00:00,2017-02-19 17:00:00
o01437,c0315,delivered,2017-06-20 07:00:00,2017-07-11 07:00:00
o01438,c0316,delivered,2017-08-05 05:00:00,2017-08-08 05:00:00
o01439,c0316,delivered,2018-05-26 22:00:00,2018-05-29 22:00:00
o01440,c0316,delivered,2018-05-04 03:00:00,2018-05-09 03:00:00
o01441,c0316,delivered,2017-08-20 10:00:00,2017-09-10 10:00:00
o01442,c0317,delivered,2018-03-02 03:00:00,2018-03-17 03:00:00
o01443,c0317,delivered,2018-06-17 15:00:00,2018-06-24 15:00:00
o01444,c0317,delivered,2017-03-20 10:00:00,2017-04-01 10:00:00
o01445,c0317,delivered,2017-08-03 02:00:00,2017-08-07 02:00:00
o01446,c0318,delivered,2017-11-18 22:00:00,2017-12-03 22:00:00
o01447,c0318,delivered,2017-09-24 22:00:00,2017-10-11 22:00:00
o01448,c0318,delivered,2018-03-13 13:00:00,2018-04-01 13:00:00
o01449,c0318,delivered,2017-11-02 14:00:00,2017-11-18 14:00:00
o01450,c0319,delivered,2018-04-03 21:00:00,2018-04-11 21:00:00
o01451,c0319,delivered,2018-03-02 00:00:00,2018-03-16 00:00:00
o01452,c0319,delivered,2018-07-01 15:00:00,2018-07-09 15:00:00
o01453,c0319,delivered,2018-01-04 08:00:00,2018-01-15 08:00:00
o01454,c0319,delivered,2017-05-19 14:00:00,2017-05-25 14:00:00
o01455,c0319,delivered,2017-09-27 22:00:00,2017-10-16 22:00:00
o01456,c0319,delivered,2017-09-09 23:00:00,2017-09-11 23:00:00
o01457,c0319,delivered,2018-08-07 08:00:00,2018-08-27 08:00:00
o01458,c0319,delivered,2018-07-31 14:00:00,2018-08-16 14:00:00
o01459,c0320,delivered,2018-04-01 05:00:00,2018-04-07 05:00:00
o01460,c0320,delivered,2017-07-28 11:00:00,2017-08-16 11:00:00
o01461,c0320,delivered,2017-06-06 13:00:00,2017-06-08 13:00:00
o01462,c0320,delivered,2017-01-19 23:00:00,2017-02-09 23:00:00
o01463,c0320,delivered,2018-06-10 07:00:00,2018-06-23 07:00:00
o01464,c0321,delivered,2018-02-15 06:00:00,2018-03-06 06:00:00
o01465,c0321,delivered,2018-02-26 09:00:00,2018-03-10 09:00:00
o01466,c0321,delivered,2017-07-06 19:00:00,2017-07-30 19:00:00
o01467,c0321,delivered,2018-08-31 18:00:00,2018-09-10 18:00:00
o01468,c0322,delivered,2018-04-20 05:00:00,2018-05-12 05:00:00
o01469,c0322,delivered,2017-06-12 09:00:00,2017-06-16 09:00:00
o01470,c0322,delivered,2017-02-19 09:00:00,2017-03-05 09:00:00
o01471,c0322,delivered,2017-01-11 20:00:00,2017-01-15 20:00:00
o01472,c0322,delivered,2018-08-31 06:00:00,2018-09-10 06:00:00
o01473,c0322,delivered,2017-04-08 19:00:00,2017-04-26 19:00:00
o01474,c0322,delivered,2017-02-17 02:00:00,2017-03-05 02:00:00
o01475,c0322,delivered,2018-06-11 02:00:00,2018-06-18 02:00:00
o01476,c0323,delivered,2017-11-28 02:00:00,2017-12-07 02:00:00
o01477,c0323,delivered,2017-01-07 11:00:00,2017-01-25 11:00:00
o01478,c0323,delivered,2017-09-08 06:00:00,2017-09-19 06:00:00
o01479,c0323,delivered,2017-11-06 03:00:00,2017-11-10 03:00:00
o01480,c0323,delivered,2017-04-21 23:00:00,2017-05-09 23:00:00
o01481,c0324,delivered,2017-03-18 07:00:00,2017-03-29 07:00:00
o01482,c0324,delivered,2017-04-21 20:00:00,2017-05-14 20:00:00
o01483,c0324,delivered,2017-05-29 00:00:00,2017-06-06 00:00:00
o01484,c0324,delivered,2017-12-21 19:00:00,2017-12-30 19:00:00
o01485,c0325,delivered,2017-06-16 05:00:00,2017-06-18 05:00:00
o01486,c0325,delivered,2017-01-09 10:00:00,2017-01-25 10:00:00
o01487,c0325,delivered,2017-01-08 04:00:00,2017-01-30 04:00:00
o01488,c0325,delivered,2018-08-25 15:00:00,2018-09-07 15:00:00
o01489,c0326,delivered,2017-12-21 08:00:00,2017-12-27 08:00:00
o01490,c0326,delivered,2017-08-17 16:00:00,2017-09-03 16:00:00
o01491,c0326,delivered,2018-02-16 14:00:00,2018-02-19 14:00:00
o01492,c0326,delivered,2018-01-16 21:00:00,2018-02-01 21:00:00
o01493,c0326,delivered,2017-12-19 05:00:00,2018-01-08 05:00:00
o01494,c0326,delivered,2017-10-02 06:00:00,2017-10-15 06:00:00
o01495,c0327,delivered,2017-03-16 22:00:00,2017-04-03 22:00:00
o01496,c0327,delivered,2017-07-18 19:00:00,2017-07-21 19:00:00
o01497,c0328,delivered,2017-08-23 15:00:00,2017-08-25 15:00:00
o01498,c0328,delivered,2018-03-07 19:00:00,2018-03-22 19:00:00
o01499,c0329,delivered,2017-05-06 17:00:00,2017-05-15 17:00:00
o01500,c0329,delivered,2018-03-24 15:00:00,2018-03-28 15:00:00
o01501,c0329,delivered,2017-03-02 00:00:00,2017-03-05 00:00:00
o01502,c0329,delivered,2017-07-02 00:00:00,2017-07-25 00:00:00
o01503,c0329,delivered,2018-07-12 04:00:00,2018-07-21 04:00:00
o01504,c0329,delivered,2018-03-28 15:00:00,2018-04-12 15:00:00
o01505,c0329,delivered,2018-08-25 15:00:00,2018-09-11 15:00:00
o01506,c0330,delivered,2017-11-02 12:00:00,2017-11-10 12:00:00
o01507,c0330,delivered,2017-11-13 22:00:00,2017-11-23 22:00:00
o01508,c0330,delivered,2017-03-22 14:00:00,2017-04-11 14:00:00
o01509,c0330,delivered,2018-08-06 13:00:00,2018-08-26 13:00:00
o01510,c0330,delivered,2017-06-02 10:00:00,2017-06-13 10:00:00
o01511,c0330,delivered,2017-07-22 17:00:00,2017-08-13 17:00:00
o01512,c0331,delivered,2017-07-18 03:00:00,2017-08-07 03:00:00
o01513,c0331,delivered,2018-06-01 22:00:00,2018-06-08 22:00:00
o01514,c0331,delivered,2018-03-14 17:00:00,2018-04-03 17:00:00
o01515,c0332,delivered,2018-05-06 22:00:00,2018-05-18 22:00:00
o01516,c0332,delivered,2017-02-16 04:00:00,2017-03-10 04:00:00
o01517,c0332,delivered,2018-05-29 00:00:00,2018-06-08 00:00:00
o01518,c0332,delivered,2017-05-30 07:00:00,2017-06-15 07:00:00
o01519,c0333,delivered,2017-11-07 11:00:00,2017-11-19 11:00:00
o01520,c0333,delivered,2018-01-26 16:00:00,2018-01-28 16:00:00
o01521,c0334,delivered,2017-03-25 08:00:00,2017-04-06 08:00:00
o01522,c0334,delivered,2018-08-29 21:00:00,2018-09-14 21:00:00
o01523,c0335,delivered,2017-01-22 02:00:00,2017-02-03 02:00:00
o01524,c0335,delivered,2017-12-23 15:00:00,2017-12-28 15:00:00
o01525,c0336,delivered,2018-06-24 11:00:00,2018-07-09 11:00:00
o01526,c0336,delivered,2017-01-24 19:00:00,2017-02-07 19:00:00
o01527,c0336,delivered,2017-05-16 07:00:00,2017-05-26 07:00:00
o01528,c0336,delivered,2017-01-17 22:00:00,2017-02-06 22:00:00
o01529,c0337,delivered,2018-06-23 08:00:00,2018-07-07 08:00:00
o01530,c0337,delivered,2017-10-06 11:00:00,2017-10-21 11:00:00
o01531,c0337,delivered,2017-10-02 18:00:00,2017-10-05 18:00:00
o01532,c0337,delivered,2017-04-28 21:00:00,2017-05-20 21:00:00
o01533,c0337,delivered,2018-05-13 08:00:00,2018-05-25 08:00:00
o01534,c0338,delivered,2017-01-16 06:00:00,2017-02-03 06:00:00
o01535,c0338,delivered,2017-07-28 11:00:00,2017-08-01 11:00:00
o01536,c0338,delivered,2017-10-29 17:00:00,2017-11-13 17:00:00
o01537,c0338,delivered,2017-12-05 21:00:00,2017-12-12 21:00:00
o01538,c0338,delivered,2017-07-02 14:00:00,2017-07-15 14:00:00
o01539,c0338,delivered,2018-08-19 01:00:00,2018-08-23 01:00:00
o01540,c0339,delivered,2017-07-27 11:00:00,2017-08-18 11:00:00
o01541,c0339,delivered,2017-10-28 10:00:00,2017-11-02 10:00:00
o01542,c0340,delivered,2017-09-22 12:00:00,2017-10-07 12:00:00
o01543,c0340,delivered,2018-01-04 10:00:00,2018-01-09 10:00:00
o01544,c0340,delivered,2017-04-03 03:00:00,2017-04-19 03:00:00
o01545,c0340,delivered,2018-06-05 21:00:00,2018-06-14 21:00:00
o01546,c0341,delivered,2017-02-18 15:00:00,2017-02-20 15:00:00
o01547,c0341,delivered,2018-01-17 09:00:00,2018-02-07 09:00:00
o01548,c0341,delivered,2018-01-16 17:00:00,2018-01-27 17:00:00
o01549,c0341,delivered,2018-05-27 12:00:00,2018-06-12 12:00:00
o01550,c0342,delivered,2017-08-08 10:00:00,2017-08-29 10:00:00
o01551,c0342,delivered,2017-08-28 00:00:00,2017-09-07 00:00:00
o01552,c0342,delivered,2017-08-27 10:00:00,2017-08-30 10:00:00
o01553,c0343,delivered,2017-03-20 07:00:00,2017-03-31 07:00:00
o01554,c0343,delivered,2017-01-18 09:00:00,2017-01-27 09:00:00
o01555,c0343,delivered,2017-01-22 06:00:00,2017-01-30 06:00:00
o01556,c0343,delivered,2017-03-29 18:00:00,2017-04-01 18:00:00
o01557,c0343,delivered,2017-12-18 15:00:00,2018-01-07 15:00:00
o01558,c0343,delivered,2017-11-28 13:00:00,2017-12-17 13:00:00
o01559,c0343,delivered,2018-06-04 05:00:00,2018-06-24 05:00:00
o01560,c0344,delivered,2017-10-09 02:00:00,2017-10-25 02:00:00
o01561,c0344,delivered,2018-08-18 03:00:00,2018-08-20 03:00:00
o01562,c0344,delivered,2018-07-12 14:00:00,2018-07-19 14:00:00
o01563,c0345,delivered,2018-04-27 09:00:00,2018-05-06 09:00:00
o01564,c0345,delivered,2017-06-26 14:00:00,2017-07-01 14:00:00
o01565,c0345,delivered,2017-08-09 07:00:00,2017-08-12 07:00:00
o01566,c0345,delivered,2018-04-09 00:00:00,2018-05-03 00:00:00
o01567,c0345,delivered,2017-02-27 08:00:00,2017-03-03 08:00:00
o01568,c0345,delivered,2017-08-12 14:00:00,2017-08-16 14:00:00
o01569,c0346,delivered,2017-11-16 18:00:00,2017-11-28 18:00:00
o01570,c0346,delivered,2017-03-10 16:00:00,2017-03-16 16:00:00
o01571,c0346,delivered,2017-01-11 10:00:00,2017-01-19 10:00:00
o01572,c0346,delivered,2017-01-18 18:00:00,2017-02-02 18:00:00
o01573,c0347,delivered,2018-07-08 11:00:00,2018-07-20 11:00:00
o01574,c0347,delivered,2018-05-28 01:00:00,2018-06-07 01:00:00
o01575,c0347,delivered,2018-05-01 07:00:00,2018-05-23 07:00:00
o01576,c0348,delivered,2017-06-22 09:00:00,2017-07-14 09:00:00
o01577,c0348,delivered,2017-05-28 23:00:00,2017-05-31 23:00:00
o01578,c0348,delivered,2017-06-11 14:00:00,2017-06-26 14:00:00
o01579,c0348,delivered,2018-07-08 23:00:00,2018-07-25 23:00:00
o01580,c0348,delivered,2018-02-06 07:00:00,2018-02-26 07:00:00
o01581,c0348,delivered,2018-01-26 00:00:00,2018-02-16 00:00:00
o01582,c0349,delivered,2017-08-07 11:00:00,2017-08-20 11:00:00
o01583,c0349,delivered,2018-05-14 06:00:00,2018-05-25 06:00:00
o01584,c0350,delivered,2017-01-24 08:00:00,2017-01-28 08:00:00
o01585,c0350,delivered,2017-12-21 21:00:00,2018-01-02 21:00:00
o01586,c0350,delivered,2018-07-09 23:00:00,2018-07-12 23:00:00
o01587,c0350,delivered,2017-11-10 12:00:00,2017-11-20 12:00:00
o01588,c0351,delivered,2018-05-20 09:00:00,2018-05-23 09:00:00
o01589,c0351,delivered,2017-11-30 04:00:00,2017-12-10 04:00:00
o01590,c0351,delivered,2017-11-02 17:00:00,2017-11-10 17:00:00
o01591,c0351,delivered,2017-08-20 01:00:00,2017-08-30 01:00:00
o01592,c0352,delivered,2017-12-19 14:00:00,2017-12-27 14:00:00
o01593,c0352,delivered,2017-02-06 13:00:00,2017-02-23 13:00:00
o01594,c0353,delivered,2017-02-21 12:00:00,2017-02-25 12:00:00
o01595,c0353,delivered,2017-10-03 15:00:00,2017-10-21 15:00:00
o01596,c0353,delivered,2018-03-10 18:00:00,2018-03-17 18:00:00
o01597,c0353,delivered,2018-05-30 08:00:00,2018-06-09 08:00:00
o01598,c0354,delivered,2018-04-24 07:00:00,2018-04-27 07:00:00
o01599,c0354,delivered,2018-03-11 15:00:00,2018-03-26 15:00:00
o01600,c0354,delivered,2017-03-29 15:00:00,2017-04-04 15:00:00
o01601,c0354,delivered,2017-12-04 12:00:00,2017-12-23 12:00:00
o01602,c0354,delivered,2018-08-17 04:00:00,2018-08-21 04:00:00
o01603,c0355,delivered,2017-12-04 22:00:00,2017-12-09 22:00:00
o01604,c0355,delivered,2017-10-24 09:00:00,2017-11-02 09:00:00
o01605,c0355,delivered,2018-02-08 07:00:00,2018-02-21 07:00:00
o01606,c0355,delivered,2018-05-30 09:00:00,2018-06-01 09:00:00
o01607,c0355,delivered,2018-06-23 06:00:00,2018-07-12 06:00:00
o01608,c0356,delivered,2018-04-09 12:00:00,2018-04-13 12:00:00
o01609,c0356,delivered,2018-08-01 16:00:00,2018-08-12 16:00:00
o01610,c0356,delivered,2018-06-04 18:00:00,2018-06-23 18:00:00
o01611,c0356,delivered,2017-04-13 15:00:00,2017-04-21 15:00:00
o01612,c0356,delivered,2017-02-17 08:00:00,2017-02-21 08:00:00
o01613,c0356,delivered,2017-03-06 17:00:00,2017-03-19 17:00:00
o01614,c0356,delivered,2017-08-30 04:00:00,2017-09-18 04:00:00
o01615,c0357,delivered,2018-01-21 14:00:00,2018-01-27 14:00:00
o01616,c0357,delivered,2017-03-17 02:00:00,2017-03-19 02:00:00
o01617,c0358,delivered,2018-08-13 08:00:00,2018-08-30 08:00:00
o01618,c0358,delivered,2018-08-21 22:00:00,2018-08-30 22:00:00
o01619,c0358,delivered,2017-10-25 11:00:00,2017-10-27 11:00:00
o01620,c0358,delivered,2018-04-13 13:00:00,2018-04-23 13:00:00
o01621,c0359,delivered,2017-12-06 17:00:00,2017-12-08 17:00:00
o01622,c0359,delivered,2018-01-28 20:00:00,2018-02-15 20:00:00
o01623,c0359,delivered,2018-01-12 02:00:00,2018-01-31 02:00:00
o01624,c0360,delivered,2018-04-02 11:00:00,2018-04-17 11:00:00
o01625,c0360,delivered,2018-01-11 02:00:00,2018-01-18 02:00:00
o01626,c0360,delivered,2018-04-27 23:00:00,2018-05-05 23:00:00
o01627,c0360,delivered,2017-09-01 21:00:00,2017-09-06 21:00:00
o01628,c0360,delivered,2017-06-08 01:00:00,2017-06-15 01:00:00
o01629,c0361,delivered,2018-01-22 08:00:00,2018-02-15 08:00:00
o01630,c0361,delivered,2018-06-27 21:00:00,2018-07-15 21:00:00
o01631,c0361,delivered,2018-03-03 12:00:00,2018-03-27 12:00:00
o01632,c0361,delivered,2017-02-27 17:00:00,2017-03-04 17:00:00
o01633,c0361,delivered,2017-07-26 06:00:00,2017-08-10 06:00:00
o01634,c0361,delivered,2018-04-24 01:00:00,2018-05-09 01:00:00
o01635,c0361,delivered,2017-05-15 01:00:00,2017-05-26 01:00:00
o01636,c0361,delivered,2017-12-20 04:00:00,2017-12-30 04:00:00
o01637,c0361,delivered,2018-08-03 08:00:00,2018-08-27 08:00:00
o01638,c0362,delivered,2018-05-23 08:00:00,2018-06-07 08:00:00
o01639,c0362,delivered,2018-03-08 11:00:00,2018-03-19 11:00:00
o01640,c0362,delivered,2017-07-20 03:00:00,2017-07-22 03:00:00
o01641,c0362,delivered,2017-07-24 19:00:00,2017-07-31 19:00:00
o01642,c0362,delivered,2017-04-20 07:00:00,2017-05-05 07:00:00
o01643,c0363,delivered,2017-05-11 05:00:00,2017-05-15 05:00:00
o01644,c0363,delivered,2017-07-21 05:00:00,2017-08-11 05:00:00
o01645,c0363,delivered,2018-07-05 08:00:00,2018-07-08 08:00:00
o01646,c0363,delivered,2017-02-23 07:00:00,2017-03-07 07:00:00
o01647,c0364,delivered,2017-11-18 07:00:00,2017-11-28 07:00:00
o01648,c0364,delivered,2017-06-22 12:00:00,2017-07-10 12:00:00
o01649,c0364,delivered,2017-01-27 11:00:00,2017-02-12 11:00:00
o01650,c0364,delivered,2018-02-13 13:00:00,2018-02-27 13:00:00
o01651,c0364,delivered,2018-02-19 09:00:00,2018-03-06 09:00:00
o01652,c0364,delivered,2017-07-14 10:00:00,2017-07-18 10:00:00
o01653,c0364,delivered,2017-08-01 03:00:00,2017-08-08 03:00:00
o01654,c0364,delivered,2017-09-13 12:00:00,2017-10-06 12:00:00
o01655,c0365,delivered,2017-01-16 21:00:00,2017-01-25 21:00:00
o01656,c0365,delivered,2018-03-17 16:00:00,2018-04-10 16:00:00
o01657,c0365,delivered,2017-03-08 23:00:00,2017-03-11 23:00:00
o01658,c0365,delivered,2018-06-18 15:00:00,2018-07-01 15:00:00
o01659,c0366,delivered,2017-08-30 02:00:00,2017-09-19 02:00:00
o01660,c0366,delivered,2018-03-19 22:00:00,2018-04-06 22:00:00
o01661,c0366,delivered,2018-08-05 21:00:00,2018-08-16 21:00:00
o01662,c0366,delivered,2018-03-04 06:00:00,2018-03-24 06:00:00
o01663,c0367,delivered,2018-01-06 10:00:00,2018-01-22 10:00:00
o01664,c0367,delivered,2017-06-18 14:00:00,2017-06-30 14:00:00
o01665,c0367,delivered,2017-07-15 23:00:00,2017-07-18 23:00:00
o01666,c0367,delivered,2018-04-06 05:00:00,2018-04-13 05:00:00
o01667,c0367,delivered,2017-04-04 02:00:00,2017-04-08 02:00:00
o01668,c0367,delivered,2018-05-22 22:00:00,2018-06-06 22:00:00
o01669,c0368,delivered,2017-01-09 20:00:00,2017-01-24 20:00:00
o01670,c0368,delivered,2017-11-13 22:00:00,2017-11-24 22:00:00
o01671,c0368,delivered,2017-08-07 18:00:00,2017-08-21 18:00:00
o01672,c0368,delivered,2018-03-12 16:00:00,2018-04-02 16:00:00
o01673,c0368,delivered,2017-07-12 01:00:00,2017-07-24 01:00:00
o01674,c0368,delivered,2018-01-29 19:00:00,2018-02-06 19:00:00
o01675,c0369,delivered,2018-03-30 19:00:00,2018-04-19 19:00:00
o01676,c0369,delivered,2018-05-07 23:00:00,2018-05-24 23:00:00
o01677,c0370,delivered,2017-08-14 10:00:00,2017-09-02 10:00:00
o01678,c0370,delivered,2017-05-24 14:00:00,2017-06-08 14:00:00
o01679,c0370,delivered,2018-02-10 10:00:00,2018-03-01 10:00:00
o01680,c0370,delivered,2017-02-13 17:00:00,2017-03-05 17:00:00
o01681,c0370,delivered,2018-06-23 22:00:00,2018-07-03 22:00:00
o01682,c0371,delivered,2017-01-29 15:00:00,2017-02-02 15:00:00
o01683,c0371,delivered,2017-06-20 16:00:00,2017-07-05 16:00:00
o01684,c0371,delivered,2018-01-04 18:00:00,2018-01-09 18:00:00
o01685,c0372,delivered,2018-04-26 14:00:00,2018-05-07 14:00:00
o01686,c0372,delivered,2017-10-09 12:00:00,2017-10-23 12:00:00
o01687,c0372,delivered,2017-07-22 05:00:00,2017-07-27 05:00:00
o01688,c0372,delivered,2017-07-27 06:00:00,2017-08-09 06:00:00
o01689,c0373,delivered,2018-07-09 02:00:00,2018-07-18 02:00:00
o01690,c0373,delivered,2017-01-30 23:00:00,2017-02-17 23:00:00
o01691,c0373,delivered,2017-05-27 09:00:00,2017-06-14 09:00:00
o01692,c0373,delivered,2018-08-06 13:00:00,2018-08-14 13:00:00
o01693,c0374,delivered,2018-02-28 16:00:00,2018-03-16 16:00:00
o01694,c0374,delivered,2017-01-28 16:00:00,2017-01-30 16:00:00
o01695,c0374,delivered,2018-07-05 21:00:00,2018-07-19 21:00:00
o01696,c0374,delivered,2018-01-28 01:00:00,2018-02-19 01:00:00
o01697,c0374,delivered,2017-06-14 06:00:00,2017-07-02 06:00:00
o01698,c0374,delivered,2018-07-25 11:00:00,2018-08-07 11:00:00
o01699,c0374,delivered,2017-11-30 06:00:00,2017-12-15 06:00:00
o01700,c0375,delivered,2018-08-08 09:00:00,2018-08-27 09:00:00
o01701,c0375,delivered,2018-04-16 20:00:00,2018-05-04 20:00:00
o01702,c0376,delivered,2018-07-15 17:00:00,2018-08-08 17:00:00
o01703,c0376,delivered,2018-03-11 20:00:00,2018-04-02 20:00:00
o01704,c0376,delivered,2018-08-21 14:00:00,2018-09-08 14:00:00
o01705,c0376,delivered,2018-08-11 09:00:00,2018-08-15 09:00:00
o01706,c0377,delivered,2018-06-22 15:00:00,2018-07-03 15:00:00
o01707,c0377,delivered,2018-03-12 00:00:00,2018-03-24 00:00:00
o01708,c0377,delivered,2017-06-11 06:00:00,2017-07-05 06:00:00
o01709,c0377,delivered,2017-12-01 03:00:00,2017-12-11 03:00:00
o01710,c0377,delivered,2017-05-28 21:00:00,2017-06-05 21:00:00
o01711,c0377,delivered,2017-08-05 08:00:00,2017-08-11 08:00:00
o01712,c0377,delivered,2018-04-20 13:00:00,2018-05-02 13:00:00
o01713,c0378,delivered,2017-08-29 16:00:00,2017-09-02 16:00:00
o01714,c0378,delivered,2018-07-21 13:00:00,2018-07-28 13:00:00
o01715,c0379,delivered,2017-11-24 20:00:00,2017-11-29 20:00:00
o01716,c0379,delivered,2017-11-15 14:00:00,2017-12-05 14:00:00
o01717,c0379,delivered,2017-12-11 17:00:00,2017-12-30 17:00:00
o01718,c0380,delivered,2018-06-26 08:00:00,2018-07-14 08:00:00
o01719,c0380,delivered,2017-06-01 20:00:00,2017-06-24 20:00:00
o01720,c0380,delivered,2017-06-28 13:00:00,2017-07-18 13:00:00
o01721,c0381,delivered,2017-01-17 16:00:00,2017-02-06 16:00:00
o01722,c0381,delivered,2018-06-14 04:00:00,2018-07-03 04:00:00
o01723,c0381,delivered,2018-04-23 00:00:00,2018-05-11 00:00:00
o01724,c0381,delivered,2018-01-16 23:00:00,2018-01-18 23:00:00
o01725,c0381,delivered,2018-08-11 13:00:00,2018-08-19 13:00:00
o01726,c0382,delivered,2017-08-24 18:00:00,2017-09-17 18:00:00
o01727,c0382,delivered,2017-07-12 23:00:00,2017-07-28 23:00:00
o01728,c0382,delivered,2017-04-27 14:00:00,2017-05-17 14:00:00
o01729,c0382,delivered,2017-02-03 01:00:00,2017-02-05 01:00:00
o01730,c0382,delivered,2017-12-13 01:00:00,2018-01-05 01:00:00
o01731,c0382,delivered,2017-03-19 01:00:00,2017-03-26 01:00:00
o01732,c0382,delivered,2018-04-10 21:00:00,2018-04-17 21:00:00
o01733,c0382,delivered,2017-11-12 18:00:00,2017-12-02 18:00:00
o01734,c0383,delivered,2017-04-03 20:00:00,2017-04-24 20:00:00
o01735,c0383,delivered,2018-03-23 12:00:00,2018-04-03 12:00:00
o01736,c0383,delivered,2018-06-25 20:00:00,2018-07-08 20:00:00
o01737,c0383,delivered,2018-03-28 09:00:00,2018-04-16 09:00:00
o01738,c0383,delivered,2017-02-24 21:00:00,2017-03-09 21:00:00
o01739,c0384,delivered,2017-12-30 04:00:00,2018-01-13 04:00:00
o01740,c0384,delivered,2017-01-02 21:00:00,2017-01-21 21:00:00
o01741,c0384,delivered,2017-10-04 20:00:00,2017-10-24 20:00:00
o01742,c0384,delivered,2017-03-14 01:00:00,2017-03-21 01:00:00
o01743,c0384,delivered,2017-01-01 13:00:00,2017-01-15 13:00:00
o01744,c0385,delivered,2017-11-24 01:00:00,2017-12-17 01:00:00
o01745,c0385,delivered,2018-08-17 14:00:00,2018-08-19 14:00:00
o01746,c0385,delivered,2017-08-29 17:00:00,2017-09-17 17:00:00
o01747,c0385,delivered,2017-05-28 19:00:00,2017-06-21 19:00:00
o01748,c0385,delivered,2017-11-06 09:00:00,2017-11-20 09:00:00
o01749,c0386,delivered,2017-01-17 12:00:00,2017-01-19 12:00:00
o01750,c0386,delivered,2017-01-22 13:00:00,2017-02-04 13:00:00
o01751,c0386,delivered,2018-08-23 12:00:00,2018-09-16 12:00:00
o01752,c0386,delivered,2018-05-06 08:00:00,2018-05-29 08:00:00
o01753,c0386,delivered,2017-10-21 14:00:00,2017-10-25 14:00:00
o01754,c0386,delivered,2017-05-10 12:00:00,2017-05-18 12:00:00
o01755,c0387,delivered,2017-12-31 01:00:00,2018-01-07 01:00:00
o01756,c0387,delivered,2018-02-09 14:00:00,2018-03-05 14:00:00
o01757,c0388,delivered,2018-07-02 19:00:00,2018-07-04 19:00:00
o01758,c0388,delivered,2018-01-02 05:00:00,2018-01-10 05:00:00
o01759,c0388,delivered,2017-05-08 10:00:00,2017-05-12 10:00:00
o01760,c0389,delivered,2017-11-20 03:00:00,2017-12-03 03:00:00
o01761,c0389,delivered,2018-01-16 04:00:00,2018-01-20 04:00:00
o01762,c0389,delivered,2018-05-06 17:00:00,2018-05-14 17:00:00
o01763,c0389,delivered,2018-06-24 05:00:00,2018-07-17 05:00:00
o01764,c0389,delivered,2017-03-10 15:00:00,2017-03-12 15:00:00
o01765,c0389,delivered,2017-05-01 09:00:00,2017-05-04 09:00:00
o01766,c0389,delivered,2017-10-05 05:00:00,2017-10-09 05:00:00
o01767,c0390,delivered,2018-08-08 23:00:00,2018-09-01 23:00:00
o01768,c0390,delivered,2017-04-04 09:00:00,2017-04-13 09:00:00
o01769,c0390,delivered,2017-07-18 09:00:00,2017-07-31 09:00:00
o01770,c0390,delivered,2017-10-22 07:00:00,2017-11-15 07:00:00
o01771,c0391,delivered,2018-08-19 07:00:00,2018-08-26 07:00:00
o01772,c0391,delivered,2017-11-20 08:00:00,2017-12-14 08:00:00
o01773,c0391,delivered,2017-09-19 00:00:00,2017-09-23 00:00:00
o01774,c0391,delivered,2017-02-15 09:00:00,2017-02-24 09:00:00
o01775,c0391,delivered,2018-06-05 21:00:00,2018-06-10 21:00:00
o01776,c0391,delivered,2018-07-29 14:00:00,2018-08-07 14:00:00
o01777,c0391,delivered,2017-09-05 10:00:00,2017-09-10 10:00:00
o01778,c0391,delivered,2018-06-12 00:00:00,2018-06-15 00:00:00
o01779,c0392,delivered,2017-06-16 03:00:00,2017-06-19 03:00:00
o01780,c0392,delivered,2017-08-22 09:00:00,2017-08-26 09:00:00
o01781,c0393,delivered,2018-05-08 21:00:00,2018-05-26 21:00:00
o01782,c0393,delivered,2017-11-14 22:00:00,2017-11-24 22:00:00
o01783,c0393,delivered,2017-09-17 00:00:00,2017-10-05 00:00:00
o01784,c0394,delivered,2017-02-26 15:00:00,2017-03-17 15:00:00
o01785,c0395,delivered,2017-05-12 14:00:00,2017-05-20 14:00:00
o01786,c0395,delivered,2017-08-31 12:00:00,2017-09-07 12:00:00
o01787,c0395,delivered,2018-04-30 09:00:00,2018-05-12 09:00:00
o01788,c0396,delivered,2018-05-11 05:00:00,2018-05-23 05:00:00
o01789,c0396,delivered,2018-08-28 09:00:00,2018-09-01 09:00:00
o01790,c0396,delivered,2017-06-22 22:00:00,2017-07-11 22:00:00
o01791,c0396,delivered,2018-05-07 06:00:00,2018-05-28 06:00:00
o01792,c0396,delivered,2017-08-28 19:00:00,2017-09-19 19:00:00
o01793,c0396,delivered,2017-05-07 22:00:00,2017-05-23 22:00:00
o01794,c0397,delivered,2018-03-21 18:00:00,2018-03-26 18:00:00
o01795,c0397,delivered,2018-03-30 05:00:00,2018-04-07 05:00:00
o01796,c0397,delivered,2017-03-12 04:00:00,2017-04-05 04:00:00
o01797,c0398,delivered,2017-07-19 09:00:00,2017-08-01 09:00:00
o01798,c0398,delivered,2018-03-10 13:00:00,2018-03-24 13:00:00
o01799,c0398,delivered,2018-05-24 11:00:00,2018-06-12 11:00:00
o01800,c0398,delivered,2018-07-08 16:00:00,2018-07-10 16:00:00
o01801,c0398,delivered,2017-06-10 14:00:00,2017-06-23 14:00:00
o01802,c0398,delivered,2017-06-23 08:00:00,2017-06-26 08:00:00
o01803,c0398,delivered,2017-05-23 18:00:00,2017-05-25 18:00:00
o01804,c0398,delivered,2018-05-24 08:00:00,2018-06-13 08:00:00
o01805,c0399,delivered,2017-06-05 19:00:00,2017-06-20 19:00:00
o01806,c0399,delivered,2018-06-02 01:00:00,2018-06-22 01:00:00
o01807,c0399,delivered,2017-06-14 08:00:00,2017-06-17 08:00:00
o01808,c0400,delivered,2018-08-04 15:00:00,2018-08-28 15:00:00
o01809,c0400,delivered,2017-12-12 03:00:00,2017-12-21 03:00:00
o01810,c0400,delivered,2017-09-25 03:00:00,2017-10-18 03:00:00
o01811,c0400,delivered,2018-08-06 13:00:00,2018-08-21 13:00:00
o01812,c0400,delivered,2018-03-04 16:00:00,2018-03-07 16:00:00
o01813,c0400,delivered,2017-11-20 18:00:00,2017-12-10 18:00:00
o01814,c0400,delivered,2017-12-29 21:00:00,2018-01-13 21:00:00
o01815,c0401,delivered,2017-08-21 10:00:00,2017-09-07 10:00:00
o01816,c0401,delivered,2018-06-23 05:00:00,2018-07-01 05:00:00
o01817,c0401,delivered,2018-02-01 18:00:00,2018-02-12 18:00:00
o01818,c0401,delivered,2018-01-27 00:00:00,2018-02-04 00:00:00
o01819,c0401,delivered,2018-08-04 13:00:00,2018-08-25 13:00:00
o01820,c0401,delivered,2017-05-13 06:00:00,2017-06-06 06:00:00
o01821,c0401,delivered,2018-08-30 21:00:00,2018-09-08 21:00:00
o01822,c0401,delivered,2018-05-03 11:00:00,2018-05-24 11:00:00
o01823,c0402,delivered,2018-06-02 10:00:00,2018-06-11 10:00:00
o01824,c0402,delivered,2018-08-16 10:00:00,2018-08-27 10:00:00
o01825,c0402,delivered,2018-02-09 22:00:00,2018-02-14 22:00:00
o01826,c0402,delivered,2018-08-22 10:00:00,2018-08-24 10:00:00
o01827,c0402,delivered,2017-07-08 11:00:00,2017-07-25 11:00:00
o01828,c0402,delivered,2017-12-11 03:00:00,2017-12-24 03:00:00
o01829,c0403,delivered,2017-05-22 06:00:00,2017-06-09 06:00:00
o01830,c0403,delivered,2018-05-04 03:00:00,2018-05-19 03:00:00
o01831,c0404,delivered,2017-09-14 08:00:00,2017-10-02 08:00:00
o01832,c0404,delivered,2017-06-01 18:00:00,2017-06-12 18:00:00
o01833,c0404,delivered,2017-02-27 19:00:00,2017-03-20 19:00:00
o01834,c0404,delivered,2017-12-09 17:00:00,2017-12-14 17:00:00
o01835,c0404,delivered,2017-07-26 08:00:00,2017-08-14 08:00:00
o01836,c0404,delivered,2017-08-03 17:00:00,2017-08-12 17:00:00
o01837,c0405,delivered,2018-01-01 05:00:00,2018-01-15 05:00:00
o01838,c0405,delivered,2017-02-19 17:00:00,2017-02-21 17:00:00
o01839,c0405,delivered,2018-08-31 20:00:00,2018-09-15 20:00:00
o01840,c0405,delivered,2018-07-08 19:00:00,2018-07-13 19:00:00
o01841,c0406,delivered,2018-03-29 09:00:00,2018-04-19 09:00:00
o01842,c0406,delivered,2018-06-10 22:00:00,2018-06-22 22:00:00
o01843,c0406,delivered,2017-04-28 03:00:00,2017-05-03 03:00:00
o01844,c0406,delivered,2018-08-27 14:00:00,2018-09-06 14:00:00
o01845,c0406,delivered,2017-10-01 04:00:00,2017-10-16 04:00:00
o01846,c0406,delivered,2017-09-16 19:00:00,2017-09-18 19:00:00
o01847,c0406,delivered,2018-07-21 01:00:00,2018-08-01 01:00:00
o01848,c0406,delivered,2017-07-27 17:00:00,2017-08-13 17:00:00
o01849,c0406,delivered,2017-04-30 11:00:00,2017-05-14 11:00:00
o01850,c0406,delivered,2017-10-10 00:00:00,2017-10-16 00:00:00
o01851,c0406,delivered,2017-11-03 06:00:00,2017-11-17 06:00:00
o01852,c0407,delivered,2017-04-10 17:00:00,2017-04-16 17:00:00
o01853,c0407,delivered,2018-01-30 20:00:00,2018-02-09 20:00:00
o01854,c0407,delivered,2017-03-26 00:00:00,2017-04-05 00:00:00
o01855,c0407,delivered,2017-03-12 21:00:00,2017-04-05 21:00:00
o01856,c0407,delivered,2018-08-20 22:00:00,2018-09-04 22:00:00
o01857,c0407,delivered,2017-07-17 10:00:00,2017-07-24 10:00:00
o01858,c0407,delivered,2018-05-26 10:00:00,2018-06-05 10:00:00
o01859,c0408,delivered,2018-02-24 08:00:00,2018-03-06 08:00:00
o01860,c0408,delivered,2017-05-19 01:00:00,2017-05-21 01:00:00
o01861,c0408,delivered,2017-09-02 23:00:00,2017-09-09 23:00:00
o01862,c0408,delivered,2018-01-25 07:00:00,2018-02-02 07:00:00
o01863,c0409,delivered,2017-04-10 13:00:00,2017-04-27 13:00:00
o01864,c0409,delivered,2017-08-01 12:00:00,2017-08-13 12:00:00
o01865,c0409,delivered,2017-06-14 16:00:00,2017-06-28 16:00:00
o01866,c0409,delivered,2017-02-10 11:00:00,2017-02-20 11:00:00
o01867,c0409,delivered,2018-04-29 07:00:00,2018-05-22 07:00:00
o01868,c0410,delivered,2018-01-09 03:00:00,2018-01-20 03:00:00
o01869,c0410,delivered,2018-06-22 06:00:00,2018-07-10 06:00:00
o01870,c0410,delivered,2018-04-22 16:00:00,2018-04-26 16:00:00
o01871,c0410,delivered,2017-08-16 08:00:00,2017-08-25 08:00:00
o01872,c0410,delivered,2018-06-19 00:00:00,2018-07-03 00:00:00
o01873,c0411,delivered,2018-08-21 21:00:00,2018-09-05 21:00:00
o01874,c0411,delivered,2018-08-30 09:00:00,2018-09-15 09:00:00
o01875,c0411,delivered,2017-11-27 01:00:00,2017-11-29 01:00:00
o01876,c0411,delivered,2018-06-30 04:00:00,2018-07-10 04:00:00
o01877,c0411,delivered,2018-01-15 13:00:00,2018-01-28 13:00:00
o01878,c0411,delivered,2018-08-19 18:00:00,2018-09-11 18:00:00
o01879,c0411,delivered,2018-02-05 23:00:00,2018-02-20 23:00:00
o01880,c0412,delivered,2017-11-26 19:00:00,2017-12-17 19:00:00
o01881,c0412,delivered,2017-02-11 21:00:00,2017-02-28 21:00:00
o01882,c0412,delivered,2018-06-30 17:00:00,2018-07-23 17:00:00
o01883,c0412,delivered,2017-06-17 04:00:00,2017-06-23 04:00:00
o01884,c0412,delivered,2017-06-03 05:00:00,2017-06-15 05:00:00
o01885,c0413,delivered,2017-05-01 03:00:00,2017-05-15 03:00:00
o01886,c0413,delivered,2018-04-28 03:00:00,2018-05-11 03:00:00
o01887,c0413,delivered,2018-02-05 16:00:00,2018-02-09 16:00:00
o01888,c0413,delivered,2018-03-23 00:00:00,2018-03-30 00:00:00
o01889,c0413,delivered,2017-07-14 20:00:00,2017-07-20 20:00:00
o01890,c0414,delivered,2018-04-21 23:00:00,2018-05-15 23:00:00
o01891,c0414,delivered,2017-07-04 02:00:00,2017-07-11 02:00:00
o01892,c0414,delivered,2018-04-13 04:00:00,2018-04-29 04:00:00
o01893,c0414,delivered,2017-08-16 18:00:00,2017-08-31 18:00:00
o01894,c0414,delivered,2017-12-22 18:00:00,2018-01-14 18:00:00
o01895,c0414,delivered,2017-08-10 12:00:00,2017-08-26 12:00:00
o01896,c0414,delivered,2018-05-16 11:00:00,2018-05-26 11:00:00
o01897,c0414,delivered,2018-05-30 22:00:00,2018-06-14 22:00:00
o01898,c0415,delivered,2017-03-04 06:00:00,2017-03-16 06:00:00
o01899,c0415,delivered,2018-03-04 16:00:00,2018-03-24 16:00:00
o01900,c0415,delivered,2017-01-19 11:00:00,2017-02-06 11:00:00
o01901,c0415,delivered,2018-08-24 03:00:00,2018-09-15 03:00:00
o01902,c0415,delivered,2017-01-05 04:00:00,2017-01-26 04:00:00
o01903,c0415,delivered,2018-04-24 23:00:00,2018-05-09 23:00:00
o01904,c0415,delivered,2018-01-10 12:00:00,2018-01-23 12:00:00
o01905,c0416,delivered,2017-11-09 07:00:00,2017-11-30 07:00:00
o01906,c0416,delivered,2017-08-05 14:00:00,2017-08-22 14:00:00
o01907,c0416,delivered,2017-11-23 14:00:00,2017-11-26 14:00:00
o01908,c0416,delivered,2017-07-12 10:00:00,2017-07-23 10:00:00
o01909,c0417,delivered,2018-07-07 21:00:00,2018-07-25 21:00:00
o01910,c0417,delivered,2017-08-03 01:00:00,2017-08-22 01:00:00
o01911,c0417,delivered,2018-06-22 11:00:00,2018-07-13 11:00:00
o01912,c0417,delivered,2018-07-20 13:00:00,2018-07-26 13:00:00
o01913,c0417,delivered,2017-01-14 18:00:00,2017-01-28 18:00:00
o01914,c0418,delivered,2017-04-04 01:00:00,2017-04-28 01:00:00
o01915,c0418,delivered,2017-07-14 07:00:00,2017-07-30 07:00:00
o01916,c0418,delivered,2017-08-10 21:00:00,2017-08-27 21:00:00
o01917,c0418,delivered,2017-08-06 06:00:00,2017-08-27 06:00:00
o01918,c0418,delivered,2017-12-26 22:00:00,2018-01-04 22:00:00
o01919,c0419,delivered,2017-01-13 21:00:00,2017-01-20 21:00:00
o01920,c0419,delivered,2018-05-30 17:00:00,2018-06-06 17:00:00
o01921,c0419,delivered,2018-04-06 01:00:00,2018-04-17 01:00:00
o01922,c0419,delivered,2017-08-05 15:00:00,2017-08-19 15:00:00
o01923,c0419,delivered,2018-01-08 11:00:00,2018-01-27 11:00:00
o01924,c0419,delivered,2017-04-08 17:00:00,2017-04-11 17:00:00
o01925,c0420,delivered,2017-02-22 17:00:00,2017-02-27 17:00:00
o01926,c0420,delivered,2018-04-14 03:00:00,2018-04-19 03:00:00
o01927,c0420,delivered,2018-07-21 04:00:00,2018-08-13 04:00:00
o01928,c0420,delivered,2017-07-31 19:00:00,2017-08-23 19:00:00
o01929,c0420,delivered,2017-03-12 07:00:00,2017-03-27 07:00:00
o01930,c0421,delivered,2018-06-11 04:00:00,2018-06-17 04:00:00
o01931,c0422,delivered,2017-08-12 04:00:00,2017-08-20 04:00:00
o01932,c0422,delivered,2017-03-20 19:00:00,2017-04-09 19:00:00
o01933,c0422,delivered,2017-03-29 12:00:00,2017-04-14 12:00:00
o01934,c0422,delivered,2018-01-17 23:00:00,2018-02-02 23:00:00
o01935,c0423,delivered,2018-02-22 00:00:00,2018-02-25 00:00:00
o01936,c0423,delivered,2018-01-12 21:00:00,2018-01-23 21:00:00
o01937,c0423,delivered,2018-01-26 05:00:00,2018-02-07 05:00:00
o01938,c0423,delivered,2018-04-02 15:00:00,2018-04-06 15:00:00
o01939,c0423,delivered,2018-06-19 22:00:00,2018-07-01 22:00:00
o01940,c0424,delivered,2017-07-27 12:00:00,2017-08-16 12:00:00
o01941,c0424,delivered,2017-10-03 00:00:00,2017-10-06 00:00:00
o01942,c0424,delivered,2018-05-09 18:00:00,2018-05-28 18:00:00
o01943,c0425,delivered,2017-03-18 04:00:00,2017-03-29 04:00:00
o01944,c0425,delivered,2017-05-21 09:00:00,2017-06-04 09:00:00
o01945,c0425,delivered,2017-06-20 02:00:00,2017-07-01 02:00:00
o01946,c0425,delivered,2018-03-16 14:00:00,2018-03-25 14:00:00
o01947,c0425,delivered,2017-07-09 14:00:00,2017-07-14 14:00:00
o01948,c0426,delivered,2018-05-22 20:00:00,2018-05-24 20:00:00
o01949,c0426,delivered,2018-08-14 00:00:00,2018-08-26 00:00:00
o01950,c0427,delivered,2018-02-10 07:00:00,2018-02-16 07:00:00
o01951,c0427,delivered,2017-01-29 17:00:00,2017-01-31 17:00:00
o01952,c0427,delivered,2017-10-22 09:00:00,2017-11-15 09:00:00
o01953,c0427,delivered,2018-07-20 19:00:00,2018-08-07 19:00:00
o01954,c0428,delivered,2017-11-27 08:00:00,2017-12-02 08:00:00
o01955,c0428,delivered,2018-08-12 09:00:00,2018-08-23 09:00:00
o01956,c0428,delivered,2017-03-27 06:00:00,2017-04-12 06:00:00
o01957,c0428,delivered,2017-09-17 14:00:00,2017-09-23 14:00:00
o01958,c0428,delivered,2017-02-19 21:00:00,2017-03-02 21:00:00
o01959,c0428,delivered,2017-08-08 06:00:00,2017-08-25 06:00:00
o01960,c0428,delivered,2017-12-09 09:00:00,2018-01-01 09:00:00
o01961,c0428,delivered,2018-07-03 04:00:00,2018-07-19 04:00:00
o01962,c0428,delivered,2018-08-12 11:00:00,2018-08-14 11:00:00
o01963,c0429,delivered,2017-03-22 16:00:00,2017-04-13 16:00:00
o01964,c0429,delivered,2017-03-20 13:00:00,2017-04-02 13:00:00
o01965,c0430,delivered,2017-06-23 15:00:00,2017-07-15 15:00:00
o01966,c0430,delivered,2017-05-26 01:00:00,2017-06-05 01:00:00
o01967,c0430,delivered,2017-07-10 17:00:00,2017-07-24 17:00:00
o01968,c0430,delivered,2017-01-11 08:00:00,2017-01-29 08:00:00
o01969,c0430,delivered,2017-10-17 13:00:00,2017-10-25 13:00:00
o01970,c0430,delivered,2017-07-14 03:00:00,2017-07-17 03:00:00
o01971,c0430,delivered,2017-01-23 14:00:00,2017-01-28 14:00:00
o01972,c0430,delivered,2017-12-15 22:00:00,2018-01-02 22:00:00
o01973,c0431,delivered,2017-12-16 02:00:00,2017-12-29 02:00:00
o01974,c0431,delivered,2018-06-26 09:00:00,2018-07-17 09:00:00
o01975,c0431,delivered,2018-03-07 06:00:00,2018-03-12 06:00:00
o01976,c0432,delivered,2017-01-11 06:00:00,2017-01-20 06:00:00
o01977,c0432,delivered,2018-02-03 13:00:00,2018-02-16 13:00:00
o01978,c0432,delivered,2018-03-16 18:00:00,2018-04-03 18:00:00
o01979,c0432,delivered,2018-06-30 08:00:00,2018-07-20 08:00:00
o01980,c0433,delivered,2017-09-13 04:00:00,2017-09-18 04:00:00
o01981,c0433,delivered,2017-02-25 22:00:00,2017-03-02 22:00:00
o01982,c0434,delivered,2018-05-23 18:00:00,2018-06-04 18:00:00
o01983,c0434,delivered,2018-07-10 21:00:00,2018-08-02 21:00:00
o01984,c0434,delivered,2017-10-30 07:00:00,2017-11-02 07:00:00
o01985,c0434,delivered,2018-05-26 20:00:00,2018-06-09 20:00:00
o01986,c0434,delivered,2017-02-13 19:00:00,2017-02-21 19:00:00
o01987,c0435,delivered,2017-11-30 15:00:00,2017-12-05 15:00:00
o01988,c0435,delivered,2017-02-08 01:00:00,2017-03-04 01:00:00
o01989,c0435,delivered,2018-08-05 10:00:00,2018-08-16 10:00:00
o01990,c0435,delivered,2017-09-05 08:00:00,2017-09-19 08:00:00
o01991,c0435,delivered,2017-08-05 14:00:00,2017-08-15 14:00:00
o01992,c0436,delivered,2018-01-18 22:00:00,2018-01-24 22:00:00
o01993,c0436,delivered,2017-02-08 12:00:00,2017-02-12 12:00:00
o01994,c0436,delivered,2017-05-21 18:00:00,2017-06-01 18:00:00
o01995,c0436,delivered,2017-12-01 18:00:00,2017-12-05 18:00:00
o01996,c0436,delivered,2017-10-19 00:00:00,2017-11-01 00:00:00
o01997,c0436,delivered,2017-05-17 21:00:00,2017-05-24 21:00:00
o01998,c0436,delivered,2017-05-02 00:00:00,2017-05-07 00:00:00
o01999,c0436,delivered,2017-05-12 05:00:00,2017-05-30 05:00:00
o02000,c0436,delivered,2018-06-24 20:00:00,2018-07-17 20:00:00
o02001,c0436,delivered,2018-07-01 10:00:00,2018-07-11 10:00:00
o02002,c0437,delivered,2018-01-30 07:00:00,2018-02-14 07:00:00
o02003,c0437,delivered,2018-08-31 04:00:00,2018-09-19 04:00:00
o02004,c0437,delivered,2018-07-23 12:00:00,2018-08-02 12:00:00
o02005,c0438,delivered,2017-06-04 04:00:00,2017-06-13 04:00:00
o02006,c0438,delivered,2018-03-30 12:00:00,2018-04-06 12:00:00
o02007,c0438,delivered,2017-11-26 19:00:00,2017-11-28 19:00:00
o02008,c0438,delivered,2017-01-13 23:00:00,2017-02-01 23:00:00
o02009,c0439,delivered,2017-12-16 21:00:00,2017-12-31 21:00:00
o02010,c0439,delivered,2017-11-13 05:00:00,2017-12-03 05:00:00
o02011,c0440,delivered,2018-04-11 07:00:00,2018-04-29 07:00:00
o02012,c0440,delivered,2018-03-19 02:00:00,2018-03-24 02:00:00
o02013,c0440,delivered,2017-12-28 14:00:00,2018-01-14 14:00:00
o02014,c0441,delivered,2017-08-15 20:00:00,2017-08-27 20:00:00
o02015,c0442,delivered,2017-05-06 02:00:00,2017-05-28 02:00:00
o02016,c0442,delivered,2018-03-06 11:00:00,2018-03-12 11:00:00
o02017,c0442,delivered,2017-02-28 03:00:00,2017-03-04 03:00:00
o02018,c0442,delivered,2017-11-18 04:00:00,2017-11-22 04:00:00
o02019,c0442,delivered,2017-06-21 16:00:00,2017-07-04 16:00:00
o02020,c0442,delivered,2017-04-04 17:00:00,2017-04-17 17:00:00
o02021,c0443,delivered,2017-04-24 16:00:00,2017-05-18 16:00:00
o02022,c0443,delivered,2017-11-25 03:00:00,2017-12-04 03:00:00
o02023,c0443,delivered,2017-12-31 23:00:00,2018-01-23 23:00:00
o02024,c0443,delivered,2018-07-22 19:00:00,2018-08-06 19:00:00
o02025,c0443,delivered,2018-01-29 17:00:00,2018-02-16 17:00:00
o02026,c0444,delivered,2018-01-24 03:00:00,2018-02-15 03:00:00
o02027,c0444,delivered,2017-01-06 10:00:00,2017-01-17 10:00:00
o02028,c0444,delivered,2018-08-29 02:00:00,2018-09-10 02:00:00
o02029,c0444,delivered,2017-08-06 02:00:00,2017-08-13 02:00:00
o02030,c0444,delivered,2017-09-14 21:00:00,2017-09-24 21:00:00
o02031,c0445,delivered,2018-06-20 17:00:00,2018-07-10 17:00:00
o02032,c0445,delivered,2018-06-04 17:00:00,2018-06-22 17:00:00
o02033,c0445,delivered,2017-04-04 17:00:00,2017-04-07 17:00:00
o02034,c0445,delivered,2018-03-25 15:00:00,2018-04-13 15:00:00
o02035,c0445,delivered,2018-01-26 08:00:00,2018-02-05 08:00:00
o02036,c0445,delivered,2017-12-29 11:00:00,2018-01-07 11:00:00
o02037,c0445,delivered,2017-10-25 12:00:00,2017-11-01 12:00:00
o02038,c0446,delivered,2018-01-24 07:00:00,2018-02-01 07:00:00
o02039,c0446,delivered,2017-09-12 02:00:00,2017-09-27 02:00:00
o02040,c0447,delivered,2018-03-22 22:00:00,2018-03-30 22:00:00
o02041,c0447,delivered,2017-11-24 12:00:00,2017-12-12 12:00:00
o02042,c0447,delivered,2018-01-15 19:00:00,2018-02-05 19:00:00
o02043,c0447,delivered,2017-03-11 08:00:00,2017-03-28 08:00:00
o02044,c0447,delivered,2017-11-27 11:00:00,2017-12-02 11:00:00
o02045,c0448,delivered,2017-12-15 17:00:00,2017-12-17 17:00:00
o02046,c0448,delivered,2017-12-26 21:00:00,2018-01-10 21:00:00
o02047,c0448,delivered,2018-08-03 08:00:00,2018-08-05 08:00:00
o02048,c0449,delivered,2018-02-19 05:00:00,2018-02-21 05:00:00
o02049,c0449,delivered,2017-04-20 22:00:00,2017-05-09 22:00:00
o02050,c0449,delivered,2017-06-17 14:00:00,2017-06-26 14:00:00
o02051,c0449,delivered,2017-04-18 23:00:00,2017-05-08 23:00:00
o02052,c0449,delivered,2017-08-09 08:00:00,2017-08-29 08:00:00
o02053,c0449,delivered,2017-10-08 09:00:00,2017-10-18 09:00:00
o02054,c0450,delivered,2017-09-29 12:00:00,2017-10-01 12:00:00
o02055,c0450,delivered,2017-10-19 10:00:00,2017-10-27 10:00:00
o02056,c0450,delivered,2017-08-05 10:00:00,2017-08-15 10:00:00
o02057,c0450,delivered,2018-07-07 12:00:00,2018-07-20 12:00:00
o02058,c0450,delivered,2017-06-09 21:00:00,2017-06-11 21:00:00
o02059,c0450,delivered,2017-12-01 04:00:00,2017-12-20 04:00:00
o02060,c0450,delivered,2017-08-18 07:00:00,2017-08-21 07:00:00
o02061,c0451,delivered,2018-04-26 09:00:00,2018-05-04 09:00:00
o02062,c0451,delivered,2018-05-29 00:00:00,2018-06-10 00:00:00
o02063,c0451,delivered,2017-04-08 03:00:00,2017-04-10 03:00:00
o02064,c0452,delivered,2017-04-24 22:00:00,2017-05-06 22:00:00
o02065,c0452,delivered,2018-08-31 06:00:00,2018-09-19 06:00:00
o02066,c0452,delivered,2017-02-24 02:00:00,2017-02-26 02:00:00
o02067,c0453,delivered,2018-07-01 16:00:00,2018-07-20 16:00:00
o02068,c0453,delivered,2018-07-18 07:00:00,2018-08-05 07:00:00
o02069,c0453,delivered,2017-11-02 13:00:00,2017-11-19 13:00:00
o02070,c0454,delivered,2017-10-13 00:00:00,2017-10-16 00:00:00
o02071,c0454,delivered,2017-11-01 13:00:00,2017-11-19 13:00:00
o02072,c0454,delivered,2017-12-14 04:00:00,2017-12-24 04:00:00
o02073,c0455,delivered,2017-09-27 23:00:00,2017-10-11 23:00:00
o02074,c0455,delivered,2018-01-22 17:00:00,2018-02-01 17:00:00
o02075,c0456,delivered,2018-08-10 16:00:00,2018-08-31 16:00:00
o02076,c0456,delivered,2018-04-01 14:00:00,2018-04-03 14:00:00
o02077,c0456,delivered,2017-12-21 03:00:00,2018-01-05 03:00:00
o02078,c0457,delivered,2018-03-03 13:00:00,2018-03-12 13:00:00
o02079,c0457,delivered,2017-02-06 16:00:00,2017-02-24 16:00:00
o02080,c0458,delivered,2017-10-18 17:00:00,2017-11-06 17:00:00
o02081,c0458,delivered,2017-11-08 01:00:00,2017-11-30 01:00:00
o02082,c0459,delivered,2017-10-11 16:00:00,2017-11-02 16:00:00
o02083,c0459,delivered,2017-08-09 14:00:00,2017-08-11 14:00:00
o02084,c0459,delivered,2018-06-23 01:00:00,2018-07-07 01:00:00
o02085,c0459,delivered,2017-08-02 00:00:00,2017-08-14 00:00:00
o02086,c0460,delivered,2018-07-23 04:00:00,2018-07-31 04:00:00
o02087,c0461,delivered,2017-04-26 02:00:00,2017-05-03 02:00:00
o02088,c0461,delivered,2017-12-14 18:00:00,2017-12-31 18:00:00
o02089,c0461,delivered,2018-04-14 17:00:00,2018-04-24 17:00:00
o02090,c0462,delivered,2018-07-02 04:00:00,2018-07-20 04:00:00
o02091,c0462,delivered,2017-03-09 18:00:00,2017-03-13 18:00:00
o02092,c0462,delivered,2017-05-12 09:00:00,2017-05-29 09:00:00
o02093,c0462,delivered,2017-01-28 06:00:00,2017-02-06 06:00:00
o02094,c0462,delivered,2018-03-21 23:00:00,2018-04-06 23:00:00
o02095,c0462,delivered,2017-11-05 08:00:00,2017-11-25 08:00:00
o02096,c0463,delivered,2017-03-07 03:00:00,2017-03-13 03:00:00
o02097,c0463,delivered,2017-06-12 11:00:00,2017-07-05 11:00:00
o02098,c0463,delivered,2018-01-31 09:00:00,2018-02-06 09:00:00
o02099,c0463,delivered,2018-01-30 06:00:00,2018-02-23 06:00:00
o02100,c0463,delivered,2017-10-18 13:00:00,2017-11-09 13:00:00
o02101,c0464,delivered,2017-07-05 11:00:00,2017-07-19 11:00:00
o02102,c0464,delivered,2017-06-14 01:00:00,2017-06-22 01:00:00
o02103,c0464,delivered,2017-03-10 16:00:00,2017-03-12 16:00:00
o02104,c0464,delivered,2017-07-12 21:00:00,2017-07-27 21:00:00
o02105,c0464,delivered,2018-02-13 16:00:00,2018-02-21 16:00:00
o02106,c0464,delivered,2018-01-20 05:00:00,2018-02-05 05:00:00
o02107,c0464,delivered,2018-02-20 21:00:00,2018-03-15 21:00:00
o02108,c0465,delivered,2017-01-15 07:00:00,2017-01-29 07:00:00
o02109,c0465,delivered,2017-07-15 14:00:00,2017-08-05 14:00:00
o02110,c0465,delivered,2017-06-06 21:00:00,2017-06-28 21:00:00
o02111,c0465,delivered,2018-07-10 01:00:00,2018-07-18 01:00:00
o02112,c0465,delivered,2017-03-17 02:00:00,2017-03-20 02:00:00
o02113,c0466,delivered,2017-09-25 02:00:00,2017-10-03 02:00:00
o02114,c0466,delivered,2018-08-20 21:00:00,2018-09-12 21:00:00
o02115,c0466,delivered,2017-01-23 15:00:00,2017-02-08 15:00:00
o02116,c0466,delivered,2017-03-22 21:00:00,2017-04-02 21:00:00
o02117,c0467,delivered,2018-08-17 02:00:00,2018-09-02 02:00:00
o02118,c0467,delivered,2017-03-21 22:00:00,2017-04-05 22:00:00
o02119,c0468,delivered,2017-02-16 05:00:00,2017-02-26 05:00:00
o02120,c0468,delivered,2017-01-08 00:00:00,2017-01-31 00:00:00
o02121,c0468,delivered,2018-08-20 12:00:00,2018-09-11 12:00:00
o02122,c0469,delivered,2018-02-03 00:00:00,2018-02-21 00:00:00
o02123,c0469,delivered,2017-01-12 19:00:00,2017-01-22 19:00:00
o02124,c0469,delivered,2017-03-27 06:00:00,2017-04-13 06:00:00
o02125,c0470,delivered,2018-05-30 13:00:00,2018-06-04 13:00:00
o02126,c0470,delivered,2018-07-02 18:00:00,2018-07-13 18:00:00
o02127,c0470,delivered,2017-12-04 23:00:00,2017-12-14 23:00:00
o02128,c0470,delivered,2017-01-16 03:00:00,2017-01-31 03:00:00
o02129,c0470,delivered,2018-08-30 17:00:00,2018-09-15 17:00:00
o02130,c0470,delivered,2017-07-16 10:00:00,2017-07-18 10:00:00
o02131,c0470,delivered,2017-08-14 14:00:00,2017-09-05 14:00:00
o02132,c0471,delivered,2018-07-15 19:00:00,2018-07-17 19:00:00
o02133,c0471,delivered,2018-05-09 05:00:00,2018-05-25 05:00:00
o02134,c0471,delivered,2018-07-30 21:00:00,2018-08-16 21:00:00
o02135,c0471,delivered,2017-07-01 12:00:00,2017-07-19 12:00:00
o02136,c0471,delivered,2017-11-09 09:00:00,2017-11-20 09:00:00
o02137,c0471,delivered,2017-12-31 00:00:00,2018-01-24 00:00:00
o02138,c0472,delivered,2017-03-04 23:00:00,2017-03-06 23:00:00
o02139,c0472,delivered,2017-11-08 10:00:00,2017-11-23 10:00:00
o02140,c0473,delivered,2017-09-21 21:00:00,2017-09-23 21:00:00
o02141,c0473,delivered,2018-08-23 16:00:00,2018-09-11 16:00:00
o02142,c0473,delivered,2017-03-27 01:00:00,2017-04-07 01:00:00
o02143,c0473,delivered,2017-07-16 18:00:00,2017-08-07 18:00:00
o02144,c0474,delivered,2017-09-17 18:00:00,2017-09-20 18:00:00
o02145,c0474,delivered,2018-03-28 02:00:00,2018-04-14 02:00:00
o02146,c0474,delivered,2017-08-21 09:00:00,2017-08-29 09:00:00
o02147,c0474,delivered,2017-09-03 20:00:00,2017-09-23 20:00:00
o02148,c0474,delivered,2017-07-26 07:00:00,2017-08-08 07:00:00
o02149,c0475,delivered,2018-02-21 04:00:00,2018-03-11 04:00:00
o02150,c0475,delivered,2018-07-31 20:00:00,2018-08-14 20:00:00
o02151,c0475,delivered,2017-07-14 07:00:00,2017-08-02 07:00:00
o02152,c0475,delivered,2017-10-04 02:00:00,2017-10-21 02:00:00
o02153,c0476,delivered,2017-03-25 23:00:00,2017-04-05 23:00:00
o02154,c0476,delivered,2017-07-27 01:00:00,2017-08-01 01:00:00
o02155,c0476,delivered,2018-07-31 12:00:00,2018-08-22 12:00:00
o02156,c0476,delivered,2018-08-05 01:00:00,2018-08-15 01:00:00
o02157,c0477,delivered,2018-05-25 11:00:00,2018-06-07 11:00:00
o02158,c0478,delivered,2017-12-13 16:00:00,2018-01-05 16:00:00
o02159,c0478,delivered,2018-06-24 15:00:00,2018-07-09 15:00:00
o02160,c0478,delivered,2017-08-08 02:00:00,2017-08-26 02:00:00
o02161,c0478,delivered,2017-01-02 16:00:00,2017-01-15 16:00:00
o02162,c0478,delivered,2018-04-24 22:00:00,2018-05-08 22:00:00
o02163,c0479,delivered,2017-12-15 11:00:00,2017-12-25 11:00:00
o02164,c0479,delivered,2017-02-24 00:00:00,2017-03-14 00:00:00
o02165,c0479,delivered,2018-07-11 01:00:00,2018-07-20 01:00:00
o02166,c0479,delivered,2018-01-05 16:00:00,2018-01-23 16:00:00
o02167,c0480,delivered,2018-02-27 02:00:00,2018-03-06 02:00:00
o02168,c0480,delivered,2017-10-13 01:00:00,2017-10-22 01:00:00
o02169,c0480,delivered,2017-08-23 23:00:00,2017-09-01 23:00:00
o02170,c0481,delivered,2018-08-14 16:00:00,2018-08-31 16:00:00
o02171,c0481,delivered,2018-05-14 20:00:00,2018-05-21 20:00:00
o02172,c0481,delivered,2017-09-13 12:00:00,2017-10-07 12:00:00
o02173,c0481,delivered,2017-01-25 11:00:00,2017-01-31 11:00:00
o02174,c0481,delivered,2017-05-06 18:00:00,2017-05-12 18:00:00
o02175,c0482,delivered,2018-04-28 23:00:00,2018-05-17 23:00:00
o02176,c0482,delivered,2017-04-14 03:00:00,2017-04-26 03:00:00
o02177,c0482,delivered,2017-12-02 18:00:00,2017-12-13 18:00:00
o02178,c0482,delivered,2017-04-12 23:00:00,2017-05-04 23:00:00
o02179,c0482,delivered,2018-02-02 16:00:00,2018-02-25 16:00:00
o02180,c0482,delivered,2017-10-16 03:00:00,2017-10-31 03:00:00
o02181,c0482,delivered,2017-10-02 19:00:00,2017-10-21 19:00:00
o02182,c0482,delivered,2017-10-14 08:00:00,2017-10-25 08:00:00
o02183,c0483,delivered,2018-01-20 15:00:00,2018-02-02 15:00:00
o02184,c0483,delivered,2017-11-20 23:00:00,2017-11-27 23:00:00
o02185,c0483,delivered,2017-04-16 19:00:00,2017-05-09 19:00:00
o02186,c0484,delivered,2018-01-06 09:00:00,2018-01-16 09:00:00
o02187,c0484,delivered,2017-10-12 01:00:00,2017-10-26 01:00:00
o02188,c0484,delivered,2017-06-13 06:00:00,2017-06-27 06:00:00
o02189,c0485,delivered,2018-08-09 04:00:00,2018-08-31 04:00:00
o02190,c0485,delivered,2017-11-12 23:00:00,2017-11-22 23:00:00
o02191,c0485,delivered,2018-08-30 15:00:00,2018-09-16 15:00:00
o02192,c0485,delivered,2017-12-09 10:00:00,2017-12-23 10:00:00
o02193,c0485,delivered,2018-06-02 19:00:00,2018-06-04 19:00:00
o02194,c0485,delivered,2018-02-27 20:00:00,2018-03-18 20:00:00
o02195,c0485,delivered,2017-10-30 08:00:00,2017-11-16 08:00:00
o02196,c0486,delivered,2018-02-08 08:00:00,2018-02-19 08:00:00
o02197,c0486,delivered,2017-08-13 01:00:00,2017-08-15 01:00:00
o02198,c0486,delivered,2017-02-20 10:00:00,2017-03-05 10:00:00
o02199,c0486,delivered,2017-09-06 22:00:00,2017-09-13 22:00:00
o02200,c0487,delivered,2017-08-27 05:00:00,2017-09-04 05:00:00
o02201,c0487,delivered,2017-12-22 07:00:00,2017-12-31 07:00:00
o02202,c0487,delivered,2018-02-12 19:00:00,2018-02-18 19:00:00
o02203,c0487,delivered,2017-03-09 05:00:00,2017-03-24 05:00:00
o02204,c0487,delivered,2018-08-07 03:00:00,2018-08-09 03:00:00
o02205,c0488,delivered,2017-11-18 23:00:00,2017-12-02 23:00:00
o02206,c0488,delivered,2018-07-17 15:00:00,2018-07-19 15:00:00
o02207,c0488,delivered,2017-09-17 18:00:00,2017-09-30 18:00:00
o02208,c0488,delivered,2017-04-29 04:00:00,2017-05-16 04:00:00
o02209,c0489,delivered,2017-10-09 13:00:00,2017-10-19 13:00:00
o02210,c0489,delivered,2017-07-26 15:00:00,2017-07-28 15:00:00
o02211,c0489,delivered,2017-09-22 08:00:00,2017-10-11 08:00:00
o02212,c0489,delivered,2018-03-19 10:00:00,2018-03-27 10:00:00
o02213,c0489,delivered,2017-05-24 05:00:00,2017-06-01 05:00:00
o02214,c0489,delivered,2018-04-08 01:00:00,2018-04-10 01:00:00
o02215,c0490,delivered,2017-11-25 05:00:00,2017-12-16 05:00:00
o02216,c0490,delivered,2018-04-03 18:00:00,2018-04-15 18:00:00
o02217,c0490,delivered,2017-09-24 10:00:00,2017-09-30 10:00:00
o02218,c0490,delivered,2017-12-11 20:00:00,2017-12-18 20:00:00
o02219,c0491,delivered,2017-02-04 13:00:00,2017-02-15 13:00:00
o02220,c0491,delivered,2018-04-30 20:00:00,2018-05-23 20:00:00
o02221,c0491,delivered,2017-08-28 21:00:00,2017-09-01 21:00:00
o02222,c0491,delivered,2017-08-15 06:00:00,2017-09-07 06:00:00
o02223,c0491,delivered,2017-12-31 08:00:00,2018-01-05 08:00:00
o02224,c0492,delivered,2018-04-22 15:00:00,2018-05-13 15:00:00
o02225,c0492,delivered,2017-09-24 03:00:00,2017-10-03 03:00:00
o02226,c0492,delivered,2018-01-13 05:00:00,2018-01-16 05:00:00
o02227,c0493,delivered,2018-05-16 12:00:00,2018-05-27 12:00:00
o02228,c0493,delivered,2017-12-03 17:00:00,2017-12-05 17:00:00
o02229,c0493,delivered,2017-09-25 06:00:00,2017-09-29 06:00:00
o02230,c0493,delivered,2017-01-22 10:00:00,2017-02-05 10:00:00
o02231,c0493,delivered,2017-11-05 18:00:00,2017-11-17 18:00:00
o02232,c0494,delivered,2017-12-25 19:00:00,2018-01-11 19:00:00
o02233,c0494,delivered,2018-07-08 05:00:00,2018-07-28 05:00:00
o02234,c0494,delivered,2018-02-28 13:00:00,2018-03-02 13:00:00
o02235,c0494,delivered,2017-11-26 20:00:00,2017-12-12 20:00:00
o02236,c0494,delivered,2017-01-04 06:00:00,2017-01-19 06:00:00
o02237,c0495,delivered,2018-05-09 10:00:00,2018-05-30 10:00:00
o02238,c0496,delivered,2018-04-29 06:00:00,2018-05-05 06:00:00
o02239,c0496,delivered,2018-07-03 14:00:00,2018-07-24 14:00:00
o02240,c0496,delivered,2018-07-15 10:00:00,2018-07-18 10:00:00
o02241,c0496,delivered,2018-07-07 14:00:00,2018-07-11 14:00:00
o02242,c0496,delivered,2017-11-19 00:00:00,2017-11-27 00:00:00
o02243,c0496,delivered,2017-07-31 10:00:00,2017-08-15 10:00:00
o02244,c0497,delivered,2018-05-26 08:00:00,2018-06-13 08:00:00
o02245,c0497,delivered,2018-07-27 17:00:00,2018-08-03 17:00:00
o02246,c0497,delivered,2018-02-17 06:00:00,2018-03-01 06:00:00
o02247,c0497,delivered,2018-01-21 07:00:00,2018-01-23 07:00:00
o02248,c0497,delivered,2018-05-24 17:00:00,2018-05-28 17:00:00
o02249,c0497,delivered,2017-08-18 06:00:00,2017-09-11 06:00:00
o02250,c0497,delivered,2018-07-27 16:00:00,2018-08-08 16:00:00
o02251,c0497,delivered,2017-02-01 05:00:00,2017-02-05 05:00:00
o02252,c0498,delivered,2018-04-26 02:00:00,2018-05-13 02:00:00
o02253,c0498,delivered,2018-08-03 07:00:00,2018-08-20 07:00:00
o02254,c0498,delivered,2018-06-19 10:00:00,2018-07-01 10:00:00
o02255,c0498,delivered,2017-05-02 10:00:00,2017-05-24 10:00:00
o02256,c0498,delivered,2018-02-08 04:00:00,2018-02-22 04:00:00
o02257,c0498,delivered,2018-03-06 01:00:00,2018-03-25 01:00:00
o02258,c0499,delivered,2017-05-03 07:00:00,2017-05-14 07:00:00
o02259,c0499,delivered,2017-11-03 21:00:00,2017-11-10 21:00:00
o02260,c0499,delivered,2017-06-05 09:00:00,2017-06-26 09:00:00
o02261,c0499,delivered,2018-08-10 10:00:00,2018-08-27 10:00:00
o02262,c0500,delivered,2018-07-12 20:00:00,2018-07-29 20:00:00
o02263,c0500,delivered,2017-11-25 23:00:00,2017-12-02 23:00:00
o02264,c0500,delivered,2017-08-09 17:00:00,2017-08-11 17:00:00
o02265,c0500,delivered,2017-11-01 20:00:00,2017-11-07 20:00:00
o02266,c0500,delivered,2018-05-04 09:00:00,2018-05-25 09:00:00
o02267,c0501,delivered,2018-01-21 03:00:00,2018-02-08 03:00:00
o02268,c0501,delivered,2017-02-04 05:00:00,2017-02-26 05:00:00
o02269,c0501,delivered,2018-06-17 01:00:00,2018-06-27 01:00:00
o02270,c0501,delivered,2017-02-27 06:00:00,2017-03-23 06:00:00
o02271,c0502,delivered,2017-04-29 15:00:00,2017-05-19 15:00:00
o02272,c0502,delivered,2018-06-20 08:00:00,2018-07-08 08:00:00
o02273,c0502,delivered,2017-10-21 02:00:00,2017-10-28 02:00:00
o02274,c0502,delivered,2018-03-31 16:00:00,2018-04-13 16:00:00
o02275,c0502,delivered,2018-04-20 16:00:00,2018-04-29 16:00:00
o02276,c0502,delivered,2017-06-28 22:00:00,2017-07-22 22:00:00
o02277,c0502,delivered,2017-01-19 18:00:00,2017-01-24 18:00:00
o02278,c0502,delivered,2018-06-08 14:00:00,2018-06-25 14:00:00
o02279,c0502,delivered,2018-03-03 14:00:00,2018-03-10 14:00:00
o02280,c0503,delivered,2018-05-06 13:00:00,2018-05-20 13:00:00
o02281,c0503,delivered,2017-07-13 00:00:00,2017-07-27 00:00:00
o02282,c0504,delivered,2017-07-29 15:00:00,2017-08-08 15:00:00
o02283,c0504,delivered,2018-08-15 16:00:00,2018-08-27 16:00:00
o02284,c0504,delivered,2018-03-07 15:00:00,2018-03-23 15:00:00
o02285,c0504,delivered,2017-12-18 22:00:00,2017-12-27 22:00:00
o02286,c0504,delivered,2017-09-20 06:00:00,2017-10-05 06:00:00
o02287,c0505,delivered,2018-08-24 14:00:00,2018-08-30 14:00:00
o02288,c0505,delivered,2018-07-15 18:00:00,2018-07-27 18:00:00
o02289,c0505,delivered,2017-03-31 09:00:00,2017-04-20 09:00:00
o02290,c0505,delivered,2017-12-17 04:00:00,2017-12-22 04:00:00
o02291,c0505,delivered,2018-08-12 10:00:00,2018-08-29 10:00:00
o02292,c0505,delivered,2017-08-08 02:00:00,2017-08-19 02:00:00
o02293,c0505,delivered,2018-02-26 08:00:00,2018-03-13 08:00:00
o02294,c0505,delivered,2017-09-24 08:00:00,2017-10-01 08:00:00
o02295,c0505,delivered,2017-06-08 06:00:00,2017-06-26 06:00:00
o02296,c0506,delivered,2017-07-25 17:00:00,2017-08-03 17:00:00
o02297,c0506,delivered,2017-07-18 22:00:00,2017-08-09 22:00:00
o02298,c0506,delivered,2017-09-01 06:00:00,2017-09-19 06:00:00
o02299,c0507,delivered,2017-02-12 10:00:00,2017-02-27 10:00:00
o02300,c0507,delivered,2018-02-15 02:00:00,2018-02-17 02:00:00
o02301,c0507,delivered,2017-06-18 02:00:00,2017-07-01 02:00:00
o02302,c0507,delivered,2018-07-14 06:00:00,2018-07-26 06:00:00
o02303,c0507,delivered,2017-05-11 01:00:00,2017-05-29 01:00:00
o02304,c0508,delivered,2017-06-05 13:00:00,2017-06-22 13:00:00
o02305,c0508,delivered,2018-05-26 04:00:00,2018-06-10 04:00:00
o02306,c0508,delivered,2018-07-08 11:00:00,2018-07-10 11:00:00
o02307,c0508,delivered,2017-06-08 19:00:00,2017-06-28 19:00:00
o02308,c0508,delivered,2017-07-11 04:00:00,2017-07-19 04:00:00
o02309,c0509,delivered,2017-05-28 17:00:00,2017-06-18 17:00:00
o02310,c0509,delivered,2017-01-29 17:00:00,2017-02-17 17:00:00
o02311,c0509,delivered,2018-01-08 20:00:00,2018-01-10 20:00:00
o02312,c0509,delivered,2018-03-02 03:00:00,2018-03-24 03:00:00
o02313,c0509,delivered,2017-10-31 02:00:00,2017-11-19 02:00:00
o02314,c0509,delivered,2018-04-01 11:00:00,2018-04-10 11:00:00
o02315,c0510,delivered,2017-01-11 21:00:00,2017-01-17 21:00:00
o02316,c0510,delivered,2018-05-28 14:00:00,2018-06-14 14:00:00
o02317,c0510,delivered,2018-02-27 20:00:00,2018-03-01 20:00:00
o02318,c0510,delivered,2018-08-26 01:00:00,2018-09-19 01:00:00
o02319,c0511,delivered,2017-06-08 20:00:00,2017-06-11 20:00:00
o02320,c0511,delivered,2017-10-08 13:00:00,2017-10-31 13:00:00
o02321,c0511,delivered,2017-03-17 00:00:00,2017-04-02 00:00:00
o02322,c0512,delivered,2017-01-30 18:00:00,2017-02-01 18:00:00
o02323,c0512,delivered,2018-08-14 12:00:00,2018-09-06 12:00:00
o02324,c0512,delivered,2017-03-19 06:00:00,2017-03-31 06:00:00
o02325,c0513,delivered,2017-01-18 02:00:00,2017-01-27 02:00:00
o02326,c0513,delivered,2018-03-25 17:00:00,2018-03-28 17:00:00
o02327,c0513,delivered,2017-02-06 15:00:00,2017-02-16 15:00:00
o02328,c0514,delivered,2018-04-27 07:00:00,2018-05-07 07:00:00
o02329,c0514,delivered,2017-05-14 06:00:00,2017-06-01 06:00:00
o02330,c0514,delivered,2017-10-14 15:00:00,2017-10-17 15:00:00
o02331,c0514,delivered,2017-11-22 11:00:00,2017-12-14 11:00:00
o02332,c0514,delivered,2017-09-15 02:00:00,2017-10-03 02:00:00
o02333,c0515,delivered,2017-04-02 21:00:00,2017-04-12 21:00:00
o02334,c0515,delivered,2018-04-22 15:00:00,2018-05-04 15:00:00
o02335,c0515,delivered,2017-12-22 04:00:00,2017-12-25 04:00:00
o02336,c0516,delivered,2018-04-11 23:00:00,2018-05-02 23:00:00
o02337,c0516,delivered,2017-07-05 08:00:00,2017-07-15 08:00:00
o02338,c0516,delivered,2018-03-04 14:00:00,2018-03-24 14:00:00
o02339,c0516,delivered,2018-07-29 09:00:00,2018-08-15 09:00:00
o02340,c0517,delivered,2017-11-01 22:00:00,2017-11-11 22:00:00
o02341,c0517,delivered,2017-04-25 09:00:00,2017-05-11 09:00:00
o02342,c0517,delivered,2018-08-03 19:00:00,2018-08-05 19:00:00
o02343,c0517,delivered,2017-11-06 03:00:00,2017-11-16 03:00:00
o02344,c0518,delivered,2018-07-28 23:00:00,2018-08-02 23:00:00
o02345,c0518,delivered,2017-03-27 16:00:00,2017-04-07 16:00:00
o02346,c0518,delivered,2017-09-21 20:00:00,2017-10-14 20:00:00
o02347,c0518,delivered,2018-07-02 18:00:00,2018-07-26 18:00:00
o02348,c0518,delivered,2018-03-14 21:00:00,2018-03-28 21:00:00
o02349,c0518,delivered,2017-01-31 19:00:00,2017-02-23 19:00:00
o02350,c0518,delivered,2017-07-09 10:00:00,2017-07-24 10:00:00
o02351,c0519,delivered,2018-02-01 16:00:00,2018-02-12 16:00:00
o02352,c0519,delivered,2018-06-04 19:00:00,2018-06-27 19:00:00
o02353,c0519,delivered,2017-12-17 01:00:00,2018-01-07 01:00:00
o02354,c0520,delivered,2017-02-18 04:00:00,2017-02-26 04:00:00
o02355,c0520,delivered,2017-04-23 17:00:00,2017-05-05 17:00:00
o02356,c0520,delivered,2017-05-14 00:00:00,2017-05-20 00:00:00
o02357,c0521,delivered,2018-02-26 19:00:00,2018-03-06 19:00:00
o02358,c0521,delivered,2017-02-14 13:00:00,2017-03-06 13:00:00
o02359,c0521,delivered,2017-02-12 19:00:00,2017-02-17 19:00:00
o02360,c0522,delivered,2017-06-06 14:00:00,2017-06-09 14:00:00
o02361,c0522,delivered,2017-07-05 03:00:00,2017-07-11 03:00:00
o02362,c0522,delivered,2018-04-16 05:00:00,2018-04-19 05:00:00
o02363,c0522,delivered,2017-05-11 02:00:00,2017-05-27 02:00:00
o02364,c0522,delivered,2018-08-15 04:00:00,2018-09-02 04:00:00
o02365,c0522,delivered,2017-08-09 01:00:00,2017-08-26 01:00:00
o02366,c0522,delivered,2017-05-08 12:00:00,2017-05-21 12:00:00
o02367,c0523,delivered,2017-12-30 03:00:00,2018-01-06 03:00:00
o02368,c0523,delivered,2018-03-25 22:00:00,2018-03-27 22:00:00
o02369,c0524,delivered,2017-09-09 21:00:00,2017-09-17 21:00:00
o02370,c0524,delivered,2017-09-30 21:00:00,2017-10-24 21:00:00
o02371,c0524,delivered,2018-02-03 16:00:00,2018-02-19 16:00:00
o02372,c0524,delivered,2017-06-22 21:00:00,2017-06-24 21:00:00
o02373,c0524,delivered,2017-02-05 14:00:00,2017-02-26 14:00:00
o02374,c0524,delivered,2018-05-11 16:00:00,2018-05-21 16:00:00
o02375,c0524,delivered,2017-08-07 10:00:00,2017-08-14 10:00:00
o02376,c0525,delivered,2017-09-12 02:00:00,2017-09-21 02:00:00
o02377,c0525,delivered,2018-07-27 16:00:00,2018-08-01 16:00:00
o02378,c0525,delivered,2017-06-24 06:00:00,2017-07-02 06:00:00
o02379,c0526,delivered,2018-02-25 21:00:00,2018-03-15 21:00:00
o02380,c0526,delivered,2017-10-24 03:00:00,2017-10-29 03:00:00
o02381,c0526,delivered,2018-05-10 16:00:00,2018-05-23 16:00:00
o02382,c0526,delivered,2017-12-17 20:00:00,2018-01-06 20:00:00
o02383,c0526,delivered,2017-02-23 09:00:00,2017-02-25 09:00:00
o02384,c0527,delivered,2017-08-22 15:00:00,2017-08-28 15:00:00
o02385,c0527,delivered,2017-04-02 11:00:00,2017-04-16 11:00:00
o02386,c0528,delivered,2018-03-11 00:00:00,2018-03-18 00:00:00
o02387,c0528,delivered,2018-04-20 16:00:00,2018-05-12 16:00:00
o02388,c0528,delivered,2018-05-11 20:00:00,2018-05-24 20:00:00
o02389,c0528,delivered,2018-08-06 09:00:00,2018-08-28 09:00:00
o02390,c0529,delivered,2017-08-27 10:00:00,2017-09-13 10:00:00
o02391,c0529,delivered,2017-08-31 03:00:00,2017-09-22 03:00:00
o02392,c0530,delivered,2017-10-03 22:00:00,2017-10-14 22:00:00
o02393,c0530,delivered,2018-08-15 14:00:00,2018-09-03 14:00:00
o02394,c0530,delivered,2018-04-05 04:00:00,2018-04-25 04:00:00
o02395,c0530,delivered,2018-07-29 15:00:00,2018-08-21 15:00:00
o02396,c0530,delivered,2018-05-30 15:00:00,2018-06-11 15:00:00
o02397,c0530,delivered,2018-06-06 04:00:00,2018-06-20 04:00:00
o02398,c0531,delivered,2018-05-11 22:00:00,2018-05-19 22:00:00
o02399,c0531,delivered,2017-02-27 08:00:00,2017-03-20 08:00:00
o02400,c0531,delivered,2017-11-15 01:00:00,2017-11-19 01:00:00
o02401,c0531,delivered,2017-07-26 08:00:00,2017-07-31 08:00:00
o02402,c0531,delivered,2017-10-28 11:00:00,2017-11-03 11:00:00
o02403,c0531,delivered,2017-05-22 15:00:00,2017-06-14 15:00:00
o02404,c0531,delivered,2018-08-29 13:00:00,2018-08-31 13:00:00
o02405,c0531,delivered,2018-06-30 22:00:00,2018-07-08 22:00:00
o02406,c0532,delivered,2017-09-01 00:00:00,2017-09-21 00:00:00
o02407,c0533,delivered,2018-04-17 00:00:00,2018-05-05 00:00:00
o02408,c0533,delivered,2017-09-08 13:00:00,2017-09-15 13:00:00
o02409,c0534,delivered,2018-05-11 09:00:00,2018-06-01 09:00:00
o02410,c0534,delivered,2017-04-01 14:00:00,2017-04-10 14:00:00
o02411,c0534,delivered,2018-08-11 13:00:00,2018-08-29 13:00:00
o02412,c0535,delivered,2017-02-22 16:00:00,2017-02-26 16:00:00
o02413,c0535,delivered,2017-08-08 05:00:00,2017-08-10 05:00:00
o02414,c0535,delivered,2017-12-23 05:00:00,2018-01-05 05:00:00
o02415,c0535,delivered,2018-04-10 04:00:00,2018-04-28 04:00:00
o02416,c0535,delivered,2017-06-30 07:00:00,2017-07-15 07:00:00
o02417,c0536,delivered,2018-01-16 15:00:00,2018-01-22 15:00:00
o02418,c0537,delivered,2017-12-19 06:00:00,2017-12-27 06:00:00
o02419,c0537,delivered,2018-07-31 02:00:00,2018-08-11 02:00:00
o02420,c0537,delivered,2017-09-25 05:00:00,2017-10-15 05:00:00
o02421,c0538,delivered,2017-10-24 17:00:00,2017-11-03 17:00:00
o02422,c0538,delivered,2018-06-30 17:00:00,2018-07-09 17:00:00
o02423,c0538,delivered,2018-08-08 20:00:00,2018-08-23 20:00:00
o02424,c0538,delivered,2017-01-11 14:00:00,2017-01-28 14:00:00
o02425,c0538,delivered,2017-08-10 03:00:00,2017-08-24 03:00:00
o02426,c0538,delivered,2018-05-03 07:00:00,2018-05-15 07:00:00
o02427,c0538,delivered,2017-01-01 16:00:00,2017-01-22 16:00:00
o02428,c0539,delivered,2018-04-18 10:00:00,2018-04-21 10:00:00
o02429,c0539,delivered,2017-10-27 22:00:00,2017-10-30 22:00:00
o02430,c0539,delivered,2017-05-11 20:00:00,2017-05-26 20:00:00
o02431,c0539,delivered,2017-04-14 00:00:00,2017-04-25 00:00:00
o02432,c0540,delivered,2017-12-28 20:00:00,2018-01-19 20:00:00
o02433,c0540,delivered,2017-10-06 10:00:00,2017-10-29 10:00:00
o02434,c0540,delivered,2018-04-18 05:00:00,2018-05-05 05:00:00
o02435,c0541,delivered,2018-03-11 05:00:00,2018-04-04 05:00:00
o02436,c0541,delivered,2017-06-30 13:00:00,2017-07-13 13:00:00
o02437,c0541,delivered,2018-02-25 21:00:00,2018-03-08 21:00:00
o02438,c0541,delivered,2017-08-22 18:00:00,2017-09-14 18:00:00
o02439,c0542,delivered,2018-07-07 18:00:00,2018-07-25 18:00:00
o02440,c0542,delivered,2018-04-13 22:00:00,2018-04-15 22:00:00
o02441,c0542,delivered,2017-12-24 00:00:00,2018-01-08 00:00:00
o02442,c0542,delivered,2017-08-28 07:00:00,2017-09-19 07:00:00
o02443,c0542,delivered,2018-03-08 13:00:00,2018-03-30 13:00:00
o02444,c0542,delivered,2017-03-01 15:00:00,2017-03-06 15:00:00
o02445,c0543,delivered,2017-05-22 04:00:00,2017-06-05 04:00:00
o02446,c0543,delivered,2018-01-18 18:00:00,2018-01-30 18:00:00
o02447,c0543,delivered,2018-07-26 08:00:00,2018-07-31 08:00:00
o02448,c0543,delivered,2017-01-23 03:00:00,2017-02-04 03:00:00
o02449,c0543,delivered,2017-09-09 20:00:00,2017-09-13 20:00:00
o02450,c0543,delivered,2017-06-09 23:00:00,2017-06-11 23:00:00
o02451,c0543,delivered,2017-09-15 04:00:00,2017-09-29 04:00:00
o02452,c0543,delivered,2018-08-15 05:00:00,2018-08-25 05:00:00
o02453,c0544,delivered,2017-10-01 19:00:00,2017-10-25 19:00:00
o02454,c0544,delivered,2017-02-28 11:00:00,2017-03-19 11:00:00
o02455,c0545,delivered,2017-01-06 19:00:00,2017-01-13 19:00:00
o02456,c0545,delivered,2017-11-12 23:00:00,2017-11-28 23:00:00
o02457,c0545,delivered,2018-08-25 14:00:00,2018-08-31 14:00:00
o02458,c0546,delivered,2018-02-26 14:00:00,2018-03-07 14:00:00
o02459,c0546,delivered,2017-02-16 15:00:00,2017-03-03 15:00:00
o02460,c0547,delivered,2018-04-16 03:00:00,2018-04-30 03:00:00
o02461,c0547,delivered,2018-05-13 21:00:00,2018-06-05 21:00:00
o02462,c0547,delivered,2017-05-09 04:00:00,2017-05-24 04:00:00
o02463,c0548,delivered,2017-10-09 05:00:00,2017-10-13 05:00:00
o02464,c0548,delivered,2017-03-29 08:00:00,2017-04-17 08:00:00
o02465,c0548,delivered,2017-02-09 02:00:00,2017-02-17 02:00:00
o02466,c0548,delivered,2018-06-16 23:00:00,2018-06-28 23:00:00
o02467,c0549,delivered,2017-01-28 00:00:00,2017-02-18 00:00:00
o02468,c0549,delivered,2017-09-28 01:00:00,2017-10-19 01:00:00
o02469,c0549,delivered,2017-11-18 08:00:00,2017-11-30 08:00:00
o02470,c0549,delivered,2017-05-17 22:00:00,2017-06-06 22:00:00
o02471,c0549,delivered,2017-05-02 17:00:00,2017-05-08 17:00:00
o02472,c0549,delivered,2017-10-03 17:00:00,2017-10-05 17:00:00
o02473,c0549,delivered,2018-03-18 05:00:00,2018-04-05 05:00:00
o02474,c0550,delivered,2017-10-31 00:00:00,2017-11-19 00:00:00
o02475,c0550,delivered,2017-06-08 22:00:00,2017-06-29 22:00:00
o02476,c0550,delivered,2017-04-28 14:00:00,2017-05-08 14:00:00
o02477,c0550,delivered,2018-01-02 13:00:00,2018-01-10 13:00:00
o02478,c0550,delivered,2018-02-01 06:00:00,2018-02-23 06:00:00
o02479,c0550,delivered,2018-07-30 03:00:00,2018-08-17 03:00:00
o02480,c0551,delivered,2018-07-20 03:00:00,2018-08-08 03:00:00
o02481,c0551,delivered,2018-07-25 05:00:00,2018-08-09 05:00:00
o02482,c0552,delivered,2018-05-01 08:00:00,2018-05-08 08:00:00
o02483,c0552,delivered,2017-08-30 08:00:00,2017-09-17 08:00:00
o02484,c0553,delivered,2017-08-14 09:00:00,2017-09-06 09:00:00
o02485,c0553,delivered,2017-12-18 22:00:00,2018-01-05 22:00:00
o02486,c0553,delivered,2018-06-23 04:00:00,2018-07-16 04:00:00
o02487,c0553,delivered,2018-07-29 00:00:00,2018-08-08 00:00:00
o02488,c0553,delivered,2017-09-09 10:00:00,2017-09-28 10:00:00
o02489,c0554,delivered,2018-03-01 05:00:00,2018-03-17 05:00:00
o02490,c0554,delivered,2018-08-16 10:00:00,2018-09-08 10:00:00
o02491,c0554,delivered,2018-01-31 22:00:00,2018-02-22 22:00:00
o02492,c0554,delivered,2017-01-11 19:00:00,2017-01-17 19:00:00
o02493,c0554,delivered,2018-05-17 19:00:00,2018-05-24 19:00:00
o02494,c0554,delivered,2017-02-10 10:00:00,2017-02-18 10:00:00
o02495,c0555,delivered,2017-12-03 01:00:00,2017-12-06 01:00:00
o02496,c0555,delivered,2017-09-23 18:00:00,2017-10-02 18:00:00
o02497,c0555,delivered,2017-07-16 03:00:00,2017-07-24 03:00:00
o02498,c0555,delivered,2017-07-01 06:00:00,2017-07-10 06:00:00
o02499,c0555,delivered,2017-06-22 16:00:00,2017-07-01 16:00:00
o02500,c0556,delivered,2018-04-04 14:00:00,2018-04-20 14:00:00
o02501,c0556,delivered,2017-12-21 22:00:00,2017-12-28 22:00:00
o02502,c0556,delivered,2018-08-21 04:00:00,2018-08-26 04:00:00
o02503,c0556,delivered,2018-05-18 21:00:00,2018-05-22 21:00:00
o02504,c0556,delivered,2017-12-31 12:00:00,2018-01-07 12:00:00
o02505,c0556,delivered,2017-11-13 16:00:00,2017-11-28 16:00:00
o02506,c0557,delivered,2017-11-13 21:00:00,2017-11-20 21:00:00
o02507,c0557,delivered,2018-01-15 07:00:00,2018-02-08 07:00:00
o02508,c0558,delivered,2017-06-02 20:00:00,2017-06-18 20:00:00
o02509,c0558,delivered,2017-05-11 18:00:00,2017-05-18 18:00:00
o02510,c0558,delivered,2017-06-09 08:00:00,2017-06-26 08:00:00
o02511,c0558,delivered,2017-08-27 13:00:00,2017-09-10 13:00:00
o02512,c0558,delivered,2017-04-30 05:00:00,2017-05-09 05:00:00
o02513,c0559,delivered,2017-05-16 22:00:00,2017-05-26 22:00:00
o02514,c0559,delivered,2017-09-04 16:00:00,2017-09-24 16:00:00
o02515,c0559,delivered,2018-02-23 13:00:00,2018-03-19 13:00:00
o02516,c0560,delivered,2018-07-02 04:00:00,2018-07-07 04:00:00
o02517,c0560,delivered,2017-08-27 20:00:00,2017-09-20 20:00:00
o02518,c0560,delivered,2018-03-04 16:00:00,2018-03-11 16:00:00
o02519,c0561,delivered,2017-12-27 04:00:00,2018-01-10 04:00:00
o02520,c0561,delivered,2017-04-28 01:00:00,2017-05-22 01:00:00
o02521,c0562,delivered,2018-06-28 16:00:00,2018-07-14 16:00:00
o02522,c0562,delivered,2017-05-26 13:00:00,2017-06-14 13:00:00
o02523,c0562,delivered,2017-11-25 06:00:00,2017-12-06 06:00:00
o02524,c0562,delivered,2018-05-27 06:00:00,2018-06-20 06:00:00
o02525,c0562,delivered,2018-04-05 21:00:00,2018-04-18 21:00:00
o02526,c0562,delivered,2017-05-17 00:00:00,2017-05-31 00:00:00
o02527,c0562,delivered,2017-08-31 02:00:00,2017-09-23 02:00:00
o02528,c0562,delivered,2018-08-13 08:00:00,2018-08-30 08:00:00
o02529,c0563,delivered,2017-09-09 11:00:00,2017-09-25 11:00:00
o02530,c0563,delivered,2017-09-11 19:00:00,2017-09-17 19:00:00
o02531,c0563,delivered,2018-02-11 23:00:00,2018-03-04 23:00:00
o02532,c0563,delivered,2017-01-28 02:00:00,2017-02-13 02:00:00
o02533,c0564,delivered,2018-07-17 20:00:00,2018-08-08 20:00:00
o02534,c0564,delivered,2017-04-02 12:00:00,2017-04-20 12:00:00
o02535,c0564,delivered,2018-01-15 18:00:00,2018-01-21 18:00:00
o02536,c0564,delivered,2017-10-05 10:00:00,2017-10-28 10:00:00
o02537,c0565,delivered,2017-05-04 07:00:00,2017-05-06 07:00:00
o02538,c0565,delivered,2017-04-03 23:00:00,2017-04-24 23:00:00
o02539,c0565,delivered,2017-06-07 16:00:00,2017-06-22 16:00:00
o02540,c0565,delivered,2018-07-06 07:00:00,2018-07-30 07:00:00
o02541,c0565,delivered,2017-08-14 17:00:00,2017-08-25 17:00:00
o02542,c0565,delivered,2018-02-13 08:00:00,2018-03-06 08:00:00
o02543,c0566,delivered,2018-01-23 06:00:00,2018-02-16 06:00:00
o02544,c0566,delivered,2018-03-08 10:00:00,2018-03-13 10:00:00
o02545,c0566,delivered,2018-08-15 18:00:00,2018-09-01 18:00:00
o02546,c0566,delivered,2018-05-22 14:00:00,2018-05-29 14:00:00
o02547,c0567,delivered,2017-05-25 01:00:00,2017-05-28 01:00:00
o02548,c0567,delivered,2018-03-20 20:00:00,2018-03-25 20:00:00
o02549,c0567,delivered,2017-12-15 02:00:00,2017-12-26 02:00:00
o02550,c0567,delivered,2018-04-26 19:00:00,2018-05-19 19:00:00
o02551,c0568,delivered,2017-07-08 22:00:00,2017-07-28 22:00:00
o02552,c0568,delivered,2017-07-25 07:00:00,2017-07-29 07:00:00
o02553,c0569,delivered,2018-07-14 04:00:00,2018-07-22 04:00:00
o02554,c0569,delivered,2017-09-09 03:00:00,2017-09-29 03:00:00
o02555,c0569,delivered,2018-03-01 03:00:00,2018-03-06 03:00:00
o02556,c0569,delivered,2017-01-14 22:00:00,2017-01-26 22:00:00
o02557,c0569,delivered,2018-02-03 03:00:00,2018-02-10 03:00:00
o02558,c0570,delivered,2017-11-26 05:00:00,2017-12-12 05:00:00
o02559,c0570,delivered,2018-07-16 07:00:00,2018-07-31 07:00:00
o02560,c0570,delivered,2018-07-11 21:00:00,2018-07-13 21:00:00
o02561,c0570,delivered,2017-03-09 23:00:00,2017-04-01 23:00:00
o02562,c0570,delivered,2017-07-15 12:00:00,2017-07-30 12:00:00
o02563,c0571,delivered,2018-02-11 18:00:00,2018-02-21 18:00:00
o02564,c0571,delivered,2018-06-26 01:00:00,2018-06-28 01:00:00
o02565,c0571,delivered,2018-08-06 04:00:00,2018-08-30 04:00:00
o02566,c0571,delivered,2017-06-23 08:00:00,2017-06-25 08:00:00
o02567,c0571,delivered,2018-07-28 08:00:00,2018-08-02 08:00:00
o02568,c0572,delivered,2017-10-21 03:00:00,2017-11-10 03:00:00
o02569,c0572,delivered,2017-02-14 11:00:00,2017-02-24 11:00:00
o02570,c0572,delivered,2017-01-23 01:00:00,2017-02-05 01:00:00
o02571,c0572,delivered,2017-08-28 03:00:00,2017-09-02 03:00:00
o02572,c0573,delivered,2018-05-05 17:00:00,2018-05-20 17:00:00
o02573,c0573,delivered,2018-05-22 01:00:00,2018-06-08 01:00:00
o02574,c0573,delivered,2018-04-03 04:00:00,2018-04-17 04:00:00
o02575,c0573,delivered,2018-04-12 14:00:00,2018-04-19 14:00:00
o02576,c0574,delivered,2018-02-09 18:00:00,2018-02-11 18:00:00
o02577,c0575,delivered,2017-12-11 12:00:00,2017-12-21 12:00:00
o02578,c0575,delivered,2017-01-27 02:00:00,2017-02-15 02:00:00
o02579,c0575,delivered,2018-05-19 10:00:00,2018-06-11 10:00:00
o02580,c0575,delivered,2018-07-19 15:00:00,2018-08-03 15:00:00
o02581,c0575,delivered,2018-08-10 14:00:00,2018-09-02 14:00:00
o02582,c0575,delivered,2018-08-19 04:00:00,2018-09-05 04:00:00
o02583,c0575,delivered,2018-03-21 19:00:00,2018-03-31 19:00:00
o02584,c0575,delivered,2018-06-08 11:00:00,2018-06-18 11:00:00
o02585,c0576,delivered,2017-04-06 07:00:00,2017-04-30 07:00:00
o02586,c0576,delivered,2018-03-12 17:00:00,2018-04-03 17:00:00
o02587,c0576,delivered,2017-06-12 15:00:00,2017-06-22 15:00:00
o02588,c0576,delivered,2018-05-31 10:00:00,2018-06-21 10:00:00
o02589,c0576,delivered,2018-03-31 18:00:00,2018-04-23 18:00:00
o02590,c0576,delivered,2018-04-26 07:00:00,2018-05-09 07:00:00
o02591,c0577,delivered,2017-10-15 01:00:00,2017-10-30 01:00:00
o02592,c0577,delivered,2017-09-23 09:00:00,2017-09-27 09:00:00
o02593,c0577,delivered,2017-11-03 13:00:00,2017-11-07 13:00:00
o02594,c0578,delivered,2018-01-22 04:00:00,2018-01-27 04:00:00
o02595,c0578,delivered,2017-09-01 09:00:00,2017-09-24 09:00:00
o02596,c0578,delivered,2017-02-11 08:00:00,2017-03-01 08:00:00
o02597,c0578,delivered,2017-06-01 23:00:00,2017-06-20 23:00:00
o02598,c0579,delivered,2018-07-30 22:00:00,2018-08-03 22:00:00
o02599,c0579,delivered,2017-10-07 17:00:00,2017-10-09 17:00:00
o02600,c0579,delivered,2017-10-02 16:00:00,2017-10-22 16:00:00
o02601,c0579,delivered,2017-09-10 20:00:00,2017-09-27 20:00:00
o02602,c0580,delivered,2017-01-28 06:00:00,2017-02-20 06:00:00
o02603,c0580,delivered,2017-01-02 02:00:00,2017-01-11 02:00:00
o02604,c0580,delivered,2018-08-28 16:00:00,2018-09-02 16:00:00
o02605,c0580,delivered,2017-08-28 22:00:00,2017-09-04 22:00:00
o02606,c0580,delivered,2017-12-16 11:00:00,2018-01-04 11:00:00
o02607,c0580,delivered,2018-04-03 19:00:00,2018-04-07 19:00:00
o02608,c0580,delivered,2017-10-03 16:00:00,2017-10-14 16:00:00
o02609,c0581,delivered,2018-02-10 15:00:00,2018-02-20 15:00:00
o02610,c0581,delivered,2017-03-02 23:00:00,2017-03-22 23:00:00
o02611,c0581,delivered,2018-06-28 07:00:00,2018-07-07 07:00:00
o02612,c0582,delivered,2017-07-16 00:00:00,2017-07-21 00:00:00
o02613,c0582,delivered,2017-07-07 23:00:00,2017-07-13 23:00:00
o02614,c0583,delivered,2017-11-05 13:00:00,2017-11-15 13:00:00
o02615,c0583,delivered,2018-07-13 02:00:00,2018-08-04 02:00:00
o02616,c0583,delivered,2018-03-29 07:00:00,2018-04-17 07:00:00
o02617,c0583,delivered,2017-09-18 23:00:00,2017-09-20 23:00:00
o02618,c0583,delivered,2017-01-19 13:00:00,2017-02-11 13:00:00
o02619,c0584,delivered,2017-02-08 18:00:00,2017-03-03 18:00:00
o02620,c0584,delivered,2017-10-23 20:00:00,2017-11-11 20:00:00
o02621,c0584,delivered,2017-05-11 20:00:00,2017-05-29 20:00:00
o02622,c0584,delivered,2017-01-08 13:00:00,2017-01-25 13:00:00
o02623,c0584,delivered,2018-05-03 18:00:00,2018-05-15 18:00:00
o02624,c0584,delivered,2017-07-01 04:00:00,2017-07-05 04:00:00
o02625,c0585,delivered,2018-01-25 23:00:00,2018-01-28 23:00:00
o02626,c0585,delivered,2018-03-04 14:00:00,2018-03-09 14:00:00
o02627,c0585,delivered,2017-05-10 06:00:00,2017-05-27 06:00:00
o02628,c0585,delivered,2017-07-01 19:00:00,2017-07-11 19:00:00
o02629,c0585,delivered,2017-03-08 02:00:00,2017-03-19 02:00:00
o02630,c0585,delivered,2017-09-06 17:00:00,2017-09-19 17:00:00
o02631,c0586,delivered,2017-04-10 05:00:00,2017-04-25 05:00:00
o02632,c0586,delivered,2017-07-23 16:00:00,2017-08-15 16:00:00
o02633,c0586,delivered,2017-08-04 13:00:00,2017-08-25 13:00:00
o02634,c0586,delivered,2017-05-08 12:00:00,2017-05-17 12:00:00
o02635,c0587,delivered,2018-01-17 17:00:00,2018-01-22 17:00:00
o02636,c0587,delivered,2017-04-24 00:00:00,2017-04-26 00:00:00
o02637,c0587,delivered,2017-01-31 16:00:00,2017-02-22 16:00:00
o02638,c0587,delivered,2017-09-07 21:00:00,2017-09-25 21:00:00
o02639,c0588,delivered,2018-05-07 17:00:00,2018-05-13 17:00:00
o02640,c0588,delivered,2017-11-15 12:00:00,2017-12-01 12:00:00
o02641,c0588,delivered,2018-04-30 02:00:00,2018-05-17 02:00:00
o02642,c0589,delivered,2018-05-22 02:00:00,2018-06-02 02:00:00
o02643,c0589,delivered,2018-06-29 00:00:00,2018-07-04 00:00:00
o02644,c0590,delivered,2018-05-04 04:00:00,2018-05-22 04:00:00
o02645,c0590,delivered,2018-07-02 11:00:00,2018-07-15 11:00:00
o02646,c0590,delivered,2017-09-18 08:00:00,2017-09-28 08:00:00
o02647,c0590,delivered,2017-12-03 21:00:00,2017-12-27 21:00:00
o02648,c0590,delivered,2018-06-11 02:00:00,2018-06-20 02:00:00
o02649,c0590,delivered,2018-04-06 13:00:00,2018-04-15 13:00:00
o02650,c0590,delivered,2017-07-09 02:00:00,2017-07-18 02:00:00
o02651,c0591,delivered,2017-09-14 09:00:00,2017-09-28 09:00:00
o02652,c0591,delivered,2017-06-15 04:00:00,2017-07-07 04:00:00
o02653,c0592,delivered,2017-09-04 06:00:00,2017-09-20 06:00:00
o02654,c0592,delivered,2017-11-26 13:00:00,2017-12-03 13:00:00
o02655,c0592,delivered,2018-03-16 04:00:00,2018-04-06 04:00:00
o02656,c0593,delivered,2017-09-15 09:00:00,2017-09-25 09:00:00
o02657,c0593,delivered,2017-09-15 15:00:00,2017-09-28 15:00:00
o02658,c0593,delivered,2017-03-19 13:00:00,2017-03-27 13:00:00
o02659,c0594,delivered,2017-03-07 20:00:00,2017-03-16 20:00:00
o02660,c0594,delivered,2017-12-28 04:00:00,2018-01-06 04:00:00
o02661,c0594,delivered,2017-08-23 03:00:00,2017-09-16 03:00:00
o02662,c0594,delivered,2017-07-09 13:00:00,2017-07-24 13:00:00
o02663,c0595,delivered,2017-09-19 14:00:00,2017-10-04 14:00:00
o02664,c0595,delivered,2017-02-18 16:00:00,2017-02-22 16:00:00
o02665,c0595,delivered,2017-09-22 08:00:00,2017-10-04 08:00:00
o02666,c0595,delivered,2017-02-13 16:00:00,2017-02-24 16:00:00
o02667,c0595,delivered,2017-02-07 00:00:00,2017-02-21 00:00:00
o02668,c0595,delivered,2018-02-10 13:00:00,2018-02-28 13:00:00
o02669,c0596,delivered,2018-04-06 20:00:00,2018-04-30 20:00:00
o02670,c0596,delivered,2018-06-22 19:00:00,2018-07-03 19:00:00
o02671,c0596,delivered,2017-11-03 14:00:00,2017-11-08 14:00:00
o02672,c0596,delivered,2018-02-17 14:00:00,2018-03-02 14:00:00
o02673,c0596,delivered,2018-05-23 16:00:00,2018-06-15 16:00:00
o02674,c0596,delivered,2018-08-17 19:00:00,2018-08-25 19:00:00
o02675,c0597,delivered,2017-04-25 07:00:00,2017-05-13 07:00:00
o02676,c0597,delivered,2018-06-10 21:00:00,2018-06-27 21:00:00
o02677,c0597,delivered,2018-02-19 22:00:00,2018-03-08 22:00:00
o02678,c0597,delivered,2017-03-27 12:00:00,2017-04-06 12:00:00
o02679,c0597,delivered,2018-01-23 15:00:00,2018-01-31 15:00:00
o02680,c0597,delivered,2017-07-02 02:00:00,2017-07-10 02:00:00
o02681,c0597,delivered,2018-05-19 15:00:00,2018-06-11 15:00:00
o02682,c0597,delivered,2018-07-18 20:00:00,2018-07-24 20:00:00
o02683,c0597,delivered,2017-07-23 01:00:00,2017-07-27 01:00:00
o02684,c0598,delivered,2017-05-21 06:00:00,2017-05-23 06:00:00
o02685,c0598,delivered,2018-05-28 12:00:00,2018-06-14 12:00:00
o02686,c0598,delivered,2018-02-02 23:00:00,2018-02-07 23:00:00
o02687,c0598,delivered,2017-07-28 07:00:00,2017-08-11 07:00:00
o02688,c0598,delivered,2017-11-16 18:00:00,2017-11-30 18:00:00
o02689,c0598,delivered,2017-05-23 13:00:00,2017-06-16 13:00:00
o02690,c0599,delivered,2017-12-18 14:00:00,2017-12-24 14:00:00
o02691,c0599,delivered,2017-01-05 05:00:00,2017-01-07 05:00:00
o02692,c0600,delivered,2017-10-02 21:00:00,2017-10-14 21:00:00
o02693,c0600,delivered,2018-01-28 20:00:00,2018-02-16 20:00:00
o02694,c0600,delivered,2018-01-31 18:00:00,2018-02-08 18:00:00
o02695,c0600,delivered,2017-09-13 09:00:00,2017-10-03 09:00:00
o02696,c0600,delivered,2017-09-06 22:00:00,2017-09-12 22:00:00
o02697,c0600,delivered,2017-04-15 17:00:00,2017-05-04 17:00:00
o02698,c0601,delivered,2018-02-17 07:00:00,2018-02-19 07:00:00
o02699,c0601,delivered,2017-07-15 11:00:00,2017-07-26 11:00:00
o02700,c0601,delivered,2018-07-15 20:00:00,2018-08-03 20:00:00
o02701,c0601,delivered,2017-01-14 03:00:00,2017-01-25 03:00:00
o02702,c0601,delivered,2018-01-13 16:00:00,2018-01-21 16:00:00
o02703,c0602,delivered,2017-03-09 07:00:00,2017-03-29 07:00:00
o02704,c0602,delivered,2018-08-23 22:00:00,2018-09-07 22:00:00
o02705,c0602,delivered,2017-02-25 23:00:00,2017-03-02 23:00:00
o02706,c0602,delivered,2017-06-13 23:00:00,2017-06-26 23:00:00
o02707,c0602,delivered,2017-05-01 12:00:00,2017-05-04 12:00:00
o02708,c0602,delivered,2017-07-11 22:00:00,2017-07-19 22:00:00
o02709,c0602,delivered,2018-06-27 13:00:00,2018-07-14 13:00:00
o02710,c0603,delivered,2018-03-04 13:00:00,2018-03-06 13:00:00
o02711,c0603,delivered,2018-07-13 11:00:00,2018-07-30 11:00:00
o02712,c0603,delivered,2017-12-03 15:00:00,2017-12-13 15:00:00
o02713,c0603,delivered,2018-05-28 05:00:00,2018-06-14 05:00:00
o02714,c0603,delivered,2017-12-18 12:00:00,2017-12-20 12:00:00
o02715,c0603,delivered,2017-08-25 01:00:00,2017-09-07 01:00:00
o02716,c0603,delivered,2018-02-23 12:00:00,2018-03-14 12:00:00
o02717,c0603,delivered,2017-08-08 07:00:00,2017-08-20 07:00:00
o02718,c0603,delivered,2017-05-20 19:00:00,2017-06-09 19:00:00
o02719,c0604,delivered,2017-09-11 19:00:00,2017-09-13 19:00:00
o02720,c0604,delivered,2017-04-05 06:00:00,2017-04-15 06:00:00
o02721,c0604,delivered,2017-05-21 12:00:00,2017-06-10 12:00:00
o02722,c0604,delivered,2017-10-05 10:00:00,2017-10-08 10:00:00
o02723,c0604,delivered,2017-06-20 19:00:00,2017-07-10 19:00:00
o02724,c0605,delivered,2017-03-05 00:00:00,2017-03-26 00:00:00
o02725,c0605,delivered,2017-04-16 13:00:00,2017-05-07 13:00:00
o02726,c0605,delivered,2018-04-24 13:00:00,2018-05-04 13:00:00
o02727,c0606,delivered,2018-04-16 16:00:00,2018-05-07 16:00:00
o02728,c0606,delivered,2017-11-09 22:00:00,2017-11-28 22:00:00
o02729,c0606,delivered,2017-02-08 07:00:00,2017-02-28 07:00:00
o02730,c0606,delivered,2017-03-12 17:00:00,2017-03-21 17:00:00
o02731,c0607,delivered,2017-05-06 12:00:00,2017-05-29 12:00:00
o02732,c0608,delivered,2018-06-30 09:00:00,2018-07-02 09:00:00
o02733,c0608,delivered,2018-06-24 21:00:00,2018-07-09 21:00:00
o02734,c0608,delivered,2018-01-18 12:00:00,2018-01-20 12:00:00
o02735,c0608,delivered,2017-04-07 03:00:00,2017-04-30 03:00:00
o02736,c0608,delivered,2017-01-31 13:00:00,2017-02-10 13:00:00
o02737,c0609,delivered,2017-01-04 22:00:00,2017-01-06 22:00:00
o02738,c0609,delivered,2018-06-05 18:00:00,2018-06-25 18:00:00
o02739,c0609,delivered,2017-04-09 21:00:00,2017-04-24 21:00:00
o02740,c0610,delivered,2017-09-02 16:00:00,2017-09-11 16:00:00
o02741,c0610,delivered,2017-06-19 06:00:00,2017-07-04 06:00:00
o02742,c0610,delivered,2018-01-01 05:00:00,2018-01-08 05:00:00
o02743,c0610,delivered,2018-07-30 12:00:00,2018-08-20 12:00:00
o02744,c0610,delivered,2017-07-20 06:00:00,2017-07-28 06:00:00
o02745,c0610,delivered,2017-11-18 18:00:00,2017-12-01 18:00:00
o02746,c0611,delivered,2017-06-29 23:00:00,2017-07-14 23:00:00
o02747,c0611,delivered,2017-08-28 00:00:00,2017-09-11 00:00:00
o02748,c0611,delivered,2018-01-13 22:00:00,2018-01-20 22:00:00
o02749,c0611,delivered,2017-04-09 23:00:00,2017-04-23 23:00:00
o02750,c0611,delivered,2017-01-17 02:00:00,2017-01-29 02:00:00
o02751,c0611,delivered,2018-01-11 05:00:00,2018-01-21 05:00:00
o02752,c0612,delivered,2018-03-24 23:00:00,2018-04-06 23:00:00
o02753,c0612,delivered,2017-09-10 08:00:00,2017-09-15 08:00:00
o02754,c0612,delivered,2017-02-02 20:00:00,2017-02-04 20:00:00
o02755,c0612,delivered,2018-05-15 05:00:00,2018-06-01 05:00:00
o02756,c0612,delivered,2018-08-02 17:00:00,2018-08-20 17:00:00
o02757,c0613,delivered,2017-06-10 14:00:00,2017-06-26 14:00:00
o02758,c0613,delivered,2017-09-16 00:00:00,2017-10-08 00:00:00
o02759,c0613,delivered,2017-04-30 23:00:00,2017-05-23 23:00:00
o02760,c0613,delivered,2017-01-12 17:00:00,2017-01-28 17:00:00
o02761,c0613,delivered,2017-05-21 19:00:00,2017-05-25 19:00:00
o02762,c0613,delivered,2017-06-01 22:00:00,2017-06-20 22:00:00
o02763,c0613,delivered,2017-03-10 03:00:00,2017-03-17 03:00:00
o02764,c0614,delivered,2017-02-12 04:00:00,2017-02-27 04:00:00
o02765,c0614,delivered,2017-01-05 06:00:00,2017-01-14 06:00:00
o02766,c0614,delivered,2018-08-14 23:00:00,2018-09-04 23:00:00
o02767,c0614,delivered,2017-07-27 12:00:00,2017-08-09 12:00:00
o02768,c0614,delivered,2018-06-07 17:00:00,2018-06-29 17:00:00
o02769,c0614,delivered,2017-12-02 22:00:00,2017-12-21 22:00:00
o02770,c0614,delivered,2018-03-26 15:00:00,2018-04-04 15:00:00
o02771,c0614,delivered,2018-01-06 08:00:00,2018-01-22 08:00:00
o02772,c0615,delivered,2017-06-04 19:00:00,2017-06-19 19:00:00
o02773,c0615,delivered,2018-03-08 05:00:00,2018-03-28 05:00:00
o02774,c0615,delivered,2018-05-03 03:00:00,2018-05-13 03:00:00
o02775,c0615,delivered,2018-02-17 20:00:00,2018-03-07 20:00:00
o02776,c0616,delivered,2017-10-14 07:00:00,2017-11-05 07:00:00
o02777,c0616,delivered,2018-06-16 21:00:00,2018-06-25 21:00:00
o02778,c0616,delivered,2017-09-23 05:00:00,2017-10-16 05:00:00
o02779,c0616,delivered,2018-06-12 04:00:00,2018-06-19 04:00:00
o02780,c0617,delivered,2017-12-02 09:00:00,2017-12-14 09:00:00
o02781,c0617,delivered,2017-08-12 16:00:00,2017-09-03 16:00:00
o02782,c0617,delivered,2018-07-12 10:00:00,2018-08-02 10:00:00
o02783,c0617,delivered,2018-02-27 04:00:00,2018-03-19 04:00:00
o02784,c0617,delivered,2017-08-02 15:00:00,2017-08-20 15:00:00
o02785,c0617,delivered,2018-07-28 22:00:00,2018-08-17 22:00:00
o02786,c0617,delivered,2017-11-04 09:00:00,2017-11-16 09:00:00
o02787,c0617,delivered,2018-08-02 04:00:00,2018-08-16 04:00:00
o02788,c0618,delivered,2018-02-18 00:00:00,2018-03-06 00:00:00
o02789,c0618,delivered,2017-06-08 06:00:00,2017-06-24 06:00:00
o02790,c0618,delivered,2017-01-06 03:00:00,2017-01-18 03:00:00
o02791,c0618,delivered,2017-12-22 02:00:00,2018-01-01 02:00:00
o02792,c0618,delivered,2017-07-06 12:00:00,2017-07-14 12:00:00
o02793,c0618,delivered,2017-01-02 12:00:00,2017-01-23 12:00:00
o02794,c0619,delivered,2017-12-22 08:00:00,2018-01-04 08:00:00
o02795,c0619,delivered,2017-03-27 05:00:00,2017-04-08 05:00:00
o02796,c0619,delivered,2017-12-27 11:00:00,2018-01-20 11:00:00
o02797,c0619,delivered,2018-01-23 00:00:00,2018-02-06 00:00:00
o02798,c0619,delivered,2017-12-21 01:00:00,2017-12-31 01:00:00
o02799,c0619,delivered,2018-06-14 08:00:00,2018-06-26 08:00:00
o02800,c0620,delivered,2017-05-15 01:00:00,2017-05-24 01:00:00
o02801,c0620,delivered,2018-04-15 23:00:00,2018-05-02 23:00:00
o02802,c0620,delivered,2018-05-21 15:00:00,2018-06-07 15:00:00
o02803,c0621,delivered,2017-09-17 01:00:00,2017-09-28 01:00:00
o02804,c0621,delivered,2018-06-10 12:00:00,2018-06-29 12:00:00
o02805,c0621,delivered,2017-01-31 04:00:00,2017-02-08 04:00:00
o02806,c0622,delivered,2017-08-07 23:00:00,2017-08-19 23:00:00
o02807,c0622,delivered,2018-02-07 15:00:00,2018-02-18 15:00:00
o02808,c0622,delivered,2018-08-11 05:00:00,2018-08-13 05:00:00
o02809,c0623,delivered,2018-03-30 15:00:00,2018-04-06 15:00:00
o02810,c0623,delivered,2018-06-12 03:00:00,2018-06-19 03:00:00
o02811,c0623,delivered,2017-04-04 04:00:00,2017-04-22 04:00:00
o02812,c0623,delivered,2018-03-04 15:00:00,2018-03-25 15:00:00
o02813,c0624,delivered,2017-02-12 14:00:00,2017-02-16 14:00:00
o02814,c0624,delivered,2018-08-05 15:00:00,2018-08-24 15:00:00
o02815,c0624,delivered,2017-12-14 09:00:00,2017-12-31 09:00:00
o02816,c0624,delivered,2018-05-24 04:00:00,2018-06-15 04:00:00
o02817,c0624,delivered,2018-03-18 02:00:00,2018-04-10 02:00:00
o02818,c0625,delivered,2017-04-20 14:00:00,2017-04-24 14:00:00
o02819,c0625,delivered,2017-04-30 15:00:00,2017-05-17 15:00:00
o02820,c0625,delivered,2018-02-22 08:00:00,2018-03-14 08:00:00
o02821,c0625,delivered,2017-01-30 20:00:00,2017-02-07 20:00:00
o02822,c0625,delivered,2018-01-13 21:00:00,2018-01-20 21:00:00
o02823,c0626,delivered,2017-09-07 19:00:00,2017-09-28 19:00:00
o02824,c0626,delivered,2017-05-24 12:00:00,2017-06-02 12:00:00
o02825,c0626,delivered,2017-11-11 09:00:00,2017-11-13 09:00:00
o02826,c0626,delivered,2018-07-17 15:00:00,2018-07-29 15:00:00
o02827,c0626,delivered,2017-03-07 01:00:00,2017-03-20 01:00:00
o02828,c0626,delivered,2018-01-30 06:00:00,2018-02-18 06:00:00
o02829,c0626,delivered,2017-08-27 00:00:00,2017-09-10 00:00:00
o02830,c0627,delivered,2017-04-21 00:00:00,2017-04-25 00:00:00
o02831,c0627,delivered,2017-06-23 12:00:00,2017-07-17 12:00:00
o02832,c0627,delivered,2017-05-13 01:00:00,2017-05-19 01:00:00
o02833,c0627,delivered,2017-07-14 04:00:00,2017-07-23 04:00:00
o02834,c0628,delivered,2018-08-13 09:00:00,2018-08-29 09:00:00
o02835,c0628,delivered,2018-02-21 03:00:00,2018-02-28 03:00:00
o02836,c0628,delivered,2017-09-10 11:00:00,2017-09-12 11:00:00
o02837,c0629,delivered,2018-01-28 07:00:00,2018-02-06 07:00:00
o02838,c0629,delivered,2018-01-02 22:00:00,2018-01-23 22:00:00
o02839,c0629,delivered,2018-08-19 09:00:00,2018-08-23 09:00:00
o02840,c0629,delivered,2017-05-12 08:00:00,2017-05-20 08:00:00
o02841,c0630,delivered,2017-05-07 03:00:00,2017-05-13 03:00:00
o02842,c0630,delivered,2018-02-05 11:00:00,2018-02-07 11:00:00
o02843,c0631,delivered,2017-12-09 20:00:00,2017-12-20 20:00:00
o02844,c0631,delivered,2017-07-13 06:00:00,2017-07-23 06:00:00
o02845,c0632,delivered,2017-06-19 22:00:00,2017-07-13 22:00:00
o02846,c0632,delivered,2017-07-28 22:00:00,2017-08-18 22:00:00
o02847,c0632,delivered,2017-02-16 11:00:00,2017-03-05 11:00:00
o02848,c0632,delivered,2017-09-14 10:00:00,2017-09-27 10:00:00
o02849,c0633,delivered,2018-02-23 07:00:00,2018-03-10 07:00:00
o02850,c0633,delivered,2017-05-29 21:00:00,2017-06-01 21:00:00
o02851,c0633,delivered,2017-02-10 00:00:00,2017-02-20 00:00:00
o02852,c0633,delivered,2018-01-04 23:00:00,2018-01-16 23:00:00
o02853,c0634,delivered,2017-04-21 08:00:00,2017-04-25 08:00:00
o02854,c0634,delivered,2017-10-14 17:00:00,2017-10-16 17:00:00
o02855,c0634,delivered,2018-04-18 05:00:00,2018-05-05 05:00:00
o02856,c0635,delivered,2018-05-11 18:00:00,2018-05-28 18:00:00
o02857,c0635,delivered,2018-02-26 04:00:00,2018-03-03 04:00:00
o02858,c0635,delivered,2017-08-20 14:00:00,2017-09-05 14:00:00
o02859,c0635,delivered,2018-04-18 07:00:00,2018-05-09 07:00:00
o02860,c0636,delivered,2017-10-01 05:00:00,2017-10-19 05:00:00
o02861,c0636,delivered,2017-03-19 09:00:00,2017-04-07 09:00:00
o02862,c0636,delivered,2018-04-14 06:00:00,2018-04-19 06:00:00
o02863,c0636,delivered,2017-01-20 02:00:00,2017-02-09 02:00:00
o02864,c0636,delivered,2018-04-22 12:00:00,2018-05-07 12:00:00
o02865,c0637,delivered,2017-07-18 04:00:00,2017-07-20 04:00:00
o02866,c0637,delivered,2018-02-13 00:00:00,2018-02-17 00:00:00
o02867,c0637,delivered,2018-04-27 13:00:00,2018-05-10 13:00:00
o02868,c0638,delivered,2017-05-13 03:00:00,2017-05-25 03:00:00
o02869,c0638,delivered,2017-08-06 12:00:00,2017-08-11 12:00:00
o02870,c0638,delivered,2017-05-21 02:00:00,2017-06-01 02:00:00
o02871,c0638,delivered,2017-06-17 05:00:00,2017-07-01 05:00:00
o02872,c0638,delivered,2017-10-30 05:00:00,2017-11-17 05:00:00
o02873,c0639,delivered,2017-07-28 08:00:00,2017-08-09 08:00:00
o02874,c0639,delivered,2017-03-26 10:00:00,2017-04-10 10:00:00
o02875,c0639,delivered,2017-03-20 13:00:00,2017-03-22 13:00:00
o02876,c0639,delivered,2018-01-02 00:00:00,2018-01-08 00:00:00
o02877,c0639,delivered,2017-08-01 14:00:00,2017-08-19 14:00:00
o02878,c0639,delivered,2017-10-13 03:00:00,2017-10-23 03:00:00
o02879,c0640,delivered,2018-04-24 02:00:00,2018-05-12 02:00:00
o02880,c0640,delivered,2017-08-23 00:00:00,2017-09-09 00:00:00
o02881,c0640,delivered,2017-01-17 08:00:00,2017-01-23 08:00:00
o02882,c0641,delivered,2017-12-22 01:00:00,2017-12-26 01:00:00
o02883,c0641,delivered,2017-11-20 23:00:00,2017-11-22 23:00:00
o02884,c0641,delivered,2017-10-08 19:00:00,2017-10-16 19:00:00
o02885,c0641,delivered,2017-10-27 20:00:00,2017-11-14 20:00:00
o02886,c0642,delivered,2017-06-28 18:00:00,2017-07-15 18:00:00
o02887,c0642,delivered,2017-11-05 10:00:00,2017-11-28 10:00:00
o02888,c0642,delivered,2018-06-16 23:00:00,2018-07-03 23:00:00
o02889,c0642,delivered,2017-08-07 02:00:00,2017-08-11 02:00:00
o02890,c0642,delivered,2018-08-02 08:00:00,2018-08-06 08:00:00
o02891,c0643,delivered,2017-05-16 00:00:00,2017-05-30 00:00:00
o02892,c0643,delivered,2017-12-26 09:00:00,2018-01-14 09:00:00
o02893,c0643,delivered,2017-10-20 23:00:00,2017-11-08 23:00:00
o02894,c0644,delivered,2017-02-15 06:00:00,2017-03-06 06:00:00
o02895,c0644,delivered,2017-11-23 18:00:00,2017-12-02 18:00:00
o02896,c0644,delivered,2017-01-24 18:00:00,2017-02-13 18:00:00
o02897,c0644,delivered,2018-01-24 09:00:00,2018-01-26 09:00:00
o02898,c0645,delivered,2018-03-19 15:00:00,2018-04-05 15:00:00
o02899,c0646,delivered,2017-04-14 17:00:00,2017-05-02 17:00:00
o02900,c0646,delivered,2018-06-06 13:00:00,2018-06-24 13:00:00
o02901,c0646,delivered,2017-09-02 16:00:00,2017-09-19 16:00:00
o02902,c0646,delivered,2018-04-19 20:00:00,2018-04-21 20:00:00
o02903,c0646,delivered,2018-04-19 19:00:00,2018-05-03 19:00:00
o02904,c0646,delivered,2017-11-12 17:00:00,2017-11-24 17:00:00
o02905,c0647,delivered,2017-09-09 19:00:00,2017-09-29 19:00:00
o02906,c0647,delivered,2017-05-06 19:00:00,2017-05-15 19:00:00
o02907,c0647,delivered,2017-03-25 21:00:00,2017-04-01 21:00:00
o02908,c0647,delivered,2017-05-04 06:00:00,2017-05-17 06:00:00
o02909,c0648,delivered,2017-04-11 03:00:00,2017-04-22 03:00:00
o02910,c0648,delivered,2017-05-13 04:00:00,2017-06-04 04:00:00
o02911,c0648,delivered,2017-12-29 00:00:00,2018-01-02 00:00:00
o02912,c0648,delivered,2018-05-10 06:00:00,2018-05-15 06:00:00
o02913,c0648,delivered,2018-02-09 20:00:00,2018-02-20 20:00:00
o02914,c0648,delivered,2018-03-28 10:00:00,2018-04-01 10:00:00
o02915,c0648,delivered,2018-05-01 22:00:00,2018-05-25 22:00:00
o02916,c0648,delivered,2017-03-02 13:00:00,2017-03-18 13:00:00
o02917,c0648,delivered,2017-02-18 22:00:00,2017-02-22 22:00:00
o02918,c0648,delivered,2017-06-13 23:00:00,2017-06-27 23:00:00
o02919,c0648,delivered,2018-02-17 11:00:00,2018-03-08 11:00:00
o02920,c0648,delivered,2017-02-19 16:00:00,2017-02-22 16:00:00
o02921,c0648,delivered,2017-04-20 12:00:00,2017-05-02 12:00:00
o02922,c0649,delivered,2017-04-03 19:00:00,2017-04-11 19:00:00
o02923,c0649,delivered,2018-06-11 00:00:00,2018-06-18 00:00:00
o02924,c0649,delivered,2017-06-30 14:00:00,2017-07-11 14:00:00
o02925,c0649,delivered,2017-04-06 13:00:00,2017-04-30 13:00:00
o02926,c0649,delivered,2017-03-23 06:00:00,2017-04-05 06:00:00
o02927,c0649,delivered,2018-03-18 03:00:00,2018-03-25 03:00:00
o02928,c0649,delivered,2017-05-23 14:00:00,2017-05-26 14:00:00
o02929,c0649,delivered,2018-02-05 10:00:00,2018-02-14 10:00:00
o02930,c0649,delivered,2018-06-09 19:00:00,2018-06-29 19:00:00
o02931,c0650,delivered,2018-06-23 05:00:00,2018-07-14 05:00:00
o02932,c0650,delivered,2017-04-18 07:00:00,2017-05-02 07:00:00
o02933,c0650,delivered,2018-03-29 13:00:00,2018-04-12 13:00:00
o02934,c0650,delivered,2017-08-17 14:00:00,2017-08-29 14:00:00
o02935,c0650,delivered,2017-10-18 14:00:00,2017-11-02 14:00:00
o02936,c0650,delivered,2017-07-20 03:00:00,2017-07-28 03:00:00
o02937,c0651,delivered,2017-09-06 03:00:00,2017-09-12 03:00:00
o02938,c0651,delivered,2018-08-02 06:00:00,2018-08-20 06:00:00
o02939,c0651,delivered,2017-03-19 23:00:00,2017-03-25 23:00:00
o02940,c0651,delivered,2017-08-28 18:00:00,2017-09-03 18:00:00
o02941,c0651,delivered,2017-12-01 18:00:00,2017-12-03 18:00:00
o02942,c0652,delivered,2017-01-16 18:00:00,2017-01-24 18:00:00
o02943,c0652,delivered,2018-07-07 22:00:00,2018-07-29 22:00:00
o02944,c0652,delivered,2018-08-30 19:00:00,2018-09-09 19:00:00
o02945,c0652,delivered,2018-08-27 08:00:00,2018-09-11 08:00:00
o02946,c0653,delivered,2017-01-04 23:00:00,2017-01-19 23:00:00
o02947,c0653,delivered,2018-07-31 08:00:00,2018-08-09 08:00:00
o02948,c0653,delivered,2017-11-14 20:00:00,2017-11-28 20:00:00
o02949,c0653,delivered,2018-04-27 05:00:00,2018-05-16 05:00:00
o02950,c0654,delivered,2018-03-22 21:00:00,2018-03-25 21:00:00
o02951,c0654,delivered,2017-08-22 02:00:00,2017-09-02 02:00:00
o02952,c0654,delivered,2018-04-07 15:00:00,2018-04-26 15:00:00
o02953,c0655,delivered,2018-03-25 23:00:00,2018-04-16 23:00:00
o02954,c0655,delivered,2017-12-23 21:00:00,2017-12-26 21:00:00
o02955,c0655,delivered,2018-03-15 12:00:00,2018-04-08 12:00:00
o02956,c0655,delivered,2017-11-03 04:00:00,2017-11-21 04:00:00
o02957,c0655,delivered,2018-08-01 00:00:00,2018-08-04 00:00:00
o02958,c0656,delivered,2018-02-07 13:00:00,2018-02-21 13:00:00
o02959,c0656,delivered,2017-02-24 13:00:00,2017-03-11 13:00:00
o02960,c0656,delivered,2018-06-01 09:00:00,2018-06-11 09:00:00
o02961,c0656,delivered,2017-02-19 13:00:00,2017-03-07 13:00:00
o02962,c0656,delivered,2017-06-20 17:00:00,2017-07-13 17:00:00
o02963,c0657,delivered,2017-04-16 13:00:00,2017-05-03 13:00:00
o02964,c0657,delivered,2017-01-12 04:00:00,2017-01-23 04:00:00
o02965,c0658,delivered,2017-03-25 08:00:00,2017-03-30 08:00:00
o02966,c0658,delivered,2018-06-30 14:00:00,2018-07-09 14:00:00
o02967,c0658,delivered,2018-04-19 00:00:00,2018-05-04 00:00:00
o02968,c0658,delivered,2018-02-20 19:00:00,2018-02-27 19:00:00
o02969,c0658,delivered,2017-12-26 18:00:00,2018-01-15 18:00:00
o02970,c0658,delivered,2017-04-17 23:00:00,2017-04-25 23:00:00
o02971,c0658,delivered,2017-08-26 04:00:00,2017-08-31 04:00:00
o02972,c0658,delivered,2017-06-05 03:00:00,2017-06-23 03:00:00
o02973,c0658,delivered,2017-12-30 09:00:00,2018-01-13 09:00:00
o02974,c0659,delivered,2018-01-03 04:00:00,2018-01-11 04:00:00
o02975,c0659,delivered,2018-06-21 00:00:00,2018-07-15 00:00:00
o02976,c0659,delivered,2018-08-10 06:00:00,2018-08-19 06:00:00
o02977,c0659,delivered,2017-05-06 13:00:00,2017-05-12 13:00:00
o02978,c0660,delivered,2018-04-26 09:00:00,2018-05-20 09:00:00
o02979,c0660,delivered,2018-06-03 09:00:00,2018-06-18 09:00:00
o02980,c0660,delivered,2017-01-15 01:00:00,2017-01-28 01:00:00
o02981,c0660,delivered,2017-10-15 09:00:00,2017-10-19 09:00:00
o02982,c0660,delivered,2018-05-26 09:00:00,2018-06-07 09:00:00
o02983,c0660,delivered,2017-09-03 11:00:00,2017-09-19 11:00:00
o02984,c0661,delivered,2018-04-10 13:00:00,2018-04-15 13:00:00
o02985,c0661,delivered,2018-06-16 06:00:00,2018-06-18 06:00:00
o02986,c0661,delivered,2017-01-24 18:00:00,2017-02-03 18:00:00
o02987,c0661,delivered,2017-01-14 19:00:00,2017-01-22 19:00:00
o02988,c0661,delivered,2018-08-18 21:00:00,2018-08-21 21:00:00
o02989,c0662,delivered,2018-02-24 14:00:00,2018-03-01 14:00:00
o02990,c0662,delivered,2017-07-28 11:00:00,2017-08-02 11:00:00
o02991,c0662,delivered,2018-03-15 06:00:00,2018-04-07 06:00:00
o02992,c0662,delivered,2018-05-03 15:00:00,2018-05-07 15:00:00
o02993,c0663,delivered,2017-01-16 03:00:00,2017-01-29 03:00:00
o02994,c0663,delivered,2018-04-21 03:00:00,2018-05-09 03:00:00
o02995,c0663,delivered,2017-01-30 06:00:00,2017-02-14 06:00:00
o02996,c0663,delivered,2018-05-19 18:00:00,2018-06-02 18:00:00
o02997,c0663,delivered,2017-01-22 07:00:00,2017-02-11 07:00:00
o02998,c0664,delivered,2017-02-19 16:00:00,2017-03-09 16:00:00
o02999,c0664,delivered,2018-04-03 05:00:00,2018-04-10 05:00:00
o03000,c0664,delivered,2017-05-01 09:00:00,2017-05-15 09:00:00
o03001,c0665,delivered,2017-03-14 13:00:00,2017-03-21 13:00:00
o03002,c0665,delivered,2017-12-08 07:00:00,2017-12-31 07:00:00
o03003,c0665,delivered,2017-07-14 20:00:00,2017-07-20 20:00:00
o03004,c0666,delivered,2017-02-21 04:00:00,2017-03-04 04:00:00
o03005,c0667,delivered,2018-07-03 04:00:00,2018-07-23 04:00:00
o03006,c0667,delivered,2018-02-28 08:00:00,2018-03-09 08:00:00
o03007,c0667,delivered,2018-07-31 17:00:00,2018-08-07 17:00:00
o03008,c0667,delivered,2018-07-09 09:00:00,2018-07-12 09:00:00
o03009,c0667,delivered,2018-05-10 20:00:00,2018-05-22 20:00:00
o03010,c0667,delivered,2018-03-04 05:00:00,2018-03-25 05:00:00
o03011,c0668,delivered,2017-08-13 06:00:00,2017-08-26 06:00:00
o03012,c0668,delivered,2017-06-12 14:00:00,2017-07-01 14:00:00
o03013,c0668,delivered,2017-09-04 18:00:00,2017-09-15 18:00:00
o03014,c0669,delivered,2018-08-13 06:00:00,2018-08-31 06:00:00
o03015,c0669,delivered,2017-11-22 22:00:00,2017-11-29 22:00:00
o03016,c0669,delivered,2017-04-30 20:00:00,2017-05-22 20:00:00
o03017,c0669,delivered,2018-03-31 11:00:00,2018-04-11 11:00:00
o03018,c0670,delivered,2018-02-10 17:00:00,2018-02-18 17:00:00
o03019,c0670,delivered,2017-01-05 01:00:00,2017-01-14 01:00:00
o03020,c0670,delivered,2018-02-19 10:00:00,2018-03-07 10:00:00
o03021,c0670,delivered,2017-10-13 06:00:00,2017-11-01 06:00:00
o03022,c0670,delivered,2018-03-16 23:00:00,2018-04-05 23:00:00
o03023,c0670,delivered,2017-08-20 16:00:00,2017-08-30 16:00:00
o03024,c0671,delivered,2018-06-15 14:00:00,2018-07-06 14:00:00
o03025,c0671,delivered,2017-06-21 00:00:00,2017-06-26 00:00:00
o03026,c0671,delivered,2017-11-20 23:00:00,2017-12-06 23:00:00
o03027,c0671,delivered,2018-05-08 11:00:00,2018-06-01 11:00:00
o03028,c0671,delivered,2018-07-27 05:00:00,2018-08-17 05:00:00
o03029,c0671,delivered,2017-01-11 14:00:00,2017-01-23 14:00:00
o03030,c0672,delivered,2017-07-03 22:00:00,2017-07-20 22:00:00
o03031,c0672,delivered,2017-03-26 03:00:00,2017-03-30 03:00:00
o03032,c0672,delivered,2017-07-04 01:00:00,2017-07-12 01:00:00
o03033,c0672,delivered,2018-04-11 20:00:00,2018-05-01 20:00:00
o03034,c0672,delivered,2017-10-29 16:00:00,2017-11-21 16:00:00
o03035,c0673,delivered,2017-02-02 21:00:00,2017-02-20 21:00:00
o03036,c0673,delivered,2017-08-23 10:00:00,2017-09-04 10:00:00
o03037,c0673,delivered,2017-04-06 05:00:00,2017-04-14 05:00:00
o03038,c0674,delivered,2017-01-04 12:00:00,2017-01-16 12:00:00
o03039,c0674,delivered,2017-07-20 04:00:00,2017-08-13 04:00:00
o03040,c0674,delivered,2018-02-17 11:00:00,2018-03-07 11:00:00
o03041,c0674,delivered,2017-08-15 05:00:00,2017-09-01 05:00:00
o03042,c0674,delivered,2018-04-14 15:00:00,2018-04-29 15:00:00
o03043,c0674,delivered,2017-01-02 15:00:00,2017-01-18 15:00:00
o03044,c0674,delivered,2017-09-08 05:00:00,2017-10-02 05:00:00
o03045,c0674,delivered,2017-08-17 06:00:00,2017-09-04 06:00:00
o03046,c0675,delivered,2017-10-21 13:00:00,2017-11-06 13:00:00
o03047,c0675,delivered,2017-08-13 03:00:00,2017-08-18 03:00:00
o03048,c0675,delivered,2018-07-26 12:00:00,2018-08-06 12:00:00
o03049,c0675,delivered,2017-07-14 17:00:00,2017-08-05 17:00:00
o03050,c0675,delivered,2018-04-13 12:00:00,2018-04-25 12:00:00
o03051,c0676,delivered,2018-06-11 20:00:00,2018-06-21 20:00:00
o03052,c0676,delivered,2018-08-10 19:00:00,2018-08-31 19:00:00
o03053,c0676,delivered,2017-02-04 03:00:00,2017-02-12 03:00:00
o03054,c0676,delivered,2018-04-08 01:00:00,2018-04-11 01:00:00
o03055,c0677,delivered,2017-01-20 04:00:00,2017-02-12 04:00:00
o03056,c0677,delivered,2018-03-15 17:00:00,2018-03-23 17:00:00
o03057,c0677,delivered,2018-01-16 18:00:00,2018-01-30 18:00:00
o03058,c0677,delivered,2018-06-05 13:00:00,2018-06-14 13:00:00
o03059,c0677,delivered,2018-01-24 22:00:00,2018-02-14 22:00:00
o03060,c0678,delivered,2017-10-31 14:00:00,2017-11-24 14:00:00
o03061,c0678,delivered,2018-04-01 12:00:00,2018-04-09 12:00:00
o03062,c0679,delivered,2018-07-05 23:00:00,2018-07-08 23:00:00
o03063,c0679,delivered,2017-01-20 02:00:00,2017-01-30 02:00:00
o03064,c0679,delivered,2017-04-08 21:00:00,2017-05-01 21:00:00
o03065,c0679,delivered,2017-04-20 19:00:00,2017-04-25 19:00:00
o03066,c0679,delivered,2018-04-24 08:00:00,2018-04-26 08:00:00
o03067,c0679,delivered,2017-09-18 19:00:00,2017-10-11 19:00:00
o03068,c0680,delivered,2017-03-15 20:00:00,2017-03-23 20:00:00
o03069,c0680,delivered,2017-10-10 02:00:00,2017-11-03 02:00:00
o03070,c0680,delivered,2018-04-26 15:00:00,2018-05-14 15:00:00
o03071,c0680,delivered,2018-06-16 03:00:00,2018-06-23 03:00:00
o03072,c0681,delivered,2017-01-23 11:00:00,2017-02-05 11:00:00
o03073,c0681,delivered,2017-01-19 15:00:00,2017-01-21 15:00:00
o03074,c0682,delivered,2018-04-28 16:00:00,2018-05-18 16:00:00
o03075,c0682,delivered,2017-03-13 20:00:00,2017-03-27 20:00:00
o03076,c0682,delivered,2018-06-09 16:00:00,2018-06-26 16:00:00
o03077,c0683,delivered,2017-01-20 16:00:00,2017-02-01 16:00:00
o03078,c0683,delivered,2018-06-01 16:00:00,2018-06-04 16:00:00
o03079,c0684,delivered,2018-06-25 01:00:00,2018-07-03 01:00:00
o03080,c0684,delivered,2017-05-12 23:00:00,2017-05-17 23:00:00
o03081,c0684,delivered,2018-05-29 05:00:00,2018-06-14 05:00:00
o03082,c0684,delivered,2017-02-24 09:00:00,2017-03-12 09:00:00
o03083,c0684,delivered,2018-03-09 20:00:00,2018-03-29 20:00:00
o03084,c0684,delivered,2017-11-12 07:00:00,2017-11-20 07:00:00
o03085,c0684,delivered,2018-08-27 14:00:00,2018-09-18 14:00:00
o03086,c0685,delivered,2017-09-21 11:00:00,2017-10-11 11:00:00
o03087,c0685,delivered,2018-03-16 04:00:00,2018-03-30 04:00:00
o03088,c0685,delivered,2017-05-10 18:00:00,2017-05-12 18:00:00
o03089,c0685,delivered,2018-05-18 22:00:00,2018-05-20 22:00:00
o03090,c0685,delivered,2018-01-19 01:00:00,2018-01-29 01:00:00
o03091,c0686,delivered,2017-07-24 12:00:00,2017-08-16 12:00:00
o03092,c0686,delivered,2017-10-08 09:00:00,2017-10-12 09:00:00
o03093,c0686,delivered,2018-06-24 07:00:00,2018-07-06 07:00:00
o03094,c0686,delivered,2017-02-26 06:00:00,2017-03-12 06:00:00
o03095,c0686,delivered,2018-07-02 07:00:00,2018-07-16 07:00:00
o03096,c0686,delivered,2018-06-17 08:00:00,2018-06-25 08:00:00
o03097,c0686,delivered,2017-01-27 21:00:00,2017-01-31 21:00:00
o03098,c0687,delivered,2017-05-11 03:00:00,2017-05-29 03:00:00
o03099,c0687,delivered,2017-08-10 16:00:00,2017-08-25 16:00:00
o03100,c0688,delivered,2017-01-10 07:00:00,2017-01-12 07:00:00
o03101,c0688,delivered,2017-02-09 11:00:00,2017-02-17 11:00:00
o03102,c0688,delivered,2017-02-24 09:00:00,2017-03-08 09:00:00
o03103,c0688,delivered,2018-08-27 15:00:00,2018-09-07 15:00:00
o03104,c0688,delivered,2017-10-15 02:00:00,2017-10-25 02:00:00
o03105,c0689,delivered,2017-12-20 00:00:00,2018-01-12 00:00:00
o03106,c0689,delivered,2017-11-10 18:00:00,2017-11-18 18:00:00
o03107,c0689,delivered,2018-05-24 08:00:00,2018-06-16 08:00:00
o03108,c0689,delivered,2017-11-14 15:00:00,2017-11-20 15:00:00
o03109,c0689,delivered,2018-08-28 04:00:00,2018-08-30 04:00:00
o03110,c0689,delivered,2017-09-25 20:00:00,2017-10-18 20:00:00
o03111,c0689,delivered,2018-06-06 13:00:00,2018-06-29 13:00:00
o03112,c0689,delivered,2017-10-27 11:00:00,2017-11-02 11:00:00
o03113,c0689,delivered,2018-04-24 07:00:00,2018-04-30 07:00:00
o03114,c0690,delivered,2017-08-13 14:00:00,2017-08-21 14:00:00
o03115,c0690,delivered,2017-08-07 07:00:00,2017-08-22 07:00:00
o03116,c0690,delivered,2018-03-11 16:00:00,2018-03-16 16:00:00
o03117,c0690,delivered,2017-07-31 15:00:00,2017-08-06 15:00:00
o03118,c0690,delivered,2017-02-12 07:00:00,2017-03-01 07:00:00
o03119,c0691,delivered,2018-02-08 03:00:00,2018-02-25 03:00:00
o03120,c0691,delivered,2017-04-29 17:00:00,2017-05-14 17:00:00
o03121,c0691,delivered,2017-03-18 08:00:00,2017-04-07 08:00:00
o03122,c0691,delivered,2017-09-21 16:00:00,2017-10-10 16:00:00
o03123,c0692,delivered,2017-01-19 22:00:00,2017-01-28 22:00:00
o03124,c0692,delivered,2018-04-28 11:00:00,2018-05-13 11:00:00
o03125,c0692,delivered,2017-08-08 20:00:00,2017-08-12 20:00:00
o03126,c0692,delivered,2018-06-29 04:00:00,2018-07-21 04:00:00
o03127,c0692,delivered,2017-01-15 00:00:00,2017-01-19 00:00:00
o03128,c0692,delivered,2017-11-30 06:00:00,2017-12-15 06:00:00
o03129,c0693,delivered,2018-05-14 00:00:00,2018-05-28 00:00:00
o03130,c0693,delivered,2018-03-26 10:00:00,2018-04-18 10:00:00
o03131,c0693,delivered,2018-02-07 00:00:00,2018-02-21 00:00:00
o03132,c0693,delivered,2017-08-22 03:00:00,2017-09-14 03:00:00
o03133,c0693,delivered,2017-05-16 02:00:00,2017-05-23 02:00:00
o03134,c0694,delivered,2018-05-16 14:00:00,2018-06-05 14:00:00
o03135,c0694,delivered,2017-10-08 02:00:00,2017-10-18 02:00:00
o03136,c0694,delivered,2017-05-02 13:00:00,2017-05-10 13:00:00
o03137,c0694,delivered,2018-08-13 09:00:00,2018-08-22 09:00:00
o03138,c0695,delivered,2018-08-22 12:00:00,2018-08-27 12:00:00
o03139,c0695,delivered,2017-10-20 06:00:00,2017-11-07 06:00:00
o03140,c0695,delivered,2017-12-15 17:00:00,2018-01-07 17:00:00
o03141,c0696,delivered,2018-03-20 08:00:00,2018-03-26 08:00:00
o03142,c0696,delivered,2017-11-18 10:00:00,2017-11-27 10:00:00
o03143,c0696,delivered,2018-05-09 21:00:00,2018-05-19 21:00:00
o03144,c0697,delivered,2018-02-18 23:00:00,2018-02-20 23:00:00
o03145,c0697,delivered,2017-08-10 17:00:00,2017-08-23 17:00:00
o03146,c0697,delivered,2018-04-27 11:00:00,2018-04-30 11:00:00
o03147,c0697,delivered,2017-09-21 09:00:00,2017-10-12 09:00:00
o03148,c0698,delivered,2017-03-31 03:00:00,2017-04-05 03:00:00
o03149,c0698,delivered,2017-12-12 23:00:00,2017-12-28 23:00:00
o03150,c0698,delivered,2018-05-12 20:00:00,2018-05-27 20:00:00
o03151,c0698,delivered,2018-01-06 05:00:00,2018-01-30 05:00:00
o03152,c0698,delivered,2018-04-24 20:00:00,2018-05-18 20:00:00
o03153,c0698,delivered,2017-08-01 03:00:00,2017-08-22 03:00:00
o03154,c0698,delivered,2017-10-15 23:00:00,2017-11-01 23:00:00
o03155,c0699,delivered,2017-06-06 08:00:00,2017-06-22 08:00:00
o03156,c0699,delivered,2017-08-28 06:00:00,2017-09-03 06:00:00
o03157,c0699,delivered,2018-01-30 00:00:00,2018-02-03 00:00:00
o03158,c0699,delivered,2017-01-26 17:00:00,2017-01-28 17:00:00
o03159,c0699,delivered,2017-09-13 02:00:00,2017-09-28 02:00:00
o03160,c0700,delivered,2017-01-21 00:00:00,2017-02-01 00:00:00
o03161,c0700,delivered,2018-02-27 02:00:00,2018-03-12 02:00:00
o03162,c0700,delivered,2018-05-08 15:00:00,2018-05-27 15:00:00
o03163,c0701,delivered,2017-07-11 22:00:00,2017-07-16 22:00:00
o03164,c0701,delivered,2018-01-04 10:00:00,2018-01-06 10:00:00
o03165,c0701,delivered,2018-07-28 16:00:00,2018-08-04 16:00:00
o03166,c0702,delivered,2017-02-01 16:00:00,2017-02-15 16:00:00
o03167,c0702,delivered,2017-01-31 23:00:00,2017-02-18 23:00:00
o03168,c0702,delivered,2017-10-09 05:00:00,2017-10-17 05:00:00
o03169,c0702,delivered,2017-10-02 01:00:00,2017-10-12 01:00:00
o03170,c0703,delivered,2017-05-13 02:00:00,2017-05-17 02:00:00
o03171,c0703,delivered,2017-07-30 09:00:00,2017-08-09 09:00:00
o03172,c0703,delivered,2018-02-24 12:00:00,2018-03-02 12:00:00
o03173,c0703,delivered,2018-08-15 17:00:00,2018-08-27 17:00:00
o03174,c0704,delivered,2017-01-30 21:00:00,2017-02-18 21:00:00
o03175,c0704,delivered,2017-10-08 03:00:00,2017-10-12 03:00:00
o03176,c0705,delivered,2017-06-26 05:00:00,2017-07-02 05:00:00
o03177,c0705,delivered,2017-09-05 01:00:00,2017-09-14 01:00:00
o03178,c0706,delivered,2018-06-14 20:00:00,2018-06-16 20:00:00
o03179,c0706,delivered,2018-02-17 23:00:00,2018-03-04 23:00:00
o03180,c0706,delivered,2017-08-26 11:00:00,2017-09-01 11:00:00
o03181,c0707,delivered,2017-08-30 22:00:00,2017-09-15 22:00:00
o03182,c0707,delivered,2017-09-19 02:00:00,2017-10-11 02:00:00
o03183,c0707,delivered,2017-04-09 17:00:00,2017-04-17 17:00:00
o03184,c0707,delivered,2017-06-19 04:00:00,2017-06-29 04:00:00
o03185,c0708,delivered,2018-02-16 09:00:00,2018-02-18 09:00:00
o03186,c0708,delivered,2017-06-10 03:00:00,2017-06-21 03:00:00
o03187,c0709,delivered,2018-07-03 23:00:00,2018-07-27 23:00:00
o03188,c0709,delivered,2017-03-10 11:00:00,2017-03-13 11:00:00
o03189,c0709,delivered,2017-10-29 13:00:00,2017-11-17 13:00:00
o03190,c0709,delivered,2017-07-24 00:00:00,2017-08-05 00:00:00
o03191,c0709,delivered,2017-09-17 14:00:00,2017-09-21 14:00:00
o03192,c0709,delivered,2018-01-08 09:00:00,2018-01-26 09:00:00
o03193,c0710,delivered,2018-08-22 05:00:00,2018-09-10 05:00:00
o03194,c0710,delivered,2017-03-19 23:00:00,2017-04-01 23:00:00
o03195,c0710,delivered,2018-03-30 18:00:00,2018-04-14 18:00:00
o03196,c0711,delivered,2017-08-22 18:00:00,2017-09-03 18:00:00
o03197,c0711,delivered,2018-02-05 14:00:00,2018-02-17 14:00:00
o03198,c0711,delivered,2017-03-13 07:00:00,2017-04-05 07:00:00
o03199,c0712,delivered,2017-11-13 15:00:00,2017-11-20 15:00:00
o03200,c0712,delivered,2018-03-06 11:00:00,2018-03-13 11:00:00
o03201,c0712,delivered,2017-03-30 09:00:00,2017-04-14 09:00:00
o03202,c0712,delivered,2017-06-20 05:00:00,2017-06-28 05:00:00
o03203,c0712,delivered,2017-06-28 17:00:00,2017-07-11 17:00:00
o03204,c0713,delivered,2017-10-13 03:00:00,2017-10-27 03:00:00
o03205,c0713,delivered,2018-08-09 17:00:00,2018-08-21 17:00:00
o03206,c0713,delivered,2017-07-06 08:00:00,2017-07-08 08:00:00
o03207,c0713,delivered,2017-01-18 18:00:00,2017-02-08 18:00:00
o03208,c0714,delivered,2018-08-12 15:00:00,2018-09-04 15:00:00
o03209,c0714,delivered,2017-09-11 06:00:00,2017-09-18 06:00:00
o03210,c0714,delivered,2017-05-24 17:00:00,2017-05-26 17:00:00
o03211,c0715,delivered,2018-07-29 18:00:00,2018-08-08 18:00:00
o03212,c0715,delivered,2018-03-03 03:00:00,2018-03-14 03:00:00
o03213,c0715,delivered,2017-03-08 02:00:00,2017-03-10 02:00:00
o03214,c0716,delivered,2018-04-29 17:00:00,2018-05-21 17:00:00
o03215,c0716,delivered,2018-08-20 23:00:00,2018-09-13 23:00:00
o03216,c0716,delivered,2017-01-10 18:00:00,2017-01-28 18:00:00
o03217,c0716,delivered,2017-04-09 03:00:00,2017-05-03 03:00:00
o03218,c0716,delivered,2018-06-21 07:00:00,2018-06-24 07:00:00
o03219,c0717,delivered,2017-07-22 00:00:00,2017-08-08 00:00:00
o03220,c0717,delivered,2017-08-20 01:00:00,2017-09-13 01:00:00
o03221,c0717,delivered,2018-05-18 21:00:00,2018-06-11 21:00:00
o03222,c0717,delivered,2017-01-09 18:00:00,2017-01-29 18:00:00
o03223,c0718,delivered,2018-04-21 06:00:00,2018-05-01 06:00:00
o03224,c0718,delivered,2018-07-19 01:00:00,2018-08-04 01:00:00
o03225,c0718,delivered,2018-04-27 19:00:00,2018-05-12 19:00:00
o03226,c0718,delivered,2018-04-12 21:00:00,2018-05-01 21:00:00
o03227,c0718,delivered,2017-03-12 05:00:00,2017-03-21 05:00:00
o03228,c0718,delivered,2017-07-28 08:00:00,2017-08-04 08:00:00
o03229,c0718,delivered,2018-02-20 02:00:00,2018-03-12 02:00:00
o03230,c0718,delivered,2018-02-05 23:00:00,2018-02-07 23:00:00
o03231,c0718,delivered,2017-06-29 21:00:00,2017-07-12 21:00:00
o03232,c0719,delivered,2017-12-08 00:00:00,2017-12-27 00:00:00
o03233,c0719,delivered,2017-06-03 23:00:00,2017-06-13 23:00:00
o03234,c0719,delivered,2017-04-25 14:00:00,2017-05-07 14:00:00
o03235,c0719,delivered,2017-10-14 22:00:00,2017-10-24 22:00:00
o03236,c0720,delivered,2017-08-30 14:00:00,2017-09-04 14:00:00
o03237,c0720,delivered,2018-05-19 05:00:00,2018-05-26 05:00:00
o03238,c0720,delivered,2017-01-07 08:00:00,2017-01-22 08:00:00
o03239,c0720,delivered,2018-03-05 21:00:00,2018-03-24 21:00:00
o03240,c0720,delivered,2017-07-15 19:00:00,2017-07-21 19:00:00
o03241,c0720,delivered,2017-05-08 08:00:00,2017-05-22 08:00:00
o03242,c0721,delivered,2017-05-04 21:00:00,2017-05-12 21:00:00
o03243,c0721,delivered,2017-08-27 14:00:00,2017-09-07 14:00:00
o03244,c0721,delivered,2017-09-03 23:00:00,2017-09-15 23:00:00
o03245,c0721,delivered,2017-03-10 17:00:00,2017-03-28 17:00:00
o03246,c0722,delivered,2017-05-14 20:00:00,2017-05-25 20:00:00
o03247,c0722,delivered,2017-04-02 04:00:00,2017-04-20 04:00:00
o03248,c0722,delivered,2017-05-12 11:00:00,2017-05-30 11:00:00
o03249,c0723,delivered,2018-06-03 11:00:00,2018-06-25 11:00:00
o03250,c0723,delivered,2017-07-03 20:00:00,2017-07-10 20:00:00
o03251,c0723,delivered,2017-02-09 17:00:00,2017-02-28 17:00:00
o03252,c0723,delivered,2018-07-18 22:00:00,2018-07-22 22:00:00
o03253,c0723,delivered,2018-01-13 16:00:00,2018-01-28 16:00:00
o03254,c0723,delivered,2017-01-12 01:00:00,2017-01-29 01:00:00
o03255,c0723,delivered,2018-06-05 04:00:00,2018-06-08 04:00:00
o03256,c0723,delivered,2017-09-03 07:00:00,2017-09-27 07:00:00
o03257,c0724,delivered,2018-07-17 13:00:00,2018-08-09 13:00:00
o03258,c0724,delivered,2017-05-20 23:00:00,2017-06-01 23:00:00
o03259,c0724,delivered,2017-10-17 01:00:00,2017-10-23 01:00:00
o03260,c0724,delivered,2017-04-29 11:00:00,2017-05-05 11:00:00
o03261,c0724,delivered,2017-03-04 14:00:00,2017-03-26 14:00:00
o03262,c0724,delivered,2017-02-12 13:00:00,2017-03-08 13:00:00
o03263,c0724,delivered,2017-09-03 04:00:00,2017-09-06 04:00:00
o03264,c0725,delivered,2018-07-24 09:00:00,2018-07-28 09:00:00
o03265,c0725,delivered,2018-06-11 19:00:00,2018-06-29 19:00:00
o03266,c0725,delivered,2017-02-21 01:00:00,2017-02-28 01:00:00
o03267,c0726,delivered,2017-04-08 12:00:00,2017-04-19 12:00:00
o03268,c0726,delivered,2018-04-11 02:00:00,2018-04-29 02:00:00
o03269,c0726,delivered,2018-07-22 03:00:00,2018-08-08 03:00:00
o03270,c0726,delivered,2017-11-06 02:00:00,2017-11-14 02:00:00
o03271,c0726,delivered,2018-04-25 20:00:00,2018-05-05 20:00:00
o03272,c0727,delivered,2017-03-06 05:00:00,2017-03-27 05:00:00
o03273,c0727,delivered,2017-12-13 10:00:00,2017-12-15 10:00:00
o03274,c0727,delivered,2018-04-21 11:00:00,2018-05-05 11:00:00
o03275,c0728,delivered,2018-05-29 13:00:00,2018-06-21 13:00:00
o03276,c0728,delivered,2017-12-07 08:00:00,2017-12-30 08:00:00
o03277,c0728,delivered,2018-01-26 18:00:00,2018-02-02 18:00:00
o03278,c0728,delivered,2018-02-12 13:00:00,2018-02-16 13:00:00
o03279,c0729,delivered,2017-06-04 21:00:00,2017-06-19 21:00:00
o03280,c0729,delivered,2018-04-16 04:00:00,2018-04-23 04:00:00
o03281,c0729,delivered,2018-07-27 10:00:00,2018-08-18 10:00:00
o03282,c0729,delivered,2018-05-07 08:00:00,2018-05-30 08:00:00
o03283,c0729,delivered,2018-04-18 03:00:00,2018-04-22 03:00:00
o03284,c0730,delivered,2017-03-18 17:00:00,2017-03-23 17:00:00
o03285,c0730,delivered,2017-06-21 10:00:00,2017-06-26 10:00:00
o03286,c0730,delivered,2017-07-20 16:00:00,2017-08-13 16:00:00
o03287,c0730,delivered,2017-10-13 17:00:00,2017-10-27 17:00:00
o03288,c0730,delivered,2017-10-11 12:00:00,2017-11-04 12:00:00
o03289,c0731,delivered,2017-02-06 12:00:00,2017-02-09 12:00:00
o03290,c0731,delivered,2018-06-17 14:00:00,2018-06-20 14:00:00
o03291,c0732,delivered,2018-01-15 10:00:00,2018-01-18 10:00:00
o03292,c0732,delivered,2018-08-18 09:00:00,2018-08-20 09:00:00
o03293,c0732,delivered,2018-01-08 09:00:00,2018-01-25 09:00:00
o03294,c0732,delivered,2017-04-09 19:00:00,2017-04-20 19:00:00
o03295,c0733,delivered,2017-09-13 19:00:00,2017-09-27 19:00:00
o03296,c0733,delivered,2017-01-01 13:00:00,2017-01-17 13:00:00
o03297,c0733,delivered,2017-07-09 04:00:00,2017-07-12 04:00:00
o03298,c0733,delivered,2018-05-30 00:00:00,2018-06-14 00:00:00
o03299,c0733,delivered,2018-05-24 08:00:00,2018-05-30 08:00:00
o03300,c0733,delivered,2018-03-11 15:00:00,2018-03-13 15:00:00
o03301,c0734,delivered,2017-12-17 00:00:00,2017-12-28 00:00:00
o03302,c0734,delivered,2017-07-04 20:00:00,2017-07-28 20:00:00
o03303,c0734,delivered,2018-03-01 17:00:00,2018-03-03 17:00:00
o03304,c0734,delivered,2017-02-08 18:00:00,2017-02-19 18:00:00
o03305,c0734,delivered,2017-11-05 16:00:00,2017-11-14 16:00:00
o03306,c0735,delivered,2018-02-19 17:00:00,2018-02-26 17:00:00
o03307,c0735,delivered,2018-02-22 04:00:00,2018-03-03 04:00:00
o03308,c0735,delivered,2018-04-20 23:00:00,2018-04-23 23:00:00
o03309,c0735,delivered,2018-01-30 13:00:00,2018-02-14 13:00:00
o03310,c0735,delivered,2018-04-24 01:00:00,2018-05-13 01:00:00
o03311,c0735,delivered,2017-06-19 03:00:00,2017-07-01 03:00:00
o03312,c0735,delivered,2017-01-17 15:00:00,2017-01-31 15:00:00
o03313,c0735,delivered,2017-11-08 00:00:00,2017-11-27 00:00:00
o03314,c0736,delivered,2017-01-22 06:00:00,2017-02-02 06:00:00
o03315,c0736,delivered,2018-03-03 09:00:00,2018-03-23 09:00:00
o03316,c0736,delivered,2018-07-23 18:00:00,2018-07-25 18:00:00
o03317,c0736,delivered,2018-04-14 04:00:00,2018-05-06 04:00:00
o03318,c0736,delivered,2018-08-19 02:00:00,2018-08-23 02:00:00
o03319,c0736,delivered,2018-02-28 03:00:00,2018-03-24 03:00:00
o03320,c0737,delivered,2017-11-25 13:00:00,2017-12-16 13:00:00
o03321,c0737,delivered,2017-05-13 13:00:00,2017-06-06 13:00:00
o03322,c0737,delivered,2017-01-14 04:00:00,2017-01-19 04:00:00
o03323,c0737,delivered,2017-07-24 03:00:00,2017-07-29 03:00:00
o03324,c0737,delivered,2018-06-03 11:00:00,2018-06-13 11:00:00
o03325,c0737,delivered,2017-09-12 23:00:00,2017-09-25 23:00:00
o03326,c0737,delivered,2017-10-13 22:00:00,2017-10-15 22:00:00
o03327,c0738,delivered,2017-10-18 17:00:00,2017-10-31 17:00:00
o03328,c0738,delivered,2018-06-12 21:00:00,2018-06-21 21:00:00
o03329,c0738,delivered,2018-05-13 05:00:00,2018-05-20 05:00:00
o03330,c0738,delivered,2018-08-18 00:00:00,2018-08-28 00:00:00
o03331,c0738,delivered,2018-01-18 09:00:00,2018-02-08 09:00:00
o03332,c0738,delivered,2017-06-02 13:00:00,2017-06-06 13:00:00
o03333,c0738,delivered,2017-05-09 04:00:00,2017-05-28 04:00:00
o03334,c0738,delivered,2017-05-04 16:00:00,2017-05-13 16:00:00
o03335,c0739,delivered,2017-12-10 20:00:00,2017-12-31 20:00:00
o03336,c0740,delivered,2017-01-07 18:00:00,2017-01-30 18:00:00
o03337,c0740,delivered,2018-02-11 04:00:00,2018-02-28 04:00:00
o03338,c0740,delivered,2018-01-22 15:00:00,2018-02-02 15:00:00
o03339,c0740,delivered,2017-11-16 15:00:00,2017-11-28 15:00:00
o03340,c0740,delivered,2018-04-16 17:00:00,2018-04-24 17:00:00
o03341,c0740,delivered,2018-01-07 18:00:00,2018-01-20 18:00:00
o03342,c0740,delivered,2018-03-11 03:00:00,2018-03-21 03:00:00
o03343,c0741,delivered,2018-03-03 21:00:00,2018-03-19 21:00:00
o03344,c0741,delivered,2018-02-08 08:00:00,2018-02-26 08:00:00
o03345,c0741,delivered,2017-08-05 01:00:00,2017-08-12 01:00:00
o03346,c0741,delivered,2018-01-07 23:00:00,2018-01-20 23:00:00
o03347,c0742,delivered,2018-06-08 18:00:00,2018-06-22 18:00:00
o03348,c0742,delivered,2018-05-05 09:00:00,2018-05-17 09:00:00
o03349,c0742,delivered,2018-03-24 15:00:00,2018-04-07 15:00:00
o03350,c0742,delivered,2017-09-21 23:00:00,2017-09-24 23:00:00
o03351,c0742,delivered,2017-02-03 11:00:00,2017-02-05 11:00:00
o03352,c0743,delivered,2017-07-27 13:00:00,2017-08-07 13:00:00
o03353,c0743,delivered,2017-05-04 06:00:00,2017-05-19 06:00:00
o03354,c0743,delivered,2018-08-02 18:00:00,2018-08-16 18:00:00
o03355,c0743,delivered,2017-03-25 05:00:00,2017-04-06 05:00:00
o03356,c0744,delivered,2017-05-30 16:00:00,2017-06-09 16:00:00
o03357,c0744,delivered,2018-05-22 06:00:00,2018-06-04 06:00:00
o03358,c0744,delivered,2018-03-11 04:00:00,2018-03-30 04:00:00
o03359,c0745,delivered,2017-12-23 15:00:00,2018-01-04 15:00:00
o03360,c0745,delivered,2018-07-23 18:00:00,2018-07-29 18:00:00
o03361,c0745,delivered,2017-12-04 21:00:00,2017-12-12 21:00:00
o03362,c0745,delivered,2017-11-23 18:00:00,2017-12-01 18:00:00
o03363,c0746,delivered,2017-11-11 13:00:00,2017-11-17 13:00:00
o03364,c0746,delivered,2017-04-18 13:00:00,2017-04-24 13:00:00
o03365,c0746,delivered,2018-07-31 12:00:00,2018-08-18 12:00:00
o03366,c0746,delivered,2017-08-30 07:00:00,2017-09-12 07:00:00
o03367,c0747,delivered,2018-03-09 09:00:00,2018-03-17 09:00:00
o03368,c0747,delivered,2017-03-29 13:00:00,2017-04-15 13:00:00
o03369,c0747,delivered,2017-11-17 06:00:00,2017-11-24 06:00:00
o03370,c0747,delivered,2017-08-18 08:00:00,2017-08-24 08:00:00
o03371,c0747,delivered,2018-07-27 07:00:00,2018-08-03 07:00:00
o03372,c0747,delivered,2018-01-04 19:00:00,2018-01-16 19:00:00
o03373,c0747,delivered,2018-02-10 02:00:00,2018-02-24 02:00:00
o03374,c0748,delivered,2017-02-10 03:00:00,2017-02-25 03:00:00
o03375,c0748,delivered,2017-05-05 00:00:00,2017-05-11 00:00:00
o03376,c0748,delivered,2018-04-15 14:00:00,2018-04-25 14:00:00
o03377,c0748,delivered,2018-08-15 09:00:00,2018-09-06 09:00:00
o03378,c0748,delivered,2017-07-29 00:00:00,2017-08-02 00:00:00
o03379,c0748,delivered,2017-06-16 04:00:00,2017-06-21 04:00:00
o03380,c0748,delivered,2017-08-22 23:00:00,2017-08-28 23:00:00
o03381,c0748,delivered,2017-05-24 23:00:00,2017-05-30 23:00:00
o03382,c0749,delivered,2018-05-20 14:00:00,2018-06-12 14:00:00
o03383,c0749,delivered,2017-12-05 14:00:00,2017-12-12 14:00:00
o03384,c0749,delivered,2017-12-16 16:00:00,2018-01-09 16:00:00
o03385,c0749,delivered,2017-02-28 03:00:00,2017-03-02 03:00:00
o03386,c0749,delivered,2018-04-26 01:00:00,2018-05-19 01:00:00
o03387,c0750,delivered,2017-08-10 06:00:00,2017-09-03 06:00:00
o03388,c0750,delivered,2018-03-14 13:00:00,2018-04-05 13:00:00
o03389,c0751,delivered,2018-04-04 15:00:00,2018-04-13 15:00:00
o03390,c0751,delivered,2018-08-23 17:00:00,2018-09-15 17:00:00
o03391,c0751,delivered,2018-08-11 13:00:00,2018-08-21 13:00:00
o03392,c0752,delivered,2018-07-30 23:00:00,2018-08-03 23:00:00
o03393,c0752,delivered,2018-01-24 14:00:00,2018-02-12 14:00:00
o03394,c0752,delivered,2018-08-17 06:00:00,2018-09-10 06:00:00
o03395,c0752,delivered,2018-01-26 01:00:00,2018-02-08 01:00:00
o03396,c0752,delivered,2017-03-23 22:00:00,2017-04-11 22:00:00
o03397,c0753,delivered,2018-07-05 14:00:00,2018-07-16 14:00:00
o03398,c0753,delivered,2017-09-18 22:00:00,2017-09-23 22:00:00
o03399,c0753,delivered,2018-06-22 10:00:00,2018-07-07 10:00:00
o03400,c0754,delivered,2018-02-10 01:00:00,2018-02-15 01:00:00
o03401,c0754,delivered,2017-04-08 18:00:00,2017-04-11 18:00:00
o03402,c0754,delivered,2018-01-07 02:00:00,2018-01-26 02:00:00
o03403,c0755,delivered,2018-08-17 09:00:00,2018-08-23 09:00:00
o03404,c0755,delivered,2017-09-28 16:00:00,2017-10-16 16:00:00
o03405,c0755,delivered,2018-01-23 13:00:00,2018-02-08 13:00:00
o03406,c0755,delivered,2017-05-13 04:00:00,2017-06-05 04:00:00
o03407,c0755,delivered,2017-12-19 20:00:00,2018-01-04 20:00:00
o03408,c0756,delivered,2017-10-04 13:00:00,2017-10-21 13:00:00
o03409,c0756,delivered,2017-04-24 11:00:00,2017-05-12 11:00:00
o03410,c0756,delivered,2017-02-22 01:00:00,2017-02-27 01:00:00
o03411,c0756,delivered,2017-12-26 05:00:00,2018-01-07 05:00:00
o03412,c0757,delivered,2017-03-23 06:00:00,2017-03-25 06:00:00
o03413,c0757,delivered,2018-05-06 11:00:00,2018-05-12 11:00:00
o03414,c0757,delivered,2017-11-16 22:00:00,2017-12-06 22:00:00
o03415,c0758,delivered,2018-06-22 09:00:00,2018-07-02 09:00:00
o03416,c0758,delivered,2017-07-12 07:00:00,2017-08-04 07:00:00
o03417,c0758,delivered,2017-03-25 20:00:00,2017-04-17 20:00:00
o03418,c0759,delivered,2018-05-29 15:00:00,2018-06-19 15:00:00
o03419,c0759,delivered,2017-01-20 19:00:00,2017-02-02 19:00:00
o03420,c0759,delivered,2018-08-06 02:00:00,2018-08-29 02:00:00
o03421,c0759,delivered,2017-12-15 02:00:00,2017-12-28 02:00:00
o03422,c0760,delivered,2017-01-23 01:00:00,2017-02-06 01:00:00
o03423,c0760,delivered,2018-05-12 02:00:00,2018-05-20 02:00:00
o03424,c0760,delivered,2017-08-26 12:00:00,2017-08-28 12:00:00
o03425,c0761,delivered,2018-01-24 11:00:00,2018-02-17 11:00:00
o03426,c0761,delivered,2017-07-03 11:00:00,2017-07-06 11:00:00
o03427,c0761,delivered,2018-07-12 20:00:00,2018-07-22 20:00:00
o03428,c0761,delivered,2017-10-07 20:00:00,2017-10-15 20:00:00
o03429,c0761,delivered,2017-05-24 05:00:00,2017-06-11 05:00:00
o03430,c0762,delivered,2017-05-09 02:00:00,2017-05-14 02:00:00
o03431,c0762,delivered,2018-08-23 20:00:00,2018-09-15 20:00:00
o03432,c0762,delivered,2017-06-18 10:00:00,2017-07-01 10:00:00
o03433,c0763,delivered,2017-11-15 00:00:00,2017-11-30 00:00:00
o03434,c0763,delivered,2017-01-24 06:00:00,2017-02-01 06:00:00
o03435,c0763,delivered,2018-02-15 21:00:00,2018-03-05 21:00:00
o03436,c0764,delivered,2017-09-22 12:00:00,2017-10-05 12:00:00
o03437,c0764,delivered,2017-03-31 22:00:00,2017-04-23 22:00:00
o03438,c0764,delivered,2017-05-26 02:00:00,2017-05-31 02:00:00
o03439,c0764,delivered,2018-01-18 00:00:00,2018-01-22 00:00:00
o03440,c0764,delivered,2018-01-30 03:00:00,2018-02-02 03:00:00
o03441,c0764,delivered,2017-01-13 16:00:00,2017-01-23 16:00:00
o03442,c0764,delivered,2017-06-22 15:00:00,2017-06-27 15:00:00
o03443,c0764,delivered,2017-11-14 11:00:00,2017-12-01 11:00:00
o03444,c0765,delivered,2018-01-15 16:00:00,2018-01-21 16:00:00
o03445,c0765,delivered,2017-03-27 12:00:00,2017-03-30 12:00:00
o03446,c0765,delivered,2017-10-04 15:00:00,2017-10-24 15:00:00
o03447,c0765,delivered,2018-02-02 23:00:00,2018-02-16 23:00:00
o03448,c0766,delivered,2017-09-29 05:00:00,2017-10-16 05:00:00
o03449,c0766,delivered,2018-05-08 07:00:00,2018-05-11 07:00:00
o03450,c0766,delivered,2017-01-07 15:00:00,2017-01-24 15:00:00
o03451,c0766,delivered,2017-03-15 00:00:00,2017-04-01 00:00:00
o03452,c0767,delivered,2017-08-30 10:00:00,2017-09-07 10:00:00
o03453,c0767,delivered,2018-03-13 17:00:00,2018-03-16 17:00:00
o03454,c0767,delivered,2017-02-24 13:00:00,2017-03-11 13:00:00
o03455,c0767,delivered,2017-03-30 03:00:00,2017-04-16 03:00:00
o03456,c0768,delivered,2017-10-04 02:00:00,2017-10-20 02:00:00
o03457,c0768,delivered,2017-02-14 05:00:00,2017-03-04 05:00:00
o03458,c0769,delivered,2017-05-16 01:00:00,2017-06-09 01:00:00
o03459,c0769,delivered,2017-05-17 12:00:00,2017-06-06 12:00:00
o03460,c0769,delivered,2018-08-25 19:00:00,2018-09-03 19:00:00
o03461,c0769,delivered,2018-06-04 00:00:00,2018-06-13 00:00:00
o03462,c0769,delivered,2017-05-02 12:00:00,2017-05-24 12:00:00
o03463,c0769,delivered,2018-04-16 23:00:00,2018-04-21 23:00:00
o03464,c0769,delivered,2018-04-03 17:00:00,2018-04-15 17:00:00
o03465,c0769,delivered,2017-03-01 02:00:00,2017-03-24 02:00:00
o03466,c0770,delivered,2017-06-29 15:00:00,2017-07-22 15:00:00
o03467,c0770,delivered,2017-10-27 05:00:00,2017-11-09 05:00:00
o03468,c0770,delivered,2017-05-20 04:00:00,2017-06-09 04:00:00
o03469,c0770,delivered,2017-07-30 16:00:00,2017-08-17 16:00:00
o03470,c0770,delivered,2017-12-01 12:00:00,2017-12-07 12:00:00
o03471,c0770,delivered,2017-11-18 18:00:00,2017-11-24 18:00:00
o03472,c0770,delivered,2017-05-22 16:00:00,2017-06-15 16:00:00
o03473,c0770,delivered,2017-08-27 19:00:00,2017-09-02 19:00:00
o03474,c0770,delivered,2017-12-13 22:00:00,2017-12-25 22:00:00
o03475,c0771,delivered,2017-11-05 03:00:00,2017-11-19 03:00:00
o03476,c0771,delivered,2017-12-23 23:00:00,2017-12-29 23:00:00
o03477,c0772,delivered,2017-08-11 15:00:00,2017-09-03 15:00:00
o03478,c0772,delivered,2017-05-25 16:00:00,2017-06-16 16:00:00
o03479,c0772,delivered,2018-01-20 10:00:00,2018-01-27 10:00:00
o03480,c0772,delivered,2017-06-25 01:00:00,2017-06-30 01:00:00
o03481,c0773,delivered,2017-09-24 03:00:00,2017-09-26 03:00:00
o03482,c0773,delivered,2018-02-26 01:00:00,2018-03-03 01:00:00
o03483,c0773,delivered,2017-12-28 22:00:00,2018-01-15 22:00:00
o03484,c0774,delivered,2017-01-20 04:00:00,2017-02-08 04:00:00
o03485,c0774,delivered,2018-03-22 09:00:00,2018-04-14 09:00:00
o03486,c0774,delivered,2018-06-25 17:00:00,2018-07-14 17:00:00
o03487,c0774,delivered,2018-04-23 03:00:00,2018-05-11 03:00:00
o03488,c0775,delivered,2018-07-26 05:00:00,2018-07-28 05:00:00
o03489,c0775,delivered,2017-08-08 06:00:00,2017-08-31 06:00:00
o03490,c0775,delivered,2017-09-29 15:00:00,2017-10-23 15:00:00
o03491,c0775,delivered,2018-04-25 17:00:00,2018-05-19 17:00:00
o03492,c0776,delivered,2018-02-23 05:00:00,2018-03-13 05:00:00
o03493,c0776,delivered,2017-07-15 07:00:00,2017-07-31 07:00:00
o03494,c0776,delivered,2017-07-11 00:00:00,2017-08-04 00:00:00
o03495,c0776,delivered,2017-12-14 16:00:00,2018-01-03 16:00:00
o03496,c0777,delivered,2018-01-21 14:00:00,2018-02-10 14:00:00
o03497,c0777,delivered,2017-06-29 19:00:00,2017-07-17 19:00:00
o03498,c0777,delivered,2017-04-21 03:00:00,2017-05-13 03:00:00
o03499,c0777,delivered,2018-06-29 23:00:00,2018-07-03 23:00:00
