order_id,seller_id,seller_state,customer_state,order_purchase_timestamp,order_estimated_delivery_date,order_delivered_customer_date,freight_value,price,delivery_days,estimated_days,delay_days,is_late
ol_01278,sl_0075,RJ,SP,2018-01-01,2018-01-16,2018-01-16,28.33,51.36,15,15,0,0
ol_01440,sl_0047,MG,SP,2018-01-01,2018-01-07,2018-01-04,40.03,163.88,3,6,-3,0
ol_00694,sl_0032,SP,MG,2018-01-01,2018-01-09,2018-01-09,30.31,45.42,8,8,0,0
ol_00599,sl_0061,RJ,BA,2018-01-01,2018-01-06,2018-01-08,25.25,156.88,7,5,2,1
ol_01903,sl_0112,SP,RJ,2018-01-01,2018-01-12,2018-01-12,33.34,224.16,11,11,0,0
ol_01591,sl_0109,SP,SP,2018-01-01,2018-01-14,2018-01-16,38.91,90.7,15,13,2,1
ol_01449,sl_0116,PR,SP,2018-01-01,2018-01-15,2018-01-15,39.27,187.89,14,14,0,0
ol_00539,sl_0069,SC,RJ,2018-01-01,2018-01-10,2018-01-10,41.16,164.92,9,9,0,0
ol_01456,sl_0063,RJ,MG,2018-01-01,2018-01-11,2018-01-11,39.39,104.87,10,10,0,0
ol_00244,sl_0020,BA,RJ,2018-01-01,2018-01-10,2018-01-10,23.32,52.3,9,9,0,0
ol_00153,sl_0072,RJ,SP,2018-01-01,2018-01-07,2018-01-21,135.87,89.37,20,6,14,1
ol_00674,sl_0002,SC,RJ,2018-01-01,2018-01-13,2018-01-13,37.52,149.99,12,12,0,0
ol_00504,sl_0026,SP,SP,2018-01-01,2018-01-07,2018-01-06,27.82,125.16,5,6,-1,0
ol_01247,sl_0058,SP,SP,2018-01-02,2018-01-12,2018-01-12,34.66,57.22,10,10,0,0
ol_01484,sl_0081,PR,SP,2018-01-02,2018-01-19,2018-01-16,24.11,61.86,14,17,-3,0
ol_01008,sl_0098,SC,BA,2018-01-02,2018-01-14,2018-01-16,30.47,96.84,14,12,2,1
ol_01090,sl_0074,PR,BA,2018-01-02,2018-01-19,2018-01-22,38.27,121.39,20,17,3,1
ol_00398,sl_0031,MG,SP,2018-01-02,2018-01-13,2018-01-12,31.92,49.53,10,11,-1,0
ol_01144,sl_0017,MG,SP,2018-01-02,2018-01-09,2018-01-11,42.16,111.67,9,7,2,1
ol_00074,sl_0080,MG,SP,2018-01-02,2018-01-09,2018-01-11,36.29,206.07,9,7,2,1
ol_00140,sl_0071,SP,PR,2018-01-02,2018-01-10,2018-01-13,37.72,29.56,11,8,3,1
ol_00522,sl_0031,SP,PE,2018-01-02,2018-01-15,2018-01-16,30.63,74.36,14,13,1,1
ol_00797,sl_0040,SP,PR,2018-01-02,2018-01-13,2018-01-10,20.33,141.19,8,11,-3,0
ol_01161,sl_0084,SP,RJ,2018-01-03,2018-01-09,2018-01-10,34.91,95.27,7,6,1,1
ol_00396,sl_0089,BA,SP,2018-01-03,2018-01-09,2018-01-07,46.97,118.08,4,6,-2,0
ol_01478,sl_0009,RJ,PR,2018-01-03,2018-01-12,2018-01-18,47.84,69.99,15,9,6,1
ol_01029,sl_0070,RJ,PR,2018-01-03,2018-01-17,2018-01-21,40.47,58.78,18,14,4,1
ol_01251,sl_0117,SP,MG,2018-01-03,2018-01-15,2018-01-14,32.66,111.13,11,12,-1,0
ol_00872,sl_0034,SP,RJ,2018-01-03,2018-01-19,2018-01-16,37.83,98.42,13,16,-3,0
ol_01363,sl_0005,SP,BA,2018-01-03,2018-01-18,2018-01-19,36.69,73.56,16,15,1,1
ol_00649,sl_0065,SP,SP,2018-01-04,2018-01-09,2018-01-10,34.42,38.16,6,5,1,1
ol_00987,sl_0041,MG,BA,2018-01-04,2018-01-13,2018-01-18,41.79,101.25,14,9,5,1
ol_00283,sl_0097,RJ,BA,2018-01-04,2018-01-14,2018-01-16,45.98,58.94,12,10,2,1
ol_00352,sl_0076,RJ,SP,2018-01-04,2018-01-18,2018-01-17,17.16,77.42,13,14,-1,0
ol_00647,sl_0070,SP,SP,2018-01-04,2018-01-18,2018-01-18,19.53,91.54,14,14,0,0
ol_01256,sl_0019,SP,GO,2018-01-04,2018-01-16,2018-01-18,25.23,68.08,14,12,2,1
ol_01091,sl_0050,SP,RJ,2018-01-04,2018-01-09,2018-01-13,41.72,112.02,9,5,4,1
ol_00089,sl_0037,MG,MG,2018-01-04,2018-01-12,2018-01-14,24.57,75.26,10,8,2,1
ol_00094,sl_0110,SP,RS,2018-01-04,2018-01-19,2018-01-19,46.53,187.28,15,15,0,0
ol_00086,sl_0048,PR,SP,2018-01-05,2018-01-10,2018-01-09,39.93,54.68,4,5,-1,0
ol_00285,sl_0078,MG,RJ,2018-01-05,2018-01-11,2018-01-14,43.39,151.9,9,6,3,1
ol_00785,sl_0060,SP,SP,2018-01-05,2018-01-20,2018-01-19,40.17,65.83,14,15,-1,0
ol_01132,sl_0008,MG,SP,2018-01-05,2018-01-10,2018-01-09,38.15,47.45,4,5,-1,0
ol_01636,sl_0117,MG,RJ,2018-01-05,2018-01-12,2018-01-12,31.44,79.41,7,7,0,0
ol_00571,sl_0074,RJ,RJ,2018-01-05,2018-01-12,2018-01-10,49.15,148.68,5,7,-2,0
ol_01941,sl_0024,SP,RJ,2018-01-05,2018-01-12,2018-01-15,30.27,35.44,10,7,3,1
ol_01858,sl_0091,RJ,SP,2018-01-05,2018-01-21,2018-01-25,30.24,73.73,20,16,4,1
ol_00984,sl_0092,RJ,RJ,2018-01-05,2018-01-12,2018-01-18,41.17,56.46,13,7,6,1
ol_00364,sl_0027,SP,RJ,2018-01-05,2018-01-22,2018-01-20,20.1,55.25,15,17,-2,0
ol_01878,sl_0067,SP,MG,2018-01-05,2018-01-21,2018-01-22,29.8,59.56,17,16,1,1
ol_01672,sl_0084,MG,PE,2018-01-05,2018-01-10,2018-01-11,25.93,123.42,6,5,1,1
ol_01235,sl_0053,SP,SP,2018-01-05,2018-01-11,2018-01-14,41.16,53.45,9,6,3,1
ol_01288,sl_0066,RJ,PR,2018-01-06,2018-01-23,2018-01-22,44.51,54.45,16,17,-1,0
ol_00813,sl_0083,PR,RS,2018-01-06,2018-01-17,2018-01-20,32.23,80.08,14,11,3,1
ol_00582,sl_0087,SP,PR,2018-01-06,2018-01-13,2018-01-16,39.31,77.09,10,7,3,1
ol_01722,sl_0064,MG,BA,2018-01-06,2018-01-21,2018-01-22,32.24,81.02,16,15,1,1
ol_00683,sl_0104,SC,RS,2018-01-06,2018-01-13,2018-01-16,39.41,138.67,10,7,3,1
ol_00877,sl_0001,SP,SP,2018-01-06,2018-01-21,2018-01-19,33.99,169.51,13,15,-2,0
ol_00240,sl_0058,PR,SP,2018-01-06,2018-01-22,2018-01-23,32.5,89.1,17,16,1,1
ol_01925,sl_0059,MG,RJ,2018-01-06,2018-01-14,2018-01-19,39.93,65.69,13,8,5,1
ol_01541,sl_0061,SC,RJ,2018-01-06,2018-01-23,2018-01-24,27.97,85.45,18,17,1,1
ol_01973,sl_0013,SP,RS,2018-01-06,2018-01-11,2018-01-14,30.3,45.47,8,5,3,1
ol_00055,sl_0113,BA,BA,2018-01-06,2018-01-16,2018-01-18,59.11,58.8,12,10,2,1
ol_00399,sl_0029,PR,BA,2018-01-06,2018-01-19,2018-01-21,34.28,137.53,15,13,2,1
ol_01383,sl_0034,RJ,RS,2018-01-07,2018-01-16,2018-01-17,23.22,133.39,10,9,1,1
ol_01354,sl_0106,MG,GO,2018-01-07,2018-01-15,2018-01-17,43.88,133.82,10,8,2,1
ol_00239,sl_0025,PR,SP,2018-01-07,2018-01-20,2018-01-20,30.85,96.45,13,13,0,0
ol_01393,sl_0049,PR,MG,2018-01-07,2018-01-24,2018-01-25,39.92,66.03,18,17,1,1
ol_00325,sl_0039,SC,PE,2018-01-07,2018-01-20,2018-01-24,51.64,60.08,17,13,4,1
ol_00242,sl_0079,RJ,RJ,2018-01-07,2018-01-22,2018-01-21,41.63,69.66,14,15,-1,0
ol_00864,sl_0113,SP,RS,2018-01-07,2018-01-12,2018-01-16,23.95,60.9,9,5,4,1
ol_01563,sl_0037,RJ,RS,2018-01-07,2018-01-16,2018-01-19,45.99,124.76,12,9,3,1
ol_01194,sl_0087,PR,PR,2018-01-07,2018-01-22,2018-01-20,29.6,58.79,13,15,-2,0
ol_01565,sl_0096,SC,SP,2018-01-07,2018-01-12,2018-01-11,15.75,84.63,4,5,-1,0
ol_01516,sl_0031,RJ,RJ,2018-01-07,2018-01-21,2018-01-25,40.61,132.08,18,14,4,1
ol_01968,sl_0075,BA,MG,2018-01-07,2018-01-20,2018-01-21,32.93,231.52,14,13,1,1
ol_00479,sl_0045,SP,MG,2018-01-07,2018-01-20,2018-01-20,35.46,125.98,13,13,0,0
ol_01571,sl_0064,RJ,RS,2018-01-07,2018-01-15,2018-01-18,38.25,44.31,11,8,3,1
ol_00164,sl_0059,PR,BA,2018-01-07,2018-01-13,2018-01-15,37.08,171.81,8,6,2,1
ol_01905,sl_0047,SP,RJ,2018-01-07,2018-01-16,2018-01-17,37.69,81.57,10,9,1,1
ol_01220,sl_0098,SC,SP,2018-01-07,2018-01-24,2018-02-13,109.52,42.94,37,17,20,1
ol_01389,sl_0051,MG,MG,2018-01-08,2018-01-21,2018-01-23,28.07,52.07,15,13,2,1
ol_00588,sl_0096,RJ,MG,2018-01-08,2018-01-23,2018-01-24,35.24,67.01,16,15,1,1
ol_01902,sl_0067,BA,RS,2018-01-08,2018-01-17,2018-01-19,47.24,61.97,11,9,2,1
ol_01861,sl_0104,SP,SP,2018-01-08,2018-01-21,2018-01-22,35.63,160.25,14,13,1,1
ol_00964,sl_0105,SP,PR,2018-01-08,2018-01-15,2018-01-11,39.05,44.25,3,7,-4,0
ol_01443,sl_0020,BA,BA,2018-01-08,2018-01-22,2018-01-22,21.08,58.91,14,14,0,0
ol_01906,sl_0019,MG,MG,2018-01-08,2018-01-20,2018-01-21,38.59,107.34,13,12,1,1
ol_01577,sl_0071,BA,SP,2018-01-08,2018-01-15,2018-01-15,21.62,143.45,7,7,0,0
ol_00912,sl_0005,RJ,MG,2018-01-08,2018-01-20,2018-01-20,32.64,103.85,12,12,0,0
ol_00461,sl_0081,SP,SP,2018-01-08,2018-01-20,2018-01-20,21.57,67.44,12,12,0,0
ol_00989,sl_0077,MG,RS,2018-01-08,2018-01-17,2018-01-17,28.72,56.57,9,9,0,0
ol_01088,sl_0009,RJ,SP,2018-01-08,2018-01-22,2018-01-21,13.24,55.29,13,14,-1,0
ol_01845,sl_0003,PR,BA,2018-01-08,2018-01-16,2018-01-22,30.05,141.78,14,8,6,1
ol_00820,sl_0060,BA,RJ,2018-01-08,2018-01-16,2018-01-18,36.8,83.61,10,8,2,1
ol_00896,sl_0037,SP,PR,2018-01-08,2018-01-24,2018-01-24,30.18,29.33,16,16,0,0
ol_00870,sl_0107,SP,SP,2018-01-09,2018-01-18,2018-01-18,48.87,119.44,9,9,0,0
ol_00126,sl_0117,PR,PE,2018-01-09,2018-01-16,2018-01-15,34.83,179.92,6,7,-1,0
ol_00319,sl_0061,SP,RJ,2018-01-09,2018-01-16,2018-01-18,37.78,96.07,9,7,2,1
ol_01884,sl_0083,MG,SP,2018-01-09,2018-01-14,2018-01-13,28.66,140.42,4,5,-1,0
ol_00895,sl_0100,PR,SP,2018-01-09,2018-01-19,2018-01-19,30.25,73.74,10,10,0,0
ol_00432,sl_0114,RJ,SP,2018-01-09,2018-01-14,2018-01-14,40.3,91.73,5,5,0,0
ol_00502,sl_0096,SP,MG,2018-01-09,2018-01-16,2018-01-15,21.45,45.86,6,7,-1,0
ol_00413,sl_0026,SP,MG,2018-01-09,2018-01-15,2018-01-16,28.43,79.16,7,6,1,1
ol_01280,sl_0078,PR,RJ,2018-01-09,2018-01-14,2018-01-11,23.65,74.21,2,5,-3,0
ol_00018,sl_0021,SP,PR,2018-01-09,2018-01-16,2018-01-18,40.45,53.01,9,7,2,1
ol_01188,sl_0030,PR,RS,2018-01-09,2018-01-22,2018-01-24,34.79,102.65,15,13,2,1
ol_01530,sl_0066,SC,PR,2018-01-10,2018-01-15,2018-01-17,51.37,59.47,7,5,2,1
ol_00873,sl_0116,SC,RJ,2018-01-10,2018-01-26,2018-01-28,29.94,217.54,18,16,2,1
ol_01203,sl_0062,SP,PR,2018-01-10,2018-01-16,2018-01-15,29.71,69.4,5,6,-1,0
ol_01926,sl_0067,SP,RS,2018-01-10,2018-01-24,2018-01-26,32.8,82.36,16,14,2,1
ol_01208,sl_0106,SP,MG,2018-01-10,2018-01-18,2018-01-17,30.7,53.05,7,8,-1,0
ol_01133,sl_0094,SP,RS,2018-01-10,2018-01-18,2018-01-19,26.71,139.51,9,8,1,1
ol_01812,sl_0022,RJ,RJ,2018-01-10,2018-01-17,2018-01-19,38.58,75.44,9,7,2,1
ol_01287,sl_0091,RJ,MG,2018-01-10,2018-01-26,2018-01-22,19.13,185.72,12,16,-4,0
ol_01448,sl_0045,BA,SP,2018-01-11,2018-01-25,2018-01-21,21.71,51.39,10,14,-4,0
ol_01073,sl_0039,MG,MG,2018-01-11,2018-01-24,2018-01-25,25.61,64.12,14,13,1,1
ol_00333,sl_0078,BA,MG,2018-01-11,2018-01-27,2018-01-23,33.69,78.43,12,16,-4,0
ol_00727,sl_0040,MG,SP,2018-01-11,2018-01-27,2018-01-30,48.8,122.27,19,16,3,1
ol_01788,sl_0010,RJ,RJ,2018-01-11,2018-01-26,2018-01-28,32.25,48.79,17,15,2,1
ol_00186,sl_0017,PR,SP,2018-01-11,2018-01-23,2018-01-25,40.16,63.71,14,12,2,1
ol_01503,sl_0060,PR,PR,2018-01-11,2018-01-27,2018-01-29,29.75,110.9,18,16,2,1
ol_00050,sl_0036,BA,MG,2018-01-11,2018-01-24,2018-01-25,29.35,167.22,14,13,1,1
ol_01362,sl_0091,SP,RS,2018-01-11,2018-01-18,2018-01-17,22.43,72.31,6,7,-1,0
ol_01538,sl_0082,RJ,PE,2018-01-11,2018-01-24,2018-01-25,35.33,63.03,14,13,1,1
ol_00423,sl_0016,BA,PE,2018-01-11,2018-01-18,2018-01-22,44.31,171.91,11,7,4,1
ol_00689,sl_0112,SP,PE,2018-01-11,2018-01-18,2018-01-23,40.59,60.46,12,7,5,1
ol_01369,sl_0074,MG,PE,2018-01-11,2018-01-18,2018-01-16,40.31,276.48,5,7,-2,0
ol_01116,sl_0056,MG,SP,2018-01-11,2018-01-26,2018-01-30,34.48,36.37,19,15,4,1
ol_00298,sl_0025,SP,SP,2018-01-12,2018-01-26,2018-01-29,27.34,74.29,17,14,3,1
ol_00669,sl_0109,SP,SP,2018-01-12,2018-01-17,2018-01-20,29.98,89.95,8,5,3,1
ol_01214,sl_0056,RJ,SP,2018-01-12,2018-01-22,2018-01-21,21.16,25.0,9,10,-1,0
ol_00833,sl_0007,SP,RS,2018-01-12,2018-01-18,2018-01-20,43.38,118.74,8,6,2,1
ol_01224,sl_0063,SP,RJ,2018-01-12,2018-01-26,2018-01-26,40.39,92.46,14,14,0,0
ol_01772,sl_0032,RJ,RJ,2018-01-12,2018-01-28,2018-01-29,34.13,131.14,17,16,1,1
ol_01024,sl_0014,PR,PE,2018-01-12,2018-01-27,2018-01-28,39.77,54.64,16,15,1,1
ol_01408,sl_0032,SP,BA,2018-01-12,2018-01-18,2018-01-21,33.53,136.23,9,6,3,1
ol_01514,sl_0032,MG,SP,2018-01-13,2018-01-26,2018-01-25,40.81,95.3,12,13,-1,0
ol_01561,sl_0055,MG,RJ,2018-01-13,2018-01-24,2018-01-23,47.71,166.0,10,11,-1,0
ol_01211,sl_0033,BA,SP,2018-01-13,2018-01-20,2018-01-23,30.02,83.86,10,7,3,1
ol_00085,sl_0030,SP,SP,2018-01-13,2018-01-19,2018-01-21,42.55,111.81,8,6,2,1
ol_00519,sl_0059,SP,SP,2018-01-13,2018-01-28,2018-01-29,41.39,62.41,16,15,1,1
ol_00065,sl_0039,SP,SP,2018-01-13,2018-01-30,2018-01-25,29.83,96.26,12,17,-5,0
ol_00167,sl_0085,RJ,RJ,2018-01-13,2018-01-29,2018-01-27,40.07,87.38,14,16,-2,0
ol_00881,sl_0003,SP,SP,2018-01-13,2018-01-30,2018-01-29,36.73,102.81,16,17,-1,0
ol_00217,sl_0081,MG,SP,2018-01-13,2018-01-27,2018-01-27,34.55,120.18,14,14,0,0
ol_01371,sl_0056,PR,RJ,2018-01-13,2018-01-29,2018-01-29,33.08,133.59,16,16,0,0
ol_00866,sl_0021,SP,RS,2018-01-13,2018-01-30,2018-02-01,39.12,25.0,19,17,2,1
ol_00185,sl_0034,SP,RJ,2018-01-13,2018-01-23,2018-01-28,27.51,71.04,15,10,5,1
ol_01570,sl_0093,SP,PR,2018-01-13,2018-01-18,2018-01-18,21.07,151.15,5,5,0,0
ol_01054,sl_0070,RJ,MG,2018-01-13,2018-01-28,2018-01-26,23.74,361.45,13,15,-2,0
ol_00435,sl_0015,PR,SP,2018-01-13,2018-01-23,2018-01-20,25.93,74.37,7,10,-3,0
ol_00542,sl_0083,SP,RJ,2018-01-13,2018-01-28,2018-01-27,33.12,153.31,14,15,-1,0
ol_01899,sl_0049,SP,SP,2018-01-14,2018-01-24,2018-01-24,48.07,45.48,10,10,0,0
ol_00294,sl_0001,RJ,RJ,2018-01-14,2018-01-27,2018-01-28,13.59,55.3,14,13,1,1
ol_01558,sl_0083,RJ,SP,2018-01-14,2018-01-29,2018-02-02,31.99,128.79,19,15,4,1
ol_01727,sl_0054,MG,SP,2018-01-14,2018-01-24,2018-01-25,21.22,171.8,11,10,1,1
ol_01932,sl_0084,SP,MG,2018-01-14,2018-01-28,2018-02-01,48.34,88.65,18,14,4,1
ol_01212,sl_0098,SP,SP,2018-01-14,2018-01-23,2018-01-21,15.8,122.29,7,9,-2,0
ol_01712,sl_0051,SP,SP,2018-01-14,2018-01-30,2018-01-27,21.71,68.83,13,16,-3,0
ol_01039,sl_0033,BA,RJ,2018-01-14,2018-01-21,2018-01-21,38.58,55.45,7,7,0,0
ol_01659,sl_0079,MG,SP,2018-01-14,2018-01-31,2018-02-01,23.09,81.43,18,17,1,1
ol_00150,sl_0117,SP,PR,2018-01-15,2018-01-29,2018-01-31,55.48,51.91,16,14,2,1
ol_01334,sl_0025,SP,BA,2018-01-15,2018-01-29,2018-01-27,38.2,147.71,12,14,-2,0
ol_00926,sl_0030,SP,MG,2018-01-15,2018-01-23,2018-01-20,27.62,95.39,5,8,-3,0
ol_01037,sl_0002,SP,SP,2018-01-15,2018-01-26,2018-01-26,25.0,121.27,11,11,0,0
ol_01759,sl_0025,PR,MG,2018-01-15,2018-01-27,2018-01-28,34.15,29.24,13,12,1,1
ol_01364,sl_0046,RJ,MG,2018-01-15,2018-01-28,2018-01-30,38.39,65.91,15,13,2,1
ol_00804,sl_0001,RJ,PR,2018-01-15,2018-02-01,2018-01-30,29.18,160.74,15,17,-2,0
ol_01201,sl_0092,SP,SP,2018-01-15,2018-01-23,2018-01-23,24.46,83.39,8,8,0,0
ol_00284,sl_0086,PR,SP,2018-01-15,2018-01-31,2018-02-04,37.06,90.77,20,16,4,1
ol_01592,sl_0002,RJ,RJ,2018-01-15,2018-01-23,2018-01-25,51.52,53.57,10,8,2,1
ol_01684,sl_0007,SP,PR,2018-01-15,2018-01-28,2018-01-30,33.24,60.08,15,13,2,1
ol_00906,sl_0069,SP,SP,2018-01-15,2018-01-23,2018-01-23,47.09,74.99,8,8,0,0
ol_00446,sl_0061,RJ,MG,2018-01-15,2018-01-23,2018-01-26,15.48,103.7,11,8,3,1
ol_01735,sl_0098,PR,RJ,2018-01-15,2018-01-26,2018-01-27,31.59,36.24,12,11,1,1
ol_01793,sl_0082,MG,SP,2018-01-15,2018-01-28,2018-01-29,35.71,91.0,14,13,1,1
ol_00200,sl_0115,RJ,MG,2018-01-16,2018-01-29,2018-01-30,31.98,48.6,14,13,1,1
ol_00434,sl_0056,SP,RJ,2018-01-16,2018-01-25,2018-01-25,32.11,121.14,9,9,0,0
ol_00514,sl_0038,MG,BA,2018-01-16,2018-02-02,2018-02-02,27.77,49.09,17,17,0,0
ol_00819,sl_0082,PR,RS,2018-01-16,2018-01-24,2018-01-27,28.06,212.51,11,8,3,1
ol_01997,sl_0095,SP,RS,2018-01-16,2018-01-21,2018-01-25,41.61,101.77,9,5,4,1
ol_00172,sl_0015,SC,PR,2018-01-16,2018-02-01,2018-02-01,39.11,212.78,16,16,0,0
ol_01495,sl_0038,SP,PR,2018-01-16,2018-01-23,2018-01-23,30.51,61.6,7,7,0,0
ol_00835,sl_0106,SP,GO,2018-01-16,2018-01-21,2018-01-25,46.27,69.56,9,5,4,1
ol_00528,sl_0079,MG,RS,2018-01-16,2018-01-24,2018-01-29,22.07,83.99,13,8,5,1
ol_00667,sl_0110,SC,SP,2018-01-17,2018-01-24,2018-01-26,37.15,87.37,9,7,2,1
ol_00377,sl_0054,SP,SP,2018-01-17,2018-02-01,2018-02-04,44.12,37.09,18,15,3,1
ol_00051,sl_0066,SP,BA,2018-01-17,2018-02-02,2018-02-10,45.87,239.47,24,16,8,1
ol_01341,sl_0093,SP,RJ,2018-01-17,2018-02-01,2018-02-06,45.76,194.9,20,15,5,1
ol_00925,sl_0084,RJ,SP,2018-01-17,2018-01-23,2018-01-26,30.97,107.74,9,6,3,1
ol_01651,sl_0005,SP,SP,2018-01-17,2018-01-30,2018-02-04,45.56,61.74,18,13,5,1
ol_00152,sl_0087,SP,PR,2018-01-17,2018-01-31,2018-02-03,23.42,149.52,17,14,3,1
ol_01353,sl_0054,SP,PE,2018-01-17,2018-02-01,2018-02-06,34.49,163.71,20,15,5,1
ol_00755,sl_0098,MG,RJ,2018-01-17,2018-01-27,2018-01-29,55.6,74.13,12,10,2,1
ol_01122,sl_0062,BA,RJ,2018-01-17,2018-01-25,2018-01-25,32.48,62.78,8,8,0,0
ol_01092,sl_0008,RJ,SP,2018-01-17,2018-01-25,2018-01-27,39.79,107.38,10,8,2,1
ol_01139,sl_0046,PR,BA,2018-01-17,2018-01-29,2018-02-01,36.92,108.13,15,12,3,1
ol_00757,sl_0055,MG,SP,2018-01-17,2018-01-26,2018-01-25,43.36,95.55,8,9,-1,0
ol_01609,sl_0014,RJ,PE,2018-01-18,2018-02-03,2018-02-05,38.87,127.33,18,16,2,1
ol_01539,sl_0056,PR,BA,2018-01-18,2018-01-30,2018-01-31,47.62,43.43,13,12,1,1
ol_00625,sl_0083,SP,RJ,2018-01-18,2018-01-30,2018-02-01,30.09,63.7,14,12,2,1
ol_00728,sl_0073,SP,GO,2018-01-18,2018-01-23,2018-01-24,25.3,49.86,6,5,1,1
ol_01058,sl_0054,PR,GO,2018-01-18,2018-02-04,2018-02-08,38.16,37.88,21,17,4,1
ol_01412,sl_0019,SP,SP,2018-01-18,2018-01-31,2018-01-30,31.75,127.53,12,13,-1,0
ol_00756,sl_0025,RJ,MG,2018-01-18,2018-02-04,2018-02-02,47.89,43.47,15,17,-2,0
ol_00158,sl_0117,SP,RJ,2018-01-19,2018-02-02,2018-02-04,30.74,72.41,16,14,2,1
ol_01305,sl_0049,SP,SP,2018-01-19,2018-01-25,2018-01-29,36.46,90.49,10,6,4,1
ol_00492,sl_0119,BA,MG,2018-01-19,2018-02-05,2018-02-06,38.43,44.31,18,17,1,1
ol_00048,sl_0051,SC,SP,2018-01-19,2018-02-05,2018-02-07,37.6,139.57,19,17,2,1
ol_00684,sl_0054,RJ,RS,2018-01-19,2018-02-01,2018-02-06,62.85,44.98,18,13,5,1
ol_01439,sl_0113,SP,RJ,2018-01-19,2018-02-04,2018-02-07,52.4,131.09,19,16,3,1
ol_00946,sl_0100,SC,GO,2018-01-19,2018-01-31,2018-02-01,31.06,123.49,13,12,1,1
ol_00846,sl_0076,SP,MG,2018-01-19,2018-02-04,2018-02-03,32.37,144.73,15,16,-1,0
ol_01969,sl_0082,SP,SP,2018-01-19,2018-01-27,2018-01-28,41.66,50.05,9,8,1,1
ol_00955,sl_0075,SP,PR,2018-01-19,2018-01-31,2018-01-31,30.46,102.19,12,12,0,0
ol_00302,sl_0110,SP,MG,2018-01-19,2018-01-25,2018-01-29,46.22,94.26,10,6,4,1
ol_00524,sl_0084,SP,RS,2018-01-19,2018-02-01,2018-02-03,18.69,144.75,15,13,2,1
ol_01615,sl_0070,SP,PE,2018-01-20,2018-01-31,2018-02-02,31.33,133.61,13,11,2,1
ol_01352,sl_0117,SP,SP,2018-01-20,2018-01-31,2018-02-02,35.73,121.66,13,11,2,1
ol_01991,sl_0040,RJ,SP,2018-01-20,2018-01-31,2018-01-28,24.75,50.65,8,11,-3,0
ol_01553,sl_0048,SP,RJ,2018-01-20,2018-02-05,2018-02-05,35.33,79.53,16,16,0,0
ol_00631,sl_0041,SP,SP,2018-01-20,2018-02-06,2018-02-07,26.28,53.78,18,17,1,1
ol_00211,sl_0034,SP,PE,2018-01-20,2018-02-02,2018-02-06,41.29,82.24,17,13,4,1
ol_00067,sl_0022,SP,SP,2018-01-20,2018-01-27,2018-01-28,39.48,112.81,8,7,1,1
ol_01510,sl_0067,SP,SP,2018-01-20,2018-01-31,2018-02-01,36.65,37.55,12,11,1,1
ol_01384,sl_0058,SP,SP,2018-01-20,2018-02-01,2018-02-03,38.98,137.43,14,12,2,1
ol_00601,sl_0046,SP,RJ,2018-01-20,2018-02-05,2018-02-07,43.88,157.17,18,16,2,1
ol_00271,sl_0021,SP,SP,2018-01-21,2018-01-31,2018-02-01,44.28,76.49,11,10,1,1
ol_01560,sl_0038,RJ,PE,2018-01-21,2018-01-30,2018-02-05,59.96,66.42,15,9,6,1
ol_01895,sl_0005,RJ,BA,2018-01-21,2018-02-02,2018-02-05,42.99,52.83,15,12,3,1
ol_01319,sl_0065,PR,SP,2018-01-21,2018-01-30,2018-01-30,40.78,44.76,9,9,0,0
ol_01437,sl_0072,PR,MG,2018-01-21,2018-02-06,2018-02-08,30.85,111.4,18,16,2,1
ol_01216,sl_0099,MG,RJ,2018-01-21,2018-01-30,2018-02-01,36.82,93.75,11,9,2,1
ol_01210,sl_0066,RJ,PR,2018-01-21,2018-02-03,2018-02-04,34.45,196.38,14,13,1,1
ol_00382,sl_0061,MG,MG,2018-01-21,2018-02-06,2018-02-04,37.01,85.59,14,16,-2,0
ol_01855,sl_0031,SC,PR,2018-01-21,2018-01-28,2018-01-29,41.21,90.72,8,7,1,1
ol_01000,sl_0018,BA,RS,2018-01-22,2018-02-08,2018-02-14,48.83,103.61,23,17,6,1
ol_01867,sl_0118,PR,SP,2018-01-22,2018-02-02,2018-02-02,37.81,54.42,11,11,0,0
ol_01694,sl_0046,BA,RJ,2018-01-22,2018-01-28,2018-01-26,43.63,84.04,4,6,-2,0
ol_00266,sl_0076,RJ,SP,2018-01-22,2018-01-28,2018-01-30,34.6,48.49,8,6,2,1
ol_00924,sl_0090,SP,MG,2018-01-22,2018-02-02,2018-02-04,46.9,228.67,13,11,2,1
ol_01771,sl_0031,BA,RS,2018-01-22,2018-02-02,2018-02-11,52.57,90.67,20,11,9,1
ol_01167,sl_0107,PR,PE,2018-01-22,2018-02-04,2018-02-05,37.64,111.96,14,13,1,1
ol_01328,sl_0058,SP,RJ,2018-01-22,2018-02-02,2018-01-31,31.48,80.87,9,11,-2,0
ol_01365,sl_0102,PR,RJ,2018-01-22,2018-02-05,2018-02-08,29.33,50.13,17,14,3,1
ol_00205,sl_0083,MG,BA,2018-01-22,2018-01-29,2018-01-28,24.93,157.53,6,7,-1,0
ol_00670,sl_0018,SP,SP,2018-01-23,2018-02-01,2018-02-02,30.32,121.0,10,9,1,1
ol_01012,sl_0063,RJ,MG,2018-01-23,2018-01-29,2018-01-30,39.3,92.22,7,6,1,1
ol_01204,sl_0069,RJ,SP,2018-01-23,2018-02-05,2018-02-09,32.63,178.45,17,13,4,1
ol_01859,sl_0104,PR,RS,2018-01-23,2018-02-01,2018-02-03,34.41,92.62,11,9,2,1
ol_00520,sl_0065,SC,SP,2018-01-23,2018-02-04,2018-02-03,45.09,82.02,11,12,-1,0
ol_00842,sl_0023,SP,SP,2018-01-23,2018-02-04,2018-02-02,25.86,70.74,10,12,-2,0
ol_01801,sl_0110,SP,SP,2018-01-23,2018-02-08,2018-02-06,32.64,108.2,14,16,-2,0
ol_00898,sl_0116,SC,PE,2018-01-23,2018-02-05,2018-02-05,27.6,66.83,13,13,0,0
ol_00921,sl_0073,SP,SP,2018-01-23,2018-01-30,2018-01-31,32.24,81.46,8,7,1,1
ol_01525,sl_0026,BA,SP,2018-01-23,2018-01-30,2018-02-01,47.45,118.68,9,7,2,1
ol_01249,sl_0102,SP,SP,2018-01-23,2018-02-07,2018-02-10,39.45,261.09,18,15,3,1
ol_00450,sl_0069,SC,BA,2018-01-23,2018-01-31,2018-01-31,23.96,36.23,8,8,0,0
ol_01405,sl_0104,SP,SP,2018-01-24,2018-02-10,2018-02-11,58.54,127.2,18,17,1,1
ol_01557,sl_0042,SP,MG,2018-01-24,2018-02-02,2018-02-04,45.61,73.35,11,9,2,1
ol_01797,sl_0014,BA,RJ,2018-01-24,2018-01-29,2018-01-29,41.15,111.72,5,5,0,0
ol_01047,sl_0094,MG,RS,2018-01-24,2018-01-29,2018-02-01,35.18,85.44,8,5,3,1
ol_00057,sl_0045,SC,MG,2018-01-24,2018-02-08,2018-02-06,24.69,98.12,13,15,-2,0
ol_01835,sl_0066,SP,PR,2018-01-24,2018-02-03,2018-02-02,25.53,44.83,9,10,-1,0
ol_00632,sl_0041,SP,RS,2018-01-24,2018-02-04,2018-02-11,46.73,38.61,18,11,7,1
ol_01078,sl_0119,SP,PR,2018-01-24,2018-01-30,2018-02-03,31.25,74.44,10,6,4,1
ol_00899,sl_0047,MG,RS,2018-01-24,2018-02-08,2018-02-13,52.27,115.67,20,15,5,1
ol_01897,sl_0067,SP,RS,2018-01-25,2018-02-04,2018-02-04,33.37,93.88,10,10,0,0
ol_01337,sl_0092,SC,SP,2018-01-25,2018-01-31,2018-02-01,26.35,163.06,7,6,1,1
ol_00767,sl_0023,RJ,MG,2018-01-25,2018-02-06,2018-02-10,31.01,59.35,16,12,4,1
ol_00553,sl_0073,SC,PE,2018-01-25,2018-02-05,2018-02-08,42.2,42.57,14,11,3,1
ol_00905,sl_0009,RJ,PR,2018-01-25,2018-01-31,2018-01-29,34.72,187.81,4,6,-2,0
ol_00546,sl_0096,SP,SP,2018-01-25,2018-02-02,2018-02-01,29.75,112.53,7,8,-1,0
ol_01376,sl_0119,SP,PR,2018-01-25,2018-01-31,2018-01-31,32.24,70.85,6,6,0,0
ol_00862,sl_0040,PR,RJ,2018-01-25,2018-02-09,2018-02-11,37.33,107.07,17,15,2,1
ol_01227,sl_0059,MG,SP,2018-01-25,2018-02-09,2018-02-09,34.04,65.62,15,15,0,0
ol_00854,sl_0078,MG,SP,2018-01-26,2018-02-12,2018-02-13,25.74,86.04,18,17,1,1
ol_01837,sl_0002,SP,GO,2018-01-26,2018-02-12,2018-02-13,40.97,82.76,18,17,1,1
ol_00421,sl_0106,SP,RJ,2018-01-26,2018-02-07,2018-02-04,29.5,59.13,9,12,-3,0
ol_01230,sl_0057,BA,SP,2018-01-26,2018-02-12,2018-02-10,44.86,77.73,15,17,-2,0
ol_01281,sl_0113,SP,SP,2018-01-26,2018-02-04,2018-02-01,44.64,77.55,6,9,-3,0
ol_01292,sl_0115,RJ,SP,2018-01-26,2018-02-07,2018-02-09,47.65,118.54,14,12,2,1
ol_01819,sl_0017,SP,RS,2018-01-26,2018-02-10,2018-02-22,134.86,82.22,27,15,12,1
ol_00206,sl_0012,BA,GO,2018-01-26,2018-02-11,2018-02-16,45.95,41.06,21,16,5,1
ol_01815,sl_0057,SP,PR,2018-01-26,2018-02-05,2018-02-04,27.47,107.13,9,10,-1,0
ol_00063,sl_0017,PR,SP,2018-01-27,2018-02-07,2018-02-10,24.82,78.71,14,11,3,1
ol_00149,sl_0004,RJ,BA,2018-01-27,2018-02-10,2018-02-11,34.84,63.74,15,14,1,1
ol_01472,sl_0076,MG,BA,2018-01-27,2018-02-01,2018-01-31,47.65,233.56,4,5,-1,0
ol_01286,sl_0060,SP,SP,2018-01-27,2018-02-12,2018-02-11,34.46,164.95,15,16,-1,0
ol_01875,sl_0113,PR,MG,2018-01-27,2018-02-05,2018-02-06,34.79,97.42,10,9,1,1
ol_01070,sl_0018,RJ,RJ,2018-01-27,2018-02-09,2018-02-08,40.6,39.32,12,13,-1,0
ol_01711,sl_0041,SP,SP,2018-01-27,2018-02-09,2018-02-11,35.65,91.0,15,13,2,1
ol_00512,sl_0045,MG,BA,2018-01-27,2018-02-11,2018-02-14,41.02,30.39,18,15,3,1
ol_01827,sl_0119,MG,BA,2018-01-28,2018-02-11,2018-02-17,43.58,96.09,20,14,6,1
ol_01649,sl_0036,PR,SP,2018-01-28,2018-02-13,2018-02-13,30.63,59.51,16,16,0,0
ol_01410,sl_0022,MG,RS,2018-01-28,2018-02-11,2018-02-15,34.46,114.01,18,14,4,1
ol_01182,sl_0051,RJ,SP,2018-01-28,2018-02-14,2018-02-15,27.42,123.2,18,17,1,1
ol_00076,sl_0100,SP,MG,2018-01-28,2018-02-11,2018-02-18,52.32,40.27,21,14,7,1
ol_01424,sl_0100,PR,RS,2018-01-28,2018-02-14,2018-03-09,140.04,158.7,40,17,23,1
ol_00017,sl_0014,MG,RJ,2018-01-28,2018-02-06,2018-02-08,33.87,127.26,11,9,2,1
ol_00291,sl_0035,RJ,MG,2018-01-28,2018-02-11,2018-02-15,31.63,35.44,18,14,4,1
ol_00290,sl_0103,SP,SP,2018-01-28,2018-02-10,2018-02-10,20.53,190.5,13,13,0,0
ol_01628,sl_0013,SP,SP,2018-01-28,2018-02-04,2018-02-07,46.14,30.13,10,7,3,1
ol_00749,sl_0086,MG,SP,2018-01-29,2018-02-10,2018-02-11,38.44,262.28,13,12,1,1
ol_01702,sl_0119,RJ,GO,2018-01-29,2018-02-06,2018-02-09,33.8,111.1,11,8,3,1
ol_00099,sl_0090,SP,GO,2018-01-29,2018-02-06,2018-02-07,39.96,153.91,9,8,1,1
ol_00157,sl_0019,SP,RS,2018-01-29,2018-02-07,2018-02-06,38.63,89.79,8,9,-1,0
ol_00093,sl_0077,RJ,RS,2018-01-29,2018-02-05,2018-02-10,46.82,118.24,12,7,5,1
ol_00047,sl_0033,SP,PR,2018-01-29,2018-02-12,2018-02-12,29.6,54.64,14,14,0,0
ol_01295,sl_0079,PR,PE,2018-01-29,2018-02-07,2018-02-09,25.73,52.42,11,9,2,1
ol_01231,sl_0112,SP,RJ,2018-01-29,2018-02-04,2018-02-05,26.16,96.52,7,6,1,1
ol_00792,sl_0103,MG,PR,2018-01-29,2018-02-04,2018-02-06,37.76,30.49,8,6,2,1
ol_00025,sl_0057,SP,PE,2018-01-29,2018-02-14,2018-02-11,37.3,78.97,13,16,-3,0
ol_01947,sl_0009,SP,RJ,2018-01-29,2018-02-07,2018-02-06,27.99,60.36,8,9,-1,0
ol_01013,sl_0053,SP,RS,2018-01-29,2018-02-11,2018-02-13,35.27,45.95,15,13,2,1
ol_01650,sl_0076,SP,SP,2018-01-29,2018-02-06,2018-02-08,52.9,49.57,10,8,2,1
ol_00832,sl_0118,BA,SP,2018-01-29,2018-02-15,2018-02-18,46.39,96.16,20,17,3,1
ol_00641,sl_0033,BA,SP,2018-01-30,2018-02-12,2018-02-09,53.36,152.13,10,13,-3,0
ol_00714,sl_0015,SP,MG,2018-01-30,2018-02-11,2018-02-09,34.07,59.81,10,12,-2,0
ol_00359,sl_0037,SP,RJ,2018-01-30,2018-02-16,2018-02-21,33.16,119.62,22,17,5,1
ol_00215,sl_0080,SP,BA,2018-01-30,2018-02-05,2018-02-09,33.06,104.23,10,6,4,1
ol_00740,sl_0059,SP,PE,2018-01-30,2018-02-05,2018-02-07,36.17,119.13,8,6,2,1
ol_00891,sl_0011,MG,SP,2018-01-30,2018-02-05,2018-02-10,25.11,155.9,11,6,5,1
ol_00953,sl_0069,PR,BA,2018-01-30,2018-02-14,2018-02-20,39.55,54.68,21,15,6,1
ol_00751,sl_0023,RJ,RJ,2018-01-30,2018-02-10,2018-02-10,30.96,72.45,11,11,0,0
ol_01226,sl_0020,SP,GO,2018-01-30,2018-02-04,2018-02-02,29.25,82.25,3,5,-2,0
ol_01604,sl_0035,SP,RS,2018-01-30,2018-02-05,2018-02-03,31.42,60.64,4,6,-2,0
ol_01003,sl_0017,SP,BA,2018-01-30,2018-02-05,2018-02-09,28.5,43.05,10,6,4,1
ol_01018,sl_0054,SP,BA,2018-01-30,2018-02-12,2018-02-14,31.7,45.51,15,13,2,1
ol_00345,sl_0042,SP,BA,2018-01-31,2018-02-06,2018-02-07,45.63,51.86,7,6,1,1
ol_00265,sl_0095,RJ,SP,2018-01-31,2018-02-05,2018-02-06,49.88,53.17,6,5,1,1
ol_01520,sl_0025,SP,RJ,2018-01-31,2018-02-13,2018-02-15,41.37,79.16,15,13,2,1
ol_01704,sl_0084,MG,BA,2018-01-31,2018-02-11,2018-02-11,38.1,103.58,11,11,0,0
ol_01006,sl_0105,SP,RJ,2018-01-31,2018-02-15,2018-02-16,30.97,40.09,16,15,1,1
ol_00812,sl_0012,RJ,PE,2018-01-31,2018-02-13,2018-02-15,29.83,96.34,15,13,2,1
ol_01407,sl_0076,SP,MG,2018-01-31,2018-02-07,2018-02-07,28.81,57.83,7,7,0,0
ol_01392,sl_0108,RJ,SP,2018-01-31,2018-02-06,2018-02-08,37.86,81.76,8,6,2,1
ol_00045,sl_0027,SP,RJ,2018-01-31,2018-02-10,2018-02-13,33.56,54.5,13,10,3,1
ol_00743,sl_0023,RJ,RS,2018-01-31,2018-02-17,2018-02-18,36.04,122.8,18,17,1,1
ol_00887,sl_0118,MG,GO,2018-01-31,2018-02-09,2018-02-11,33.35,84.39,11,9,2,1
ol_01126,sl_0017,RJ,GO,2018-02-01,2018-02-15,2018-02-13,34.16,77.17,12,14,-2,0
ol_00056,sl_0095,RJ,SP,2018-02-01,2018-02-12,2018-02-13,35.79,120.03,12,11,1,1
ol_00967,sl_0112,SP,MG,2018-02-01,2018-02-12,2018-02-13,45.37,75.36,12,11,1,1
ol_01299,sl_0009,RJ,SP,2018-02-01,2018-02-13,2018-02-12,34.5,73.62,11,12,-1,0
ol_01544,sl_0008,SC,SP,2018-02-01,2018-02-11,2018-02-12,33.9,58.39,11,10,1,1
ol_01314,sl_0095,RJ,RS,2018-02-01,2018-02-12,2018-02-13,43.77,48.61,12,11,1,1
ol_00428,sl_0014,SP,RS,2018-02-01,2018-02-07,2018-02-08,47.86,150.94,7,6,1,1
ol_00635,sl_0050,SP,SP,2018-02-01,2018-02-08,2018-02-06,30.35,125.0,5,7,-2,0
ol_01910,sl_0033,MG,RJ,2018-02-01,2018-02-12,2018-02-12,15.96,73.23,11,11,0,0
ol_00681,sl_0059,SP,RJ,2018-02-01,2018-02-14,2018-02-12,48.48,113.5,11,13,-2,0
ol_00750,sl_0007,RJ,RS,2018-02-01,2018-02-08,2018-02-14,39.68,166.81,13,7,6,1
ol_01575,sl_0019,SP,RJ,2018-02-01,2018-02-12,2018-02-13,36.98,58.14,12,11,1,1
ol_00814,sl_0047,MG,SP,2018-02-01,2018-02-07,2018-02-06,28.04,79.76,5,6,-1,0
ol_00334,sl_0061,SC,SP,2018-02-02,2018-02-13,2018-02-14,29.23,58.68,12,11,1,1
ol_01014,sl_0011,SP,PR,2018-02-02,2018-02-15,2018-02-18,19.64,143.86,16,13,3,1
ol_01045,sl_0093,SC,MG,2018-02-02,2018-02-19,2018-02-23,45.06,30.65,21,17,4,1
ol_01166,sl_0115,PR,PR,2018-02-02,2018-02-08,2018-02-10,41.41,52.23,8,6,2,1
ol_00397,sl_0004,BA,MG,2018-02-02,2018-02-11,2018-02-14,35.25,132.73,12,9,3,1
ol_01200,sl_0002,SP,RS,2018-02-02,2018-02-13,2018-02-14,13.46,52.29,12,11,1,1
ol_00909,sl_0103,SP,SP,2018-02-02,2018-02-07,2018-02-23,136.74,62.85,21,5,16,1
ol_00059,sl_0087,RJ,SP,2018-02-02,2018-02-08,2018-02-09,32.36,60.37,7,6,1,1
ol_01806,sl_0043,PR,PR,2018-02-02,2018-02-12,2018-02-12,33.39,38.19,10,10,0,0
ol_00344,sl_0087,PR,SP,2018-02-02,2018-02-07,2018-02-09,28.54,100.34,7,5,2,1
ol_01607,sl_0063,SP,SP,2018-02-02,2018-02-16,2018-02-16,23.63,56.34,14,14,0,0
ol_01745,sl_0077,SP,PR,2018-02-02,2018-02-09,2018-02-10,31.06,95.41,8,7,1,1
ol_01262,sl_0093,SC,SP,2018-02-02,2018-02-18,2018-02-20,20.72,68.25,18,16,2,1
ol_00014,sl_0069,SP,RJ,2018-02-02,2018-02-13,2018-02-16,33.07,64.34,14,11,3,1
ol_01335,sl_0073,BA,MG,2018-02-02,2018-02-10,2018-02-10,22.84,101.78,8,8,0,0
ol_01315,sl_0119,RJ,RJ,2018-02-02,2018-02-13,2018-02-13,29.66,47.52,11,11,0,0
ol_00706,sl_0102,SP,RJ,2018-02-02,2018-02-19,2018-02-22,36.46,83.08,20,17,3,1
ol_01714,sl_0065,PR,MG,2018-02-02,2018-02-09,2018-02-12,29.02,75.08,10,7,3,1
ol_01599,sl_0084,SP,RS,2018-02-03,2018-02-20,2018-02-19,38.26,58.04,16,17,-1,0
ol_01955,sl_0054,BA,SP,2018-02-03,2018-02-10,2018-02-11,32.88,75.98,8,7,1,1
ol_01594,sl_0115,SP,GO,2018-02-03,2018-02-12,2018-02-15,44.91,175.35,12,9,3,1
ol_00116,sl_0062,SP,RJ,2018-02-03,2018-02-10,2018-02-09,27.96,97.62,6,7,-1,0
ol_00682,sl_0009,BA,SP,2018-02-03,2018-02-18,2018-02-20,21.96,68.87,17,15,2,1
ol_01743,sl_0037,RJ,SP,2018-02-03,2018-02-10,2018-02-09,30.13,126.46,6,7,-1,0
ol_01326,sl_0067,SP,MG,2018-02-03,2018-02-18,2018-02-18,32.24,50.74,15,15,0,0
ol_01680,sl_0068,BA,RJ,2018-02-03,2018-02-08,2018-02-05,34.64,44.86,2,5,-3,0
ol_01547,sl_0099,BA,RS,2018-02-03,2018-02-18,2018-02-23,33.67,93.98,20,15,5,1
ol_00938,sl_0005,SP,RS,2018-02-03,2018-02-08,2018-02-11,44.92,60.16,8,5,3,1
ol_01998,sl_0076,RJ,RJ,2018-02-04,2018-02-11,2018-02-10,28.98,45.38,6,7,-1,0
ol_00513,sl_0100,RJ,PR,2018-02-04,2018-02-21,2018-02-19,40.25,90.24,15,17,-2,0
ol_01572,sl_0007,SP,RS,2018-02-04,2018-02-13,2018-02-15,29.45,41.32,11,9,2,1
ol_00308,sl_0010,MG,SP,2018-02-04,2018-02-12,2018-02-16,41.84,104.16,12,8,4,1
ol_00837,sl_0032,BA,PR,2018-02-04,2018-02-14,2018-02-17,40.07,78.47,13,10,3,1
ol_00433,sl_0090,SC,SP,2018-02-04,2018-02-09,2018-02-10,29.46,77.27,6,5,1,1
ol_00029,sl_0050,MG,SP,2018-02-04,2018-02-14,2018-02-16,30.73,85.74,12,10,2,1
ol_00234,sl_0065,SP,RS,2018-02-04,2018-02-21,2018-02-22,42.35,67.73,18,17,1,1
ol_00638,sl_0009,SP,PR,2018-02-04,2018-02-13,2018-02-16,33.96,61.46,12,9,3,1
ol_00997,sl_0098,SP,PE,2018-02-04,2018-02-19,2018-02-24,53.55,35.51,20,15,5,1
ol_00447,sl_0065,MG,SP,2018-02-05,2018-02-16,2018-02-15,27.4,86.02,10,11,-1,0
ol_00698,sl_0007,SP,BA,2018-02-05,2018-02-14,2018-02-17,35.56,111.85,12,9,3,1
ol_00537,sl_0027,SP,MG,2018-02-05,2018-02-20,2018-02-20,28.32,35.26,15,15,0,0
ol_00547,sl_0101,MG,PR,2018-02-05,2018-02-16,2018-02-15,42.45,46.44,10,11,-1,0
ol_00490,sl_0020,SP,SP,2018-02-05,2018-02-10,2018-02-09,38.92,120.49,4,5,-1,0
ol_01685,sl_0112,PR,MG,2018-02-05,2018-02-12,2018-02-11,37.47,68.42,6,7,-1,0
ol_00171,sl_0077,PR,SP,2018-02-05,2018-02-11,2018-02-12,31.72,121.79,7,6,1,1
ol_01622,sl_0041,RJ,MG,2018-02-05,2018-02-15,2018-02-16,21.9,76.66,11,10,1,1
ol_01416,sl_0062,BA,RJ,2018-02-05,2018-02-14,2018-02-15,34.49,120.46,10,9,1,1
ol_00952,sl_0100,SP,PR,2018-02-05,2018-02-14,2018-02-15,35.18,68.73,10,9,1,1
ol_01268,sl_0109,SP,SP,2018-02-06,2018-02-12,2018-02-14,31.31,63.18,8,6,2,1
ol_00053,sl_0048,SP,SP,2018-02-06,2018-02-12,2018-02-16,25.49,68.51,10,6,4,1
ol_00228,sl_0060,RJ,BA,2018-02-06,2018-02-17,2018-02-21,40.18,102.64,15,11,4,1
ol_01776,sl_0055,RJ,MG,2018-02-06,2018-02-17,2018-02-13,31.6,85.13,7,11,-4,0
ol_00221,sl_0008,SP,PR,2018-02-06,2018-02-15,2018-02-17,51.63,70.01,11,9,2,1
ol_01965,sl_0090,BA,SP,2018-02-06,2018-02-22,2018-02-25,26.84,146.69,19,16,3,1
ol_00339,sl_0094,SP,SP,2018-02-06,2018-02-18,2018-02-18,49.12,102.41,12,12,0,0
ol_01041,sl_0073,PR,SP,2018-02-06,2018-02-14,2018-02-14,18.15,88.25,8,8,0,0
ol_01660,sl_0052,SP,MG,2018-02-06,2018-02-11,2018-02-15,44.65,99.33,9,5,4,1
ol_01156,sl_0083,RJ,RJ,2018-02-06,2018-02-13,2018-02-10,38.53,121.21,4,7,-3,0
ol_01848,sl_0094,SP,RJ,2018-02-06,2018-02-17,2018-02-21,51.5,69.67,15,11,4,1
ol_00850,sl_0007,PR,RJ,2018-02-06,2018-02-18,2018-02-18,20.81,132.59,12,12,0,0
ol_01160,sl_0083,RJ,RJ,2018-02-06,2018-02-17,2018-02-17,31.88,54.9,11,11,0,0
ol_01751,sl_0009,SP,GO,2018-02-07,2018-02-20,2018-02-21,25.04,188.83,14,13,1,1
ol_01493,sl_0045,SP,RS,2018-02-07,2018-02-12,2018-02-18,53.68,168.88,11,5,6,1
ol_00427,sl_0023,RJ,RJ,2018-02-07,2018-02-21,2018-02-23,42.28,122.18,16,14,2,1
ol_00073,sl_0102,BA,RJ,2018-02-07,2018-02-20,2018-02-19,20.87,122.6,12,13,-1,0
ol_00920,sl_0079,SP,RJ,2018-02-07,2018-02-22,2018-02-22,24.25,71.75,15,15,0,0
ol_01569,sl_0045,RJ,SP,2018-02-07,2018-02-20,2018-02-19,27.27,41.37,12,13,-1,0
ol_00422,sl_0014,SP,BA,2018-02-07,2018-02-14,2018-02-16,33.81,50.36,9,7,2,1
ol_01071,sl_0086,SP,SP,2018-02-07,2018-02-14,2018-02-14,44.3,86.4,7,7,0,0
ol_00496,sl_0050,RJ,MG,2018-02-07,2018-02-13,2018-02-11,31.86,241.09,4,6,-2,0
ol_01170,sl_0053,SP,RS,2018-02-07,2018-02-19,2018-02-21,46.64,82.17,14,12,2,1
ol_00940,sl_0016,BA,SP,2018-02-07,2018-02-23,2018-02-25,22.67,61.16,18,16,2,1
ol_00666,sl_0065,SP,SP,2018-02-07,2018-02-14,2018-02-10,28.83,47.01,3,7,-4,0
ol_01992,sl_0004,SC,GO,2018-02-07,2018-02-20,2018-02-21,45.56,48.43,14,13,1,1
ol_00816,sl_0115,SP,SP,2018-02-08,2018-02-20,2018-02-24,42.65,135.61,16,12,4,1
ol_01264,sl_0063,SP,PR,2018-02-08,2018-02-25,2018-03-17,141.19,93.84,37,17,20,1
ol_00857,sl_0102,RJ,RS,2018-02-08,2018-02-23,2018-02-22,22.73,173.2,14,15,-1,0
ol_00478,sl_0057,PR,RS,2018-02-08,2018-02-20,2018-02-24,46.56,115.35,16,12,4,1
ol_00662,sl_0022,PR,SP,2018-02-08,2018-02-21,2018-02-20,25.21,47.13,12,13,-1,0
ol_00229,sl_0040,SP,PE,2018-02-08,2018-02-22,2018-02-22,17.67,154.36,14,14,0,0
ol_00307,sl_0051,SP,PR,2018-02-08,2018-02-25,2018-03-01,43.69,181.29,21,17,4,1
ol_00013,sl_0018,MG,MG,2018-02-08,2018-02-16,2018-02-15,20.27,66.19,7,8,-1,0
ol_00336,sl_0019,PR,SP,2018-02-08,2018-02-17,2018-02-15,32.53,138.11,7,9,-2,0
ol_01522,sl_0029,SC,MG,2018-02-09,2018-02-21,2018-02-24,34.21,93.89,15,12,3,1
ol_01506,sl_0036,PR,SP,2018-02-09,2018-02-21,2018-02-18,27.64,81.85,9,12,-3,0
ol_01310,sl_0028,PR,BA,2018-02-09,2018-02-17,2018-02-20,40.34,66.86,11,8,3,1
ol_01917,sl_0033,SP,RJ,2018-02-09,2018-02-26,2018-02-27,48.54,86.35,18,17,1,1
ol_00609,sl_0051,SP,MG,2018-02-09,2018-02-22,2018-02-21,30.0,163.91,12,13,-1,0
ol_00100,sl_0045,SP,MG,2018-02-09,2018-02-24,2018-02-27,51.57,46.24,18,15,3,1
ol_00367,sl_0044,RJ,GO,2018-02-09,2018-02-16,2018-02-16,31.48,41.59,7,7,0,0
ol_00268,sl_0006,RJ,RJ,2018-02-09,2018-02-21,2018-02-21,31.25,132.65,12,12,0,0
ol_00255,sl_0032,RJ,MG,2018-02-10,2018-02-23,2018-02-25,38.41,95.59,15,13,2,1
ol_01564,sl_0104,RJ,SP,2018-02-10,2018-02-23,2018-02-25,49.53,25.91,15,13,2,1
ol_00579,sl_0077,RJ,BA,2018-02-10,2018-02-19,2018-02-21,26.29,106.26,11,9,2,1
ol_00868,sl_0008,SP,MG,2018-02-10,2018-02-23,2018-03-02,48.78,65.16,20,13,7,1
ol_01400,sl_0107,SC,SP,2018-02-10,2018-02-24,2018-03-03,50.94,192.4,21,14,7,1
ol_01846,sl_0008,SP,SP,2018-02-10,2018-02-18,2018-02-18,34.18,77.04,8,8,0,0
ol_00342,sl_0031,SP,BA,2018-02-10,2018-02-18,2018-02-18,38.59,137.82,8,8,0,0
ol_00776,sl_0085,MG,GO,2018-02-10,2018-02-17,2018-02-19,22.4,152.62,9,7,2,1
ol_01952,sl_0061,RJ,RJ,2018-02-10,2018-02-15,2018-02-15,34.62,99.07,5,5,0,0
ol_00485,sl_0113,RJ,RS,2018-02-10,2018-02-23,2018-02-25,38.98,117.2,15,13,2,1
ol_00119,sl_0085,SP,MG,2018-02-10,2018-02-16,2018-02-21,53.32,35.1,11,6,5,1
ol_01368,sl_0097,SP,MG,2018-02-10,2018-02-25,2018-03-01,33.01,45.19,19,15,4,1
ol_01022,sl_0080,MG,SP,2018-02-11,2018-02-26,2018-02-27,34.14,67.32,16,15,1,1
ol_01671,sl_0006,BA,SP,2018-02-11,2018-02-23,2018-02-23,28.27,91.8,12,12,0,0
ol_00805,sl_0110,MG,SP,2018-02-11,2018-02-20,2018-02-20,34.96,49.16,9,9,0,0
ol_00355,sl_0101,SP,MG,2018-02-11,2018-02-27,2018-02-26,44.53,117.4,15,16,-1,0
ol_00260,sl_0109,SC,SP,2018-02-11,2018-02-17,2018-02-16,28.8,50.19,5,6,-1,0
ol_01490,sl_0038,SP,RS,2018-02-11,2018-02-27,2018-03-04,38.77,130.2,21,16,5,1
ol_00030,sl_0068,SP,BA,2018-02-11,2018-02-27,2018-03-05,42.4,88.62,22,16,6,1
ol_00459,sl_0080,SP,RS,2018-02-11,2018-02-24,2018-03-08,114.26,51.21,25,13,12,1
ol_00845,sl_0026,SP,SP,2018-02-11,2018-02-18,2018-02-22,37.83,82.49,11,7,4,1
ol_01004,sl_0019,SP,RS,2018-02-11,2018-02-24,2018-02-24,31.79,29.21,13,13,0,0
ol_00661,sl_0106,SP,SP,2018-02-12,2018-02-20,2018-02-17,31.74,133.24,5,8,-3,0
ol_00417,sl_0045,SP,GO,2018-02-12,2018-03-01,2018-03-05,52.9,49.55,21,17,4,1
ol_00998,sl_0079,SP,PE,2018-02-12,2018-02-20,2018-02-23,36.05,162.32,11,8,3,1
ol_01248,sl_0084,SP,PE,2018-02-12,2018-03-01,2018-03-04,35.42,37.36,20,17,3,1
ol_01993,sl_0013,BA,SP,2018-02-12,2018-02-20,2018-02-23,35.52,62.54,11,8,3,1
ol_01619,sl_0087,MG,GO,2018-02-12,2018-02-27,2018-03-02,42.72,78.17,18,15,3,1
ol_01171,sl_0091,SP,SP,2018-02-12,2018-02-20,2018-02-21,24.82,62.2,9,8,1,1
ol_01868,sl_0057,SC,MG,2018-02-12,2018-02-24,2018-02-22,24.66,63.21,10,12,-2,0
ol_00472,sl_0092,SP,SP,2018-02-12,2018-02-27,2018-02-25,34.62,58.4,13,15,-2,0
ol_01183,sl_0083,RJ,RJ,2018-02-12,2018-02-19,2018-02-19,21.43,25.68,7,7,0,0
ol_01589,sl_0065,SP,SP,2018-02-13,2018-03-02,2018-03-06,30.94,60.24,21,17,4,1
ol_00369,sl_0077,SP,SP,2018-02-13,2018-02-25,2018-02-24,39.98,93.09,11,12,-1,0
ol_01629,sl_0022,RJ,GO,2018-02-13,2018-02-22,2018-02-21,27.19,49.26,8,9,-1,0
ol_01625,sl_0051,RJ,GO,2018-02-13,2018-03-01,2018-03-04,37.33,80.38,19,16,3,1
ol_00552,sl_0025,SC,SP,2018-02-13,2018-03-01,2018-03-02,18.18,154.57,17,16,1,1
ol_00803,sl_0055,SP,RJ,2018-02-13,2018-03-01,2018-03-05,33.04,96.72,20,16,4,1
ol_01655,sl_0111,RJ,BA,2018-02-13,2018-02-18,2018-02-20,50.03,63.62,7,5,2,1
ol_00394,sl_0056,PR,SP,2018-02-13,2018-03-01,2018-03-03,45.25,206.3,18,16,2,1
ol_00852,sl_0085,MG,SP,2018-02-13,2018-02-23,2018-02-25,35.11,102.32,12,10,2,1
ol_01953,sl_0088,PR,RS,2018-02-13,2018-02-25,2018-02-23,23.34,95.92,10,12,-2,0
ol_00796,sl_0111,MG,RS,2018-02-13,2018-02-22,2018-02-23,37.7,84.74,10,9,1,1
ol_01824,sl_0109,RJ,PR,2018-02-13,2018-02-26,2018-02-25,31.9,102.84,12,13,-1,0
ol_01527,sl_0072,RJ,BA,2018-02-13,2018-02-22,2018-02-23,29.65,78.83,10,9,1,1
ol_00273,sl_0057,SP,RS,2018-02-13,2018-02-20,2018-02-17,19.8,51.81,4,7,-3,0
ol_00800,sl_0013,SP,RS,2018-02-14,2018-03-03,2018-03-05,49.68,146.07,19,17,2,1
ol_00718,sl_0066,PR,PE,2018-02-14,2018-02-24,2018-02-24,23.74,139.74,10,10,0,0
ol_01153,sl_0013,SP,MG,2018-02-14,2018-02-23,2018-02-25,35.97,238.54,11,9,2,1
ol_01446,sl_0058,PR,PR,2018-02-14,2018-02-19,2018-02-19,37.16,72.34,5,5,0,0
ol_00603,sl_0057,SP,SP,2018-02-14,2018-03-01,2018-03-02,21.75,91.27,16,15,1,1
ol_01548,sl_0042,RJ,SP,2018-02-14,2018-02-27,2018-02-26,36.09,73.72,12,13,-1,0
ol_01391,sl_0038,SP,SP,2018-02-14,2018-02-21,2018-02-21,52.89,145.13,7,7,0,0
ol_00088,sl_0017,SP,SP,2018-02-14,2018-02-23,2018-02-20,26.67,175.15,6,9,-3,0
ol_01502,sl_0005,PR,RS,2018-02-15,2018-02-25,2018-03-01,24.62,37.91,14,10,4,1
ol_01124,sl_0019,RJ,RS,2018-02-15,2018-02-27,2018-03-01,44.07,54.39,14,12,2,1
ol_01300,sl_0013,RJ,PR,2018-02-15,2018-02-27,2018-03-03,46.7,91.64,16,12,4,1
ol_01458,sl_0017,PR,MG,2018-02-15,2018-02-21,2018-02-21,28.45,95.53,6,6,0,0
ol_00471,sl_0105,RJ,SP,2018-02-15,2018-02-27,2018-02-28,44.66,53.44,13,12,1,1
ol_01825,sl_0022,MG,BA,2018-02-15,2018-02-26,2018-02-23,25.13,77.04,8,11,-3,0
ol_00009,sl_0064,MG,SP,2018-02-15,2018-03-02,2018-03-04,21.81,102.39,17,15,2,1
ol_01844,sl_0075,PR,SP,2018-02-15,2018-02-28,2018-02-28,37.26,95.71,13,13,0,0
ol_00626,sl_0006,PR,PR,2018-02-15,2018-03-01,2018-02-28,21.85,139.4,13,14,-1,0
ol_00305,sl_0033,SP,RS,2018-02-15,2018-02-20,2018-02-25,38.6,76.91,10,5,5,1
ol_01668,sl_0030,SC,PR,2018-02-15,2018-02-28,2018-02-28,34.61,43.08,13,13,0,0
ol_00252,sl_0033,SP,GO,2018-02-15,2018-03-03,2018-03-07,64.27,177.82,20,16,4,1
ol_01010,sl_0072,RJ,MG,2018-02-16,2018-02-26,2018-02-26,34.72,35.12,10,10,0,0
ol_00463,sl_0004,PR,PE,2018-02-16,2018-03-05,2018-03-06,36.27,59.56,18,17,1,1
ol_00658,sl_0041,SC,PE,2018-02-16,2018-03-05,2018-03-05,25.67,100.74,17,17,0,0
ol_01977,sl_0097,SP,GO,2018-02-16,2018-03-04,2018-03-06,40.67,46.92,18,16,2,1
ol_01106,sl_0029,RJ,MG,2018-02-16,2018-03-03,2018-03-03,43.91,147.65,15,15,0,0
ol_00230,sl_0076,MG,BA,2018-02-16,2018-02-22,2018-02-20,34.54,45.4,4,6,-2,0
ol_00985,sl_0024,SP,MG,2018-02-16,2018-03-01,2018-03-03,28.24,90.49,15,13,2,1
ol_01347,sl_0101,BA,SP,2018-02-16,2018-03-02,2018-02-28,29.36,85.18,12,14,-2,0
ol_01285,sl_0075,SP,RS,2018-02-16,2018-02-24,2018-02-23,30.12,122.61,7,8,-1,0
ol_01706,sl_0050,PR,SP,2018-02-17,2018-03-05,2018-03-03,37.13,114.14,14,16,-2,0
ol_00440,sl_0105,SC,RJ,2018-02-17,2018-03-02,2018-03-04,30.15,72.69,15,13,2,1
ol_00011,sl_0026,SP,GO,2018-02-17,2018-03-06,2018-03-07,31.4,71.47,18,17,1,1
ol_01316,sl_0008,PR,SP,2018-02-17,2018-02-26,2018-02-24,15.13,53.73,7,9,-2,0
ol_00589,sl_0010,SP,SP,2018-02-17,2018-03-05,2018-03-05,23.56,127.46,16,16,0,0
ol_00006,sl_0076,SP,RS,2018-02-17,2018-02-25,2018-03-02,50.9,83.28,13,8,5,1
ol_01206,sl_0076,SP,BA,2018-02-17,2018-03-06,2018-03-09,42.04,85.93,20,17,3,1
ol_00975,sl_0087,SP,PE,2018-02-17,2018-03-03,2018-03-06,29.85,148.66,17,14,3,1
ol_01149,sl_0055,SP,SP,2018-02-17,2018-02-22,2018-02-22,22.91,97.34,5,5,0,0
ol_00264,sl_0008,SC,RJ,2018-02-18,2018-02-23,2018-02-21,23.04,86.18,3,5,-2,0
ol_01524,sl_0054,RJ,BA,2018-02-18,2018-02-26,2018-02-25,35.86,96.72,7,8,-1,0
ol_00615,sl_0097,SP,RJ,2018-02-18,2018-03-04,2018-03-06,27.71,65.12,16,14,2,1
ol_01862,sl_0043,SP,PR,2018-02-18,2018-02-26,2018-02-24,16.21,153.34,6,8,-2,0
ol_01739,sl_0004,MG,SP,2018-02-18,2018-02-27,2018-02-28,27.85,34.15,10,9,1,1
ol_00531,sl_0114,BA,SP,2018-02-18,2018-02-26,2018-02-25,32.03,113.87,7,8,-1,0
ol_00480,sl_0080,MG,RJ,2018-02-18,2018-02-25,2018-03-03,30.83,77.77,13,7,6,1
ol_01631,sl_0007,SC,SP,2018-02-18,2018-03-03,2018-02-28,36.67,86.07,10,13,-3,0
ol_00133,sl_0053,SP,MG,2018-02-18,2018-02-25,2018-02-27,30.24,52.22,9,7,2,1
ol_00395,sl_0098,SP,SP,2018-02-18,2018-02-24,2018-02-24,43.6,93.95,6,6,0,0
ol_00810,sl_0064,RJ,MG,2018-02-19,2018-02-26,2018-02-27,32.8,84.38,8,7,1,1
ol_00424,sl_0117,RJ,SP,2018-02-19,2018-02-28,2018-03-04,28.02,146.15,13,9,4,1
ol_01802,sl_0048,SP,SP,2018-02-19,2018-02-26,2018-03-03,42.35,91.81,12,7,5,1
ol_01608,sl_0101,SP,SP,2018-02-19,2018-03-06,2018-03-06,47.26,116.81,15,15,0,0
ol_00562,sl_0053,SP,SP,2018-02-19,2018-03-03,2018-03-01,51.75,222.66,10,12,-2,0
ol_01267,sl_0059,SC,MG,2018-02-19,2018-03-07,2018-03-13,46.97,96.72,22,16,6,1
ol_00957,sl_0115,SP,SP,2018-02-19,2018-03-07,2018-03-20,126.55,63.73,29,16,13,1
ol_00556,sl_0042,SP,GO,2018-02-19,2018-02-27,2018-02-25,24.88,89.6,6,8,-2,0
ol_00551,sl_0100,SP,RJ,2018-02-19,2018-02-28,2018-03-02,35.49,267.16,11,9,2,1
ol_00782,sl_0105,BA,BA,2018-02-19,2018-03-04,2018-03-04,30.76,150.38,13,13,0,0
ol_00109,sl_0110,SP,SP,2018-02-19,2018-03-07,2018-03-03,27.24,80.82,12,16,-4,0
ol_00392,sl_0094,BA,SP,2018-02-19,2018-03-07,2018-03-08,31.07,55.65,17,16,1,1
ol_01633,sl_0080,SP,PR,2018-02-20,2018-03-09,2018-03-08,25.68,71.18,16,17,-1,0
ol_01148,sl_0099,SP,RJ,2018-02-20,2018-02-26,2018-03-01,44.62,171.9,9,6,3,1
ol_01215,sl_0084,SP,RS,2018-02-20,2018-03-06,2018-03-13,40.01,25.0,21,14,7,1
ol_00954,sl_0034,SP,PR,2018-02-20,2018-03-01,2018-03-03,36.28,78.23,11,9,2,1
ol_00016,sl_0111,PR,PR,2018-02-20,2018-03-02,2018-03-05,29.21,115.9,13,10,3,1
ol_01052,sl_0080,SP,PE,2018-02-20,2018-02-28,2018-02-27,37.97,51.78,7,8,-1,0
ol_00543,sl_0119,PR,RJ,2018-02-20,2018-03-08,2018-03-10,36.84,77.8,18,16,2,1
ol_00147,sl_0102,SP,SP,2018-02-20,2018-02-25,2018-02-26,21.15,65.69,6,5,1,1
ol_00275,sl_0017,PR,MG,2018-02-20,2018-02-27,2018-03-01,36.66,60.85,9,7,2,1
ol_01885,sl_0026,PR,RJ,2018-02-20,2018-02-27,2018-03-19,101.71,69.07,27,7,20,1
ol_01322,sl_0029,SC,MG,2018-02-20,2018-02-26,2018-03-02,33.02,167.64,10,6,4,1
ol_01870,sl_0040,RJ,RS,2018-02-20,2018-03-09,2018-03-11,38.84,294.31,19,17,2,1
ol_01499,sl_0074,SC,MG,2018-02-20,2018-03-08,2018-03-08,13.27,46.33,16,16,0,0
ol_01930,sl_0048,SP,RJ,2018-02-20,2018-03-06,2018-03-04,29.95,73.92,12,14,-2,0
ol_01289,sl_0112,RJ,RS,2018-02-20,2018-03-05,2018-03-06,32.22,49.7,14,13,1,1
ol_00238,sl_0026,SP,RJ,2018-02-20,2018-03-04,2018-03-05,28.78,76.39,13,12,1,1
ol_01613,sl_0008,PR,RJ,2018-02-20,2018-02-25,2018-02-28,36.05,37.63,8,5,3,1
ol_01891,sl_0073,RJ,SP,2018-02-21,2018-03-03,2018-03-02,22.77,68.8,9,10,-1,0
ol_01666,sl_0079,SP,SP,2018-02-21,2018-03-04,2018-03-05,30.18,154.26,12,11,1,1
ol_00500,sl_0051,MG,SP,2018-02-21,2018-03-07,2018-03-06,34.5,54.63,13,14,-1,0
ol_00031,sl_0081,SP,RS,2018-02-21,2018-02-26,2018-03-01,44.0,39.67,8,5,3,1
ol_01864,sl_0003,MG,SP,2018-02-21,2018-02-27,2018-03-01,14.08,71.85,8,6,2,1
ol_01838,sl_0032,RJ,PR,2018-02-21,2018-02-26,2018-03-01,43.04,134.18,8,5,3,1
ol_01915,sl_0036,MG,SP,2018-02-21,2018-03-04,2018-03-03,46.0,46.51,10,11,-1,0
ol_01293,sl_0094,SP,PE,2018-02-21,2018-02-28,2018-03-01,41.29,51.49,8,7,1,1
ol_01451,sl_0074,MG,RS,2018-02-21,2018-02-28,2018-02-28,26.19,80.94,7,7,0,0
ol_01390,sl_0065,RJ,PE,2018-02-21,2018-03-03,2018-03-19,107.17,64.58,26,10,16,1
ol_00379,sl_0041,SP,RS,2018-02-21,2018-03-07,2018-03-09,43.74,181.88,16,14,2,1
ol_00438,sl_0010,SP,SP,2018-02-21,2018-03-06,2018-03-04,22.05,132.7,11,13,-2,0
ol_00173,sl_0030,SP,RJ,2018-02-21,2018-03-09,2018-03-10,43.83,171.36,17,16,1,1
ol_01076,sl_0093,MG,RJ,2018-02-21,2018-03-04,2018-03-06,39.16,25.0,13,11,2,1
ol_00823,sl_0053,RJ,PR,2018-02-22,2018-03-09,2018-03-12,24.34,171.58,18,15,3,1
ol_01612,sl_0074,SP,PR,2018-02-22,2018-03-07,2018-03-09,38.65,58.47,15,13,2,1
ol_00855,sl_0095,BA,RJ,2018-02-22,2018-03-02,2018-03-01,27.9,67.6,7,8,-1,0
ol_00737,sl_0026,RJ,BA,2018-02-22,2018-03-03,2018-03-01,19.25,141.05,7,9,-2,0
ol_01700,sl_0057,RJ,PR,2018-02-22,2018-03-02,2018-03-04,21.92,115.07,10,8,2,1
ol_00023,sl_0078,RJ,RS,2018-02-22,2018-02-28,2018-03-08,46.52,91.38,14,6,8,1
ol_00996,sl_0014,RJ,SP,2018-02-22,2018-03-09,2018-03-15,35.77,132.05,21,15,6,1
ol_01916,sl_0088,SP,RS,2018-02-22,2018-03-02,2018-03-04,31.84,128.73,10,8,2,1
ol_00008,sl_0112,MG,BA,2018-02-22,2018-03-10,2018-03-12,21.62,56.66,18,16,2,1
ol_01822,sl_0010,RJ,RJ,2018-02-22,2018-02-28,2018-02-26,27.5,150.25,4,6,-2,0
ol_01421,sl_0051,PR,SP,2018-02-22,2018-03-08,2018-03-10,32.66,80.26,16,14,2,1
ol_00363,sl_0014,MG,PE,2018-02-23,2018-03-03,2018-03-08,36.67,37.48,13,8,5,1
ol_00236,sl_0101,RJ,SP,2018-02-23,2018-02-28,2018-02-25,25.6,55.12,2,5,-3,0
ol_00121,sl_0109,SP,GO,2018-02-23,2018-03-07,2018-03-10,49.12,115.29,15,12,3,1
ol_00779,sl_0100,RJ,RJ,2018-02-23,2018-03-10,2018-03-12,37.92,36.26,17,15,2,1
ol_01579,sl_0109,RJ,SP,2018-02-23,2018-03-04,2018-03-07,44.01,146.77,12,9,3,1
ol_00476,sl_0100,PR,RJ,2018-02-23,2018-03-05,2018-03-06,33.83,206.52,11,10,1,1
ol_00977,sl_0101,BA,SP,2018-02-24,2018-03-09,2018-03-07,32.42,279.11,11,13,-2,0
ol_00517,sl_0112,SP,SP,2018-02-24,2018-03-02,2018-03-06,38.92,107.44,10,6,4,1
ol_01059,sl_0076,SP,BA,2018-02-24,2018-03-06,2018-03-10,45.64,25.0,14,10,4,1
ol_01686,sl_0116,SP,PR,2018-02-24,2018-03-02,2018-03-03,48.21,77.47,7,6,1,1
ol_00688,sl_0110,SP,RJ,2018-02-24,2018-03-08,2018-03-13,28.23,31.61,17,12,5,1
ol_00262,sl_0109,MG,RS,2018-02-24,2018-03-10,2018-03-12,37.11,128.69,16,14,2,1
ol_01626,sl_0115,MG,PR,2018-02-24,2018-03-08,2018-03-08,32.07,77.89,12,12,0,0
ol_01246,sl_0064,PR,MG,2018-02-24,2018-03-01,2018-02-28,44.08,153.52,4,5,-1,0
ol_01618,sl_0001,RJ,RJ,2018-02-24,2018-03-13,2018-03-11,29.81,96.18,15,17,-2,0
ol_00739,sl_0075,MG,SP,2018-02-24,2018-03-07,2018-03-06,36.6,52.07,10,11,-1,0
ol_01803,sl_0085,RJ,MG,2018-02-24,2018-03-11,2018-03-10,25.8,107.31,14,15,-1,0
ol_01749,sl_0103,RJ,PR,2018-02-24,2018-03-02,2018-03-06,34.48,112.87,10,6,4,1
ol_00452,sl_0014,RJ,BA,2018-02-24,2018-03-12,2018-03-15,28.84,65.71,19,16,3,1
ol_00988,sl_0048,SP,PR,2018-02-24,2018-03-10,2018-03-12,26.87,113.24,16,14,2,1
ol_00038,sl_0113,RJ,RJ,2018-02-25,2018-03-07,2018-03-13,36.92,134.47,16,10,6,1
ol_00968,sl_0076,PR,RS,2018-02-25,2018-03-06,2018-03-05,37.62,61.38,8,9,-1,0
ol_00210,sl_0024,SP,SP,2018-02-25,2018-03-03,2018-03-10,50.6,61.7,13,6,7,1
ol_01831,sl_0049,SP,SP,2018-02-25,2018-03-04,2018-03-08,31.11,157.08,11,7,4,1
ol_00350,sl_0115,PR,RJ,2018-02-25,2018-03-03,2018-03-02,28.42,50.69,5,6,-1,0
ol_01372,sl_0005,MG,PR,2018-02-25,2018-03-02,2018-03-07,41.13,85.59,10,5,5,1
ol_00320,sl_0080,MG,MG,2018-02-25,2018-03-12,2018-03-13,11.91,96.82,16,15,1,1
ol_00247,sl_0073,BA,BA,2018-02-25,2018-03-11,2018-03-10,26.44,31.39,13,14,-1,0
ol_01082,sl_0005,SP,PR,2018-02-25,2018-03-02,2018-03-04,29.35,78.72,7,5,2,1
ol_01123,sl_0085,SP,BA,2018-02-25,2018-03-02,2018-03-03,39.25,89.02,6,5,1,1
ol_01610,sl_0098,PR,SP,2018-02-25,2018-03-04,2018-02-27,42.23,31.38,2,7,-5,0
ol_01874,sl_0032,SC,SP,2018-02-25,2018-03-04,2018-03-06,44.28,132.75,9,7,2,1
ol_01258,sl_0045,PR,PR,2018-02-26,2018-03-08,2018-03-10,31.56,280.71,12,10,2,1
ol_01254,sl_0089,RJ,GO,2018-02-26,2018-03-08,2018-03-11,30.57,128.76,13,10,3,1
ol_00481,sl_0073,SP,RS,2018-02-26,2018-03-06,2018-03-06,39.87,44.79,8,8,0,0
ol_01131,sl_0114,SP,RS,2018-02-26,2018-03-04,2018-03-05,55.27,131.74,7,6,1,1
ol_00602,sl_0117,SP,PR,2018-02-26,2018-03-10,2018-03-13,37.36,149.08,15,12,3,1
ol_01785,sl_0055,RJ,MG,2018-02-26,2018-03-12,2018-03-12,25.63,139.49,14,14,0,0
ol_00511,sl_0035,RJ,SP,2018-02-26,2018-03-15,2018-03-13,27.05,40.95,15,17,-2,0
ol_00992,sl_0118,SP,RS,2018-02-27,2018-03-09,2018-03-10,57.51,53.58,11,10,1,1
ol_00103,sl_0115,PR,PR,2018-02-27,2018-03-10,2018-03-08,42.59,220.2,9,11,-2,0
ol_00505,sl_0118,PR,SP,2018-02-27,2018-03-12,2018-03-14,32.03,75.1,15,13,2,1
ol_01790,sl_0008,MG,RJ,2018-02-27,2018-03-10,2018-03-12,41.92,25.0,13,11,2,1
ol_01338,sl_0075,SP,SP,2018-02-27,2018-03-14,2018-03-16,40.66,40.62,17,15,2,1
ol_00386,sl_0089,SP,PR,2018-02-27,2018-03-09,2018-03-10,41.63,86.96,11,10,1,1
ol_01468,sl_0067,PR,SP,2018-02-27,2018-03-09,2018-03-30,110.25,119.24,31,10,21,1
ol_01521,sl_0025,SC,SP,2018-02-27,2018-03-13,2018-03-15,35.56,76.75,16,14,2,1
ol_00004,sl_0059,SP,GO,2018-02-27,2018-03-06,2018-03-09,23.57,61.03,10,7,3,1
ol_01546,sl_0030,PR,RS,2018-02-27,2018-03-06,2018-03-08,39.88,71.63,9,7,2,1
ol_01617,sl_0030,SP,RJ,2018-02-27,2018-03-04,2018-03-03,38.51,33.16,4,5,-1,0
ol_01098,sl_0112,BA,RJ,2018-02-27,2018-03-14,2018-03-17,28.83,80.02,18,15,3,1
ol_00161,sl_0059,MG,RS,2018-02-27,2018-03-12,2018-03-15,33.2,56.89,16,13,3,1
ol_01893,sl_0031,SP,RJ,2018-02-27,2018-03-14,2018-03-17,35.25,128.22,18,15,3,1
ol_01871,sl_0090,SP,RJ,2018-02-27,2018-03-15,2018-03-16,36.97,124.47,17,16,1,1
ol_00361,sl_0019,RJ,BA,2018-02-27,2018-03-12,2018-03-13,35.17,58.07,14,13,1,1
ol_00127,sl_0112,PR,SP,2018-02-27,2018-03-14,2018-03-16,40.01,67.95,17,15,2,1
ol_00232,sl_0036,SP,SP,2018-02-28,2018-03-06,2018-03-06,29.85,94.92,6,6,0,0
ol_00760,sl_0077,SP,SP,2018-02-28,2018-03-10,2018-03-10,35.18,25.9,10,10,0,0
ol_00758,sl_0066,MG,RJ,2018-02-28,2018-03-05,2018-03-10,29.9,78.66,10,5,5,1
ol_00254,sl_0117,MG,SP,2018-02-28,2018-03-08,2018-03-11,43.86,25.0,11,8,3,1
ol_01645,sl_0103,BA,RJ,2018-02-28,2018-03-14,2018-03-13,32.69,171.12,13,14,-1,0
ol_00708,sl_0116,BA,SP,2018-02-28,2018-03-15,2018-03-17,26.36,150.14,17,15,2,1
ol_01118,sl_0088,BA,SP,2018-02-28,2018-03-06,2018-03-07,14.44,82.65,7,6,1,1
ol_00503,sl_0103,RJ,RS,2018-02-28,2018-03-11,2018-03-11,39.88,120.23,11,11,0,0
ol_00209,sl_0047,BA,RJ,2018-02-28,2018-03-14,2018-03-15,45.42,68.33,15,14,1,1
ol_01177,sl_0090,SP,RJ,2018-02-28,2018-03-17,2018-03-16,25.09,44.31,16,17,-1,0
ol_01480,sl_0093,SC,SP,2018-02-28,2018-03-10,2018-03-09,32.97,84.8,9,10,-1,0
ol_00597,sl_0033,SP,BA,2018-02-28,2018-03-09,2018-03-09,35.05,128.62,9,9,0,0
ol_01945,sl_0119,PR,RS,2018-02-28,2018-03-06,2018-03-05,33.72,85.31,5,6,-1,0
ol_00507,sl_0090,RJ,RJ,2018-03-01,2018-03-08,2018-03-11,20.11,54.54,10,7,3,1
ol_00373,sl_0035,SP,RS,2018-03-01,2018-03-10,2018-03-14,37.41,144.76,13,9,4,1
ol_00544,sl_0076,RJ,RS,2018-03-01,2018-03-18,2018-03-20,41.76,60.88,19,17,2,1
ol_01401,sl_0054,RJ,PR,2018-03-01,2018-03-14,2018-03-15,19.76,195.67,14,13,1,1
ol_01543,sl_0002,SP,SP,2018-03-01,2018-03-13,2018-03-16,47.96,38.43,15,12,3,1
ol_01635,sl_0098,RJ,SP,2018-03-01,2018-03-16,2018-03-18,49.69,109.19,17,15,2,1
ol_01687,sl_0088,RJ,PE,2018-03-01,2018-03-14,2018-03-14,34.44,128.09,13,13,0,0
ol_00007,sl_0090,MG,BA,2018-03-01,2018-03-15,2018-03-14,36.09,95.88,13,14,-1,0
ol_00991,sl_0071,RJ,RS,2018-03-01,2018-03-09,2018-03-14,35.41,98.74,13,8,5,1
ol_01311,sl_0098,PR,BA,2018-03-01,2018-03-10,2018-03-09,32.84,76.12,8,9,-1,0
ol_01086,sl_0062,MG,SP,2018-03-01,2018-03-12,2018-03-14,33.65,42.69,13,11,2,1
ol_00640,sl_0093,SC,MG,2018-03-02,2018-03-09,2018-03-07,26.12,103.21,5,7,-2,0
ol_01232,sl_0084,MG,SP,2018-03-02,2018-03-11,2018-03-10,44.78,28.48,8,9,-1,0
ol_01695,sl_0109,MG,RJ,2018-03-02,2018-03-12,2018-03-12,34.94,35.39,10,10,0,0
ol_01382,sl_0029,SP,SP,2018-03-02,2018-03-11,2018-03-10,29.77,64.77,8,9,-1,0
ol_00138,sl_0099,SP,MG,2018-03-02,2018-03-16,2018-03-20,33.19,51.82,18,14,4,1
ol_00431,sl_0087,RJ,SP,2018-03-02,2018-03-18,2018-03-18,22.41,123.76,16,16,0,0
ol_00441,sl_0040,RJ,BA,2018-03-02,2018-03-08,2018-03-08,29.67,130.1,6,6,0,0
ol_01103,sl_0106,MG,RJ,2018-03-02,2018-03-17,2018-03-17,46.25,100.73,15,15,0,0
ol_01432,sl_0095,SP,GO,2018-03-02,2018-03-12,2018-03-13,35.74,96.77,11,10,1,1
ol_01395,sl_0119,SP,GO,2018-03-02,2018-03-19,2018-03-20,28.71,39.37,18,17,1,1
ol_01213,sl_0101,SP,SP,2018-03-02,2018-03-12,2018-03-12,16.04,182.46,10,10,0,0
ol_01445,sl_0077,SP,PR,2018-03-02,2018-03-10,2018-03-11,40.2,75.53,9,8,1,1
ol_01349,sl_0040,RJ,PR,2018-03-02,2018-03-19,2018-03-18,27.85,26.92,16,17,-1,0
ol_01447,sl_0098,MG,MG,2018-03-03,2018-03-15,2018-03-16,40.35,28.07,13,12,1,1
ol_01732,sl_0074,SP,MG,2018-03-03,2018-03-18,2018-03-21,31.4,88.93,18,15,3,1
ol_01701,sl_0066,SP,SP,2018-03-03,2018-03-10,2018-03-09,23.57,93.27,6,7,-1,0
ol_01892,sl_0022,BA,SP,2018-03-03,2018-03-17,2018-03-18,40.87,146.65,15,14,1,1
ol_00614,sl_0043,RJ,RJ,2018-03-03,2018-03-20,2018-03-18,28.55,107.77,15,17,-2,0
ol_00322,sl_0032,SP,SP,2018-03-03,2018-03-12,2018-03-12,14.08,157.93,9,9,0,0
ol_00752,sl_0028,SP,RJ,2018-03-03,2018-03-11,2018-03-11,35.6,105.96,8,8,0,0
ol_01236,sl_0116,SP,RJ,2018-03-03,2018-03-13,2018-03-12,26.35,86.96,9,10,-1,0
ol_01195,sl_0118,SP,SP,2018-03-03,2018-03-11,2018-03-15,25.27,58.89,12,8,4,1
ol_01513,sl_0042,BA,SP,2018-03-03,2018-03-19,2018-03-18,32.26,75.42,15,16,-1,0
ol_01512,sl_0017,SP,SP,2018-03-03,2018-03-10,2018-03-11,43.68,100.1,8,7,1,1
ol_00498,sl_0084,MG,MG,2018-03-03,2018-03-11,2018-03-08,30.85,141.56,5,8,-3,0
ol_00637,sl_0068,MG,RJ,2018-03-03,2018-03-15,2018-03-16,37.06,96.94,13,12,1,1
ol_01143,sl_0039,SP,RJ,2018-03-03,2018-03-08,2018-03-10,37.57,55.47,7,5,2,1
ol_00732,sl_0024,RJ,SP,2018-03-03,2018-03-09,2018-03-13,50.85,86.32,10,6,4,1
ol_01989,sl_0087,SC,SP,2018-03-03,2018-03-20,2018-03-20,32.95,43.85,17,17,0,0
ol_01146,sl_0103,MG,PR,2018-03-03,2018-03-11,2018-03-11,21.93,50.39,8,8,0,0
ol_00970,sl_0054,SP,SP,2018-03-03,2018-03-17,2018-03-21,39.98,49.45,18,14,4,1
ol_00535,sl_0048,SP,SP,2018-03-03,2018-03-12,2018-03-10,18.92,157.65,7,9,-2,0
ol_01715,sl_0083,SP,SP,2018-03-03,2018-03-17,2018-03-17,34.81,75.3,14,14,0,0
ol_00880,sl_0084,RJ,RS,2018-03-03,2018-03-15,2018-03-15,38.05,73.13,12,12,0,0
ol_01178,sl_0075,SP,SP,2018-03-03,2018-03-11,2018-03-09,19.23,106.54,6,8,-2,0
ol_01800,sl_0064,RJ,RJ,2018-03-03,2018-03-12,2018-03-09,25.69,75.67,6,9,-3,0
ol_01656,sl_0016,SP,RJ,2018-03-03,2018-03-09,2018-03-12,24.01,50.33,9,6,3,1
ol_00106,sl_0051,RJ,GO,2018-03-03,2018-03-10,2018-03-10,13.17,262.19,7,7,0,0
ol_01284,sl_0062,SP,MG,2018-03-03,2018-03-09,2018-03-13,47.97,112.24,10,6,4,1
ol_00572,sl_0109,SP,SP,2018-03-03,2018-03-17,2018-03-12,26.08,107.66,9,14,-5,0
ol_00326,sl_0012,PR,MG,2018-03-03,2018-03-14,2018-03-19,39.2,83.57,16,11,5,1
ol_00393,sl_0025,SP,SP,2018-03-04,2018-03-13,2018-03-10,23.98,76.36,6,9,-3,0
ol_00324,sl_0078,SP,SP,2018-03-04,2018-03-14,2018-03-13,32.56,109.75,9,10,-1,0
ol_00193,sl_0035,SP,SP,2018-03-04,2018-03-17,2018-03-17,24.31,95.73,13,13,0,0
ol_01181,sl_0027,MG,SP,2018-03-04,2018-03-16,2018-03-18,35.59,108.38,14,12,2,1
ol_00175,sl_0017,RJ,SP,2018-03-05,2018-03-19,2018-03-23,30.22,36.28,18,14,4,1
ol_01101,sl_0102,SP,SP,2018-03-05,2018-03-11,2018-03-11,33.35,113.97,6,6,0,0
ol_01549,sl_0118,SP,SP,2018-03-05,2018-03-22,2018-03-24,30.6,63.7,19,17,2,1
ol_00829,sl_0024,SP,SP,2018-03-05,2018-03-17,2018-03-19,31.07,47.88,14,12,2,1
ol_00003,sl_0041,PR,SP,2018-03-05,2018-03-18,2018-03-22,17.75,92.11,17,13,4,1
ol_00304,sl_0002,RJ,RS,2018-03-05,2018-03-15,2018-03-15,34.75,37.64,10,10,0,0
ol_01151,sl_0110,PR,SP,2018-03-05,2018-03-18,2018-03-19,38.48,138.42,14,13,1,1
ol_01351,sl_0080,RJ,SP,2018-03-05,2018-03-21,2018-03-17,43.37,117.87,12,16,-4,0
ol_00253,sl_0095,SP,SP,2018-03-05,2018-03-11,2018-03-14,32.15,57.05,9,6,3,1
ol_00080,sl_0053,PR,RJ,2018-03-06,2018-03-22,2018-03-21,35.27,55.22,15,16,-1,0
ol_00983,sl_0003,SP,RJ,2018-03-06,2018-03-15,2018-03-16,39.49,99.77,10,9,1,1
ol_00494,sl_0079,RJ,GO,2018-03-06,2018-03-21,2018-03-20,30.52,111.97,14,15,-1,0
ol_01307,sl_0095,RJ,RJ,2018-03-06,2018-03-19,2018-03-18,36.73,72.09,12,13,-1,0
ol_00415,sl_0048,MG,SP,2018-03-06,2018-03-14,2018-03-17,27.63,54.21,11,8,3,1
ol_00111,sl_0107,RJ,PR,2018-03-06,2018-03-13,2018-03-12,22.94,64.78,6,7,-1,0
ol_00778,sl_0005,BA,SP,2018-03-06,2018-03-20,2018-03-21,52.12,446.04,15,14,1,1
ol_00584,sl_0062,SP,SP,2018-03-06,2018-03-21,2018-03-20,35.04,38.53,14,15,-1,0
ol_00871,sl_0116,MG,SP,2018-03-06,2018-03-18,2018-03-17,35.14,47.38,11,12,-1,0
ol_01038,sl_0067,SC,SP,2018-03-06,2018-03-11,2018-03-17,41.22,40.7,11,5,6,1
ol_00590,sl_0030,SP,MG,2018-03-06,2018-03-20,2018-03-20,26.53,73.13,14,14,0,0
ol_00456,sl_0092,RJ,SP,2018-03-07,2018-03-22,2018-03-21,41.3,71.8,14,15,-1,0
ol_01730,sl_0005,SC,RS,2018-03-07,2018-03-13,2018-03-16,31.54,103.12,9,6,3,1
ol_01477,sl_0032,RJ,SP,2018-03-07,2018-03-20,2018-03-24,28.57,82.06,17,13,4,1
ol_01590,sl_0092,SP,RJ,2018-03-07,2018-03-19,2018-03-20,30.28,144.8,13,12,1,1
ol_00781,sl_0045,RJ,RJ,2018-03-07,2018-03-17,2018-03-19,44.54,79.67,12,10,2,1
ol_00593,sl_0058,SP,RJ,2018-03-07,2018-03-23,2018-03-23,41.24,56.18,16,16,0,0
ol_01796,sl_0030,SP,PR,2018-03-07,2018-03-13,2018-03-12,32.71,97.0,5,6,-1,0
ol_01585,sl_0082,RJ,PR,2018-03-08,2018-03-22,2018-03-24,46.53,74.73,16,14,2,1
ol_01682,sl_0081,RJ,PR,2018-03-08,2018-03-19,2018-03-22,43.1,50.8,14,11,3,1
ol_00401,sl_0082,SP,BA,2018-03-08,2018-03-23,2018-03-27,40.69,100.89,19,15,4,1
ol_00839,sl_0023,MG,RJ,2018-03-08,2018-03-21,2018-03-19,48.64,220.86,11,13,-2,0
ol_00763,sl_0100,MG,RJ,2018-03-08,2018-03-23,2018-03-20,23.78,31.64,12,15,-3,0
ol_01064,sl_0117,PR,MG,2018-03-08,2018-03-17,2018-03-16,30.82,150.73,8,9,-1,0
ol_00722,sl_0029,SP,MG,2018-03-08,2018-03-16,2018-03-13,30.9,102.1,5,8,-3,0
ol_00710,sl_0118,MG,RJ,2018-03-08,2018-03-15,2018-03-11,32.81,60.02,3,7,-4,0
ol_00568,sl_0098,MG,RS,2018-03-08,2018-03-21,2018-03-25,42.91,71.69,17,13,4,1
ol_00930,sl_0079,SC,GO,2018-03-08,2018-03-17,2018-03-16,33.77,168.75,8,9,-1,0
ol_00675,sl_0100,SP,SP,2018-03-08,2018-03-15,2018-03-14,29.89,174.64,6,7,-1,0
ol_00736,sl_0099,SP,SP,2018-03-08,2018-03-24,2018-03-26,42.53,76.05,18,16,2,1
ol_01988,sl_0037,SC,PE,2018-03-08,2018-03-22,2018-03-23,41.74,114.44,15,14,1,1
ol_01072,sl_0057,SP,PR,2018-03-08,2018-03-13,2018-03-15,44.17,130.69,7,5,2,1
ol_00179,sl_0024,SP,RS,2018-03-08,2018-03-15,2018-03-21,34.72,36.07,13,7,6,1
ol_01414,sl_0083,SP,BA,2018-03-08,2018-03-20,2018-03-24,40.55,49.69,16,12,4,1
ol_00213,sl_0114,RJ,SP,2018-03-09,2018-03-25,2018-03-26,27.12,74.69,17,16,1,1
ol_00061,sl_0047,SP,RJ,2018-03-09,2018-03-14,2018-03-17,51.74,53.88,8,5,3,1
ol_00995,sl_0090,SP,RJ,2018-03-09,2018-03-15,2018-03-18,23.2,65.76,9,6,3,1
ol_00027,sl_0043,SP,PR,2018-03-09,2018-03-23,2018-03-20,21.56,70.04,11,14,-3,0
ol_00159,sl_0082,RJ,BA,2018-03-09,2018-03-24,2018-03-28,29.86,75.29,19,15,4,1
ol_01494,sl_0051,SP,SP,2018-03-09,2018-03-14,2018-03-11,46.49,154.33,2,5,-3,0
ol_01912,sl_0097,SP,SP,2018-03-09,2018-03-18,2018-03-17,25.32,37.3,8,9,-1,0
ol_01320,sl_0104,MG,MG,2018-03-09,2018-03-17,2018-03-18,41.34,62.78,9,8,1,1
ol_01709,sl_0001,SC,RJ,2018-03-09,2018-03-24,2018-03-25,38.69,74.36,16,15,1,1
ol_00330,sl_0014,SC,SP,2018-03-09,2018-03-14,2018-03-15,28.28,86.42,6,5,1,1
ol_00559,sl_0098,SC,SP,2018-03-09,2018-03-19,2018-03-17,35.49,52.01,8,10,-2,0
ol_01798,sl_0058,MG,RS,2018-03-09,2018-03-16,2018-03-17,37.39,154.79,8,7,1,1
ol_00701,sl_0041,SP,SP,2018-03-09,2018-03-22,2018-03-22,27.23,53.04,13,13,0,0
ol_01189,sl_0094,SP,MG,2018-03-10,2018-03-17,2018-03-15,24.01,55.22,5,7,-2,0
ol_00139,sl_0114,BA,SP,2018-03-10,2018-03-23,2018-03-24,30.45,71.12,14,13,1,1
ol_01040,sl_0090,SP,MG,2018-03-10,2018-03-17,2018-03-19,41.59,60.89,9,7,2,1
ol_00790,sl_0077,PR,SP,2018-03-10,2018-03-25,2018-03-23,33.68,34.19,13,15,-2,0
ol_00830,sl_0062,BA,SP,2018-03-10,2018-03-25,2018-03-26,29.9,64.51,16,15,1,1
ol_01276,sl_0046,SP,MG,2018-03-10,2018-03-19,2018-03-22,33.42,67.1,12,9,3,1
ol_00226,sl_0032,RJ,SP,2018-03-10,2018-03-15,2018-03-18,34.41,67.05,8,5,3,1
ol_00225,sl_0094,SP,SP,2018-03-10,2018-03-27,2018-03-30,34.24,176.74,20,17,3,1
ol_01473,sl_0061,SP,PE,2018-03-10,2018-03-25,2018-03-26,17.65,68.45,16,15,1,1
ol_01792,sl_0115,SP,RJ,2018-03-10,2018-03-17,2018-03-20,46.97,109.84,10,7,3,1
ol_01011,sl_0033,RJ,GO,2018-03-10,2018-03-20,2018-03-21,29.34,74.12,11,10,1,1
ol_00114,sl_0029,BA,RJ,2018-03-10,2018-03-20,2018-03-17,28.98,87.89,7,10,-3,0
ol_01419,sl_0073,SP,SP,2018-03-10,2018-03-24,2018-03-25,17.48,39.4,15,14,1,1
ol_00190,sl_0002,RJ,SP,2018-03-10,2018-03-26,2018-03-27,23.91,85.89,17,16,1,1
ol_00453,sl_0020,BA,SP,2018-03-10,2018-03-25,2018-03-26,28.8,55.38,16,15,1,1
ol_00483,sl_0089,SP,SP,2018-03-11,2018-03-22,2018-03-21,32.25,154.08,10,11,-1,0
ol_00622,sl_0006,SP,RJ,2018-03-11,2018-03-24,2018-03-23,21.12,84.1,12,13,-1,0
ol_01692,sl_0113,SP,RS,2018-03-11,2018-03-20,2018-03-17,21.57,61.96,6,9,-3,0
ol_00212,sl_0029,BA,SP,2018-03-11,2018-03-16,2018-03-15,42.46,137.35,4,5,-1,0
ol_01600,sl_0047,SP,PE,2018-03-11,2018-03-24,2018-03-24,31.12,90.03,13,13,0,0
ol_00444,sl_0040,SP,SP,2018-03-11,2018-03-19,2018-03-19,46.6,123.36,8,8,0,0
ol_00950,sl_0049,RJ,SP,2018-03-11,2018-03-25,2018-03-27,34.54,123.84,16,14,2,1
ol_00616,sl_0014,SP,SP,2018-03-11,2018-03-21,2018-03-20,36.01,51.58,9,10,-1,0
ol_01603,sl_0107,MG,BA,2018-03-11,2018-03-21,2018-03-22,31.83,49.73,11,10,1,1
ol_01873,sl_0117,SP,MG,2018-03-11,2018-03-18,2018-03-18,31.36,115.36,7,7,0,0
ol_00224,sl_0046,SP,SP,2018-03-12,2018-03-29,2018-03-29,40.44,87.23,17,17,0,0
ol_01777,sl_0029,MG,BA,2018-03-12,2018-03-22,2018-03-24,30.53,69.22,12,10,2,1
ol_01620,sl_0072,PR,MG,2018-03-12,2018-03-21,2018-03-22,39.47,103.74,10,9,1,1
ol_01519,sl_0009,SP,RS,2018-03-12,2018-03-19,2018-03-18,30.2,144.56,6,7,-1,0
ol_00443,sl_0042,MG,SP,2018-03-12,2018-03-23,2018-03-24,22.97,103.14,12,11,1,1
ol_00660,sl_0118,RJ,BA,2018-03-12,2018-03-17,2018-03-23,34.29,102.81,11,5,6,1
ol_00293,sl_0031,SP,SP,2018-03-12,2018-03-18,2018-03-19,28.79,69.32,7,6,1,1
ol_00015,sl_0046,RJ,SP,2018-03-12,2018-03-25,2018-03-26,32.53,83.95,14,13,1,1
ol_00653,sl_0060,SP,PE,2018-03-12,2018-03-21,2018-03-22,33.46,110.6,10,9,1,1
ol_00353,sl_0003,RJ,MG,2018-03-12,2018-03-23,2018-03-27,46.9,244.72,15,11,4,1
ol_00806,sl_0053,PR,RJ,2018-03-12,2018-03-17,2018-03-18,23.78,86.84,6,5,1,1
ol_00595,sl_0101,SP,SP,2018-03-13,2018-03-22,2018-03-25,29.54,81.96,12,9,3,1
ol_01936,sl_0025,PR,MG,2018-03-13,2018-03-28,2018-03-27,22.82,40.61,14,15,-1,0
ol_01290,sl_0047,SC,MG,2018-03-13,2018-03-29,2018-03-26,39.4,97.28,13,16,-3,0
ol_01297,sl_0005,MG,GO,2018-03-13,2018-03-24,2018-03-21,20.77,119.67,8,11,-3,0
ol_01778,sl_0090,SP,RS,2018-03-13,2018-03-20,2018-03-25,44.99,76.39,12,7,5,1
ol_00606,sl_0052,RJ,MG,2018-03-13,2018-03-28,2018-03-29,47.82,226.85,16,15,1,1
ol_01085,sl_0019,SP,SP,2018-03-13,2018-03-22,2018-03-25,30.72,74.23,12,9,3,1
ol_01196,sl_0009,MG,RS,2018-03-13,2018-03-19,2018-03-22,41.08,55.8,9,6,3,1
ol_01775,sl_0116,RJ,BA,2018-03-13,2018-03-21,2018-03-22,34.95,86.9,9,8,1,1
ol_01377,sl_0016,MG,SP,2018-03-13,2018-03-19,2018-03-17,22.52,123.86,4,6,-2,0
ol_00317,sl_0114,MG,SP,2018-03-13,2018-03-20,2018-03-18,28.87,118.56,5,7,-2,0
ol_01357,sl_0007,RJ,SP,2018-03-13,2018-03-27,2018-03-25,32.34,60.32,12,14,-2,0
ol_00357,sl_0100,RJ,PR,2018-03-13,2018-03-20,2018-03-16,27.98,46.96,3,7,-4,0
ol_01595,sl_0062,SP,PR,2018-03-13,2018-03-24,2018-03-22,26.61,81.28,9,11,-2,0
ol_01486,sl_0109,MG,MG,2018-03-14,2018-03-26,2018-03-30,36.43,58.56,16,12,4,1
ol_01972,sl_0088,SP,SP,2018-03-14,2018-03-19,2018-03-17,29.09,42.52,3,5,-2,0
ol_00136,sl_0103,SP,RS,2018-03-14,2018-03-25,2018-03-29,33.63,51.4,15,11,4,1
ol_00092,sl_0068,MG,SP,2018-03-14,2018-03-31,2018-03-31,38.72,100.35,17,17,0,0
ol_01665,sl_0031,RJ,SP,2018-03-14,2018-03-23,2018-03-25,40.64,119.87,11,9,2,1
ol_01601,sl_0006,SP,MG,2018-03-14,2018-03-22,2018-03-29,75.9,185.07,15,8,7,1
ol_00687,sl_0103,RJ,SP,2018-03-14,2018-03-27,2018-04-01,52.75,189.29,18,13,5,1
ol_00371,sl_0077,SP,SP,2018-03-14,2018-03-20,2018-03-22,36.58,118.59,8,6,2,1
ol_01049,sl_0039,SP,RJ,2018-03-14,2018-03-23,2018-03-23,32.58,52.63,9,9,0,0
ol_00165,sl_0037,SP,SP,2018-03-14,2018-03-30,2018-04-04,40.05,102.65,21,16,5,1
ol_00888,sl_0011,RJ,MG,2018-03-14,2018-03-23,2018-03-24,52.21,66.75,10,9,1,1
ol_00098,sl_0023,SP,SP,2018-03-14,2018-03-31,2018-04-03,45.4,92.68,20,17,3,1
ol_01498,sl_0066,MG,SP,2018-03-14,2018-03-20,2018-03-23,24.6,75.48,9,6,3,1
ol_01900,sl_0119,SC,RJ,2018-03-14,2018-03-23,2018-03-21,30.2,30.44,7,9,-2,0
ol_00192,sl_0093,RJ,PE,2018-03-14,2018-03-31,2018-04-06,41.96,65.8,23,17,6,1
ol_00612,sl_0025,SP,SP,2018-03-14,2018-03-27,2018-03-30,31.22,134.74,16,13,3,1
ol_00721,sl_0100,SP,SP,2018-03-15,2018-03-31,2018-04-02,29.71,143.1,18,16,2,1
ol_00464,sl_0018,BA,SP,2018-03-15,2018-03-29,2018-04-01,36.04,34.54,17,14,3,1
ol_01987,sl_0090,RJ,RJ,2018-03-15,2018-03-31,2018-04-05,38.27,154.5,21,16,5,1
ol_01896,sl_0076,SP,PE,2018-03-15,2018-03-20,2018-03-22,45.05,77.35,7,5,2,1
ol_01944,sl_0101,RJ,RJ,2018-03-15,2018-04-01,2018-03-30,34.02,92.94,15,17,-2,0
ol_00272,sl_0066,BA,PR,2018-03-15,2018-03-24,2018-03-24,25.38,78.56,9,9,0,0
ol_01387,sl_0046,RJ,RS,2018-03-15,2018-04-01,2018-04-03,33.55,71.5,19,17,2,1
ol_01710,sl_0080,RJ,SP,2018-03-15,2018-04-01,2018-04-01,24.93,71.62,17,17,0,0
ol_01678,sl_0076,SC,RJ,2018-03-15,2018-03-30,2018-03-31,20.71,126.81,16,15,1,1
ol_01253,sl_0104,RJ,MG,2018-03-16,2018-03-21,2018-03-19,27.15,77.81,3,5,-2,0
ol_01935,sl_0060,RJ,MG,2018-03-16,2018-04-02,2018-04-03,34.05,117.47,18,17,1,1
ol_00646,sl_0081,SP,PE,2018-03-16,2018-04-02,2018-04-03,33.41,62.7,18,17,1,1
ol_00831,sl_0080,SP,RJ,2018-03-16,2018-04-02,2018-04-06,39.23,50.74,21,17,4,1
ol_00026,sl_0080,BA,GO,2018-03-16,2018-03-27,2018-03-27,16.23,90.57,11,11,0,0
ol_00965,sl_0091,SC,SP,2018-03-16,2018-04-01,2018-04-02,34.2,32.79,17,16,1,1
ol_00442,sl_0041,PR,RJ,2018-03-16,2018-04-02,2018-04-05,36.58,84.43,20,17,3,1
ol_01811,sl_0093,BA,SP,2018-03-16,2018-03-27,2018-03-29,39.36,40.69,13,11,2,1
ol_01461,sl_0044,SP,SP,2018-03-16,2018-04-01,2018-04-04,49.39,177.13,19,16,3,1
ol_01994,sl_0042,RJ,BA,2018-03-16,2018-03-26,2018-03-30,29.63,71.71,14,10,4,1
ol_01849,sl_0009,BA,PR,2018-03-16,2018-03-22,2018-03-18,21.75,42.72,2,6,-4,0
ol_00723,sl_0061,SP,MG,2018-03-17,2018-03-27,2018-03-30,39.48,84.72,13,10,3,1
ol_01164,sl_0090,BA,PR,2018-03-17,2018-03-27,2018-03-29,28.38,201.37,12,10,2,1
ol_01542,sl_0064,BA,SP,2018-03-17,2018-03-22,2018-03-25,42.94,112.27,8,5,3,1
ol_01529,sl_0115,RJ,PR,2018-03-17,2018-04-03,2018-04-05,40.98,47.38,19,17,2,1
ol_01342,sl_0048,RJ,SP,2018-03-17,2018-03-23,2018-03-25,16.81,47.67,8,6,2,1
ol_01814,sl_0013,RJ,MG,2018-03-17,2018-04-01,2018-03-31,24.54,51.5,14,15,-1,0
ol_01155,sl_0023,MG,SP,2018-03-17,2018-03-28,2018-03-27,38.72,85.14,10,11,-1,0
ol_01886,sl_0092,RJ,PR,2018-03-17,2018-03-30,2018-04-01,12.07,63.23,15,13,2,1
ol_00145,sl_0002,RJ,SP,2018-03-18,2018-04-02,2018-04-01,35.42,47.24,14,15,-1,0
ol_00774,sl_0010,SP,RS,2018-03-18,2018-03-27,2018-03-28,51.72,140.76,10,9,1,1
ol_01795,sl_0075,RJ,SP,2018-03-18,2018-03-24,2018-03-25,37.84,72.09,7,6,1,1
ol_00081,sl_0083,SP,RJ,2018-03-18,2018-03-23,2018-03-25,31.72,57.8,7,5,2,1
ol_00851,sl_0007,SP,SP,2018-03-18,2018-04-01,2018-04-04,39.63,73.37,17,14,3,1
ol_00439,sl_0075,SC,GO,2018-03-18,2018-03-28,2018-04-03,27.27,63.82,16,10,6,1
ol_00574,sl_0111,MG,MG,2018-03-18,2018-03-30,2018-03-30,30.8,99.63,12,12,0,0
ol_01843,sl_0111,SP,RJ,2018-03-19,2018-03-25,2018-03-29,40.19,25.0,10,6,4,1
ol_01639,sl_0014,RJ,SP,2018-03-19,2018-03-30,2018-04-03,38.75,74.83,15,11,4,1
ol_01136,sl_0095,RJ,SP,2018-03-19,2018-04-02,2018-04-02,28.12,88.05,14,14,0,0
ol_01487,sl_0031,SP,PR,2018-03-19,2018-04-02,2018-04-02,41.9,81.42,14,14,0,0
ol_00041,sl_0058,SP,RJ,2018-03-19,2018-03-31,2018-04-01,40.56,31.63,13,12,1,1
ol_00001,sl_0032,PR,MG,2018-03-19,2018-03-24,2018-03-23,30.49,66.67,4,5,-1,0
ol_01853,sl_0082,RJ,SP,2018-03-19,2018-03-29,2018-03-30,29.04,136.86,11,10,1,1
ol_01707,sl_0075,PR,SP,2018-03-19,2018-04-04,2018-04-04,25.46,131.18,16,16,0,0
ol_01327,sl_0087,SP,BA,2018-03-19,2018-03-26,2018-03-26,53.8,59.96,7,7,0,0
ol_01708,sl_0022,MG,MG,2018-03-19,2018-03-31,2018-03-27,33.08,81.52,8,12,-4,0
ol_00144,sl_0071,SP,MG,2018-03-19,2018-04-04,2018-04-06,45.43,58.69,18,16,2,1
ol_01752,sl_0099,SP,MG,2018-03-19,2018-04-05,2018-04-05,39.76,106.97,17,17,0,0
ol_01381,sl_0004,SP,SP,2018-03-19,2018-03-26,2018-03-29,28.42,95.63,10,7,3,1
ol_00256,sl_0069,RJ,BA,2018-03-19,2018-03-30,2018-04-03,37.46,120.68,15,11,4,1
ol_00249,sl_0072,SP,RJ,2018-03-19,2018-04-05,2018-04-05,34.35,73.86,17,17,0,0
ol_00791,sl_0079,MG,RS,2018-03-20,2018-04-04,2018-04-06,34.81,85.6,17,15,2,1
ol_01062,sl_0071,SP,PR,2018-03-20,2018-03-30,2018-03-29,38.12,67.49,9,10,-1,0
ol_00332,sl_0058,SP,SP,2018-03-20,2018-03-27,2018-03-25,38.89,150.75,5,7,-2,0
ol_01536,sl_0058,SP,BA,2018-03-20,2018-04-06,2018-04-09,39.83,78.06,20,17,3,1
ol_01834,sl_0037,SP,MG,2018-03-20,2018-03-29,2018-03-29,30.2,87.46,9,9,0,0
ol_01260,sl_0112,MG,PR,2018-03-20,2018-04-06,2018-04-09,59.27,62.04,20,17,3,1
ol_00742,sl_0042,RJ,RS,2018-03-20,2018-03-25,2018-03-24,41.14,155.6,4,5,-1,0
ol_01048,sl_0072,BA,GO,2018-03-20,2018-04-04,2018-04-08,26.71,96.34,19,15,4,1
ol_01324,sl_0029,MG,SP,2018-03-20,2018-04-01,2018-04-06,56.51,49.65,17,12,5,1
ol_01854,sl_0085,BA,RS,2018-03-20,2018-04-06,2018-04-12,39.35,67.82,23,17,6,1
ol_01396,sl_0018,RJ,SP,2018-03-20,2018-03-26,2018-03-24,25.76,107.34,4,6,-2,0
ol_01813,sl_0064,SP,RJ,2018-03-21,2018-04-06,2018-04-05,33.43,129.86,15,16,-1,0
ol_00468,sl_0059,SP,RJ,2018-03-21,2018-04-01,2018-04-06,49.28,33.48,16,11,5,1
ol_01074,sl_0101,RJ,RJ,2018-03-21,2018-04-01,2018-04-10,103.98,96.0,20,11,9,1
ol_01642,sl_0021,SP,PR,2018-03-21,2018-03-26,2018-03-29,42.01,48.74,8,5,3,1
ol_01374,sl_0044,SP,PE,2018-03-21,2018-03-28,2018-03-29,46.11,59.68,8,7,1,1
ol_01888,sl_0014,SP,RS,2018-03-21,2018-04-05,2018-04-07,43.53,462.4,17,15,2,1
ol_00409,sl_0021,PR,BA,2018-03-21,2018-03-30,2018-04-02,32.68,100.74,12,9,3,1
ol_00882,sl_0070,RJ,RJ,2018-03-21,2018-03-27,2018-03-26,30.52,95.69,5,6,-1,0
ol_01061,sl_0066,PR,BA,2018-03-21,2018-04-02,2018-04-06,39.53,27.93,16,12,4,1
ol_00817,sl_0055,SP,SP,2018-03-21,2018-03-30,2018-03-26,34.72,131.11,5,9,-4,0
ol_00540,sl_0039,PR,GO,2018-03-21,2018-04-02,2018-04-03,25.6,98.42,13,12,1,1
ol_01961,sl_0038,SC,SP,2018-03-22,2018-04-08,2018-04-08,33.56,69.35,17,17,0,0
ol_00130,sl_0040,MG,PR,2018-03-22,2018-03-28,2018-03-29,27.76,69.24,7,6,1,1
ol_01428,sl_0105,SP,PR,2018-03-22,2018-03-30,2018-03-31,46.59,122.71,9,8,1,1
ol_00391,sl_0115,SP,PE,2018-03-22,2018-04-08,2018-04-09,25.2,64.34,18,17,1,1
ol_00702,sl_0061,SP,PR,2018-03-22,2018-04-05,2018-04-09,31.87,55.02,18,14,4,1
ol_00929,sl_0082,SP,BA,2018-03-22,2018-04-05,2018-04-06,25.54,44.81,15,14,1,1
ol_01791,sl_0097,SP,MG,2018-03-22,2018-04-08,2018-04-07,26.35,165.04,16,17,-1,0
ol_00863,sl_0085,RJ,SP,2018-03-22,2018-04-05,2018-04-05,31.54,25.0,14,14,0,0
ol_00901,sl_0032,SP,SP,2018-03-22,2018-04-01,2018-04-01,26.97,110.26,10,10,0,0
ol_00693,sl_0057,MG,MG,2018-03-22,2018-03-28,2018-03-30,34.72,72.41,8,6,2,1
ol_01129,sl_0006,PR,SP,2018-03-23,2018-04-03,2018-04-05,33.76,39.15,13,11,2,1
ol_01174,sl_0036,RJ,SP,2018-03-23,2018-04-09,2018-04-07,26.37,94.73,15,17,-2,0
ol_00187,sl_0036,MG,RJ,2018-03-23,2018-04-08,2018-04-06,35.48,95.95,14,16,-2,0
ol_01983,sl_0003,SC,PR,2018-03-23,2018-04-09,2018-04-10,37.77,205.52,18,17,1,1
ol_00765,sl_0030,SP,PE,2018-03-23,2018-04-02,2018-04-04,38.54,143.82,12,10,2,1
ol_01094,sl_0068,SP,RS,2018-03-23,2018-04-07,2018-04-05,29.35,109.65,13,15,-2,0
ol_01723,sl_0070,SC,PR,2018-03-23,2018-04-05,2018-04-07,37.52,134.12,15,13,2,1
ol_01053,sl_0030,SP,PR,2018-03-23,2018-04-06,2018-04-06,29.91,178.44,14,14,0,0
ol_01409,sl_0050,SP,BA,2018-03-23,2018-04-08,2018-04-10,48.98,152.28,18,16,2,1
ol_00772,sl_0087,SP,RS,2018-03-23,2018-04-05,2018-04-07,38.88,55.86,15,13,2,1
ol_00460,sl_0027,SP,RJ,2018-03-23,2018-04-06,2018-04-06,38.05,77.86,14,14,0,0
ol_01737,sl_0074,PR,SP,2018-03-23,2018-04-06,2018-04-11,46.63,72.58,19,14,5,1
ol_01169,sl_0017,SP,RJ,2018-03-23,2018-04-05,2018-04-06,29.35,160.86,14,13,1,1
ol_00650,sl_0103,SC,SP,2018-03-23,2018-03-29,2018-04-01,25.49,247.11,9,6,3,1
ol_00900,sl_0066,SP,RJ,2018-03-23,2018-04-03,2018-04-01,27.46,123.97,9,11,-2,0
ol_00151,sl_0030,SP,PE,2018-03-23,2018-04-07,2018-04-07,34.32,177.83,15,15,0,0
ol_00002,sl_0079,MG,MG,2018-03-23,2018-04-03,2018-04-01,35.71,25.68,9,11,-2,0
ol_00608,sl_0069,SP,SP,2018-03-23,2018-03-30,2018-03-30,36.33,68.65,7,7,0,0
ol_01406,sl_0062,RJ,SP,2018-03-24,2018-04-05,2018-04-04,41.06,91.11,11,12,-1,0
ol_01691,sl_0068,MG,RJ,2018-03-24,2018-04-09,2018-04-13,46.36,66.14,20,16,4,1
ol_01403,sl_0013,SP,BA,2018-03-24,2018-04-02,2018-04-03,28.83,89.06,10,9,1,1
ol_01523,sl_0072,PR,RJ,2018-03-24,2018-04-06,2018-04-15,155.72,33.6,22,13,9,1
ol_00538,sl_0112,RJ,PE,2018-03-24,2018-04-01,2018-04-02,35.95,90.37,9,8,1,1
ol_01245,sl_0058,SP,PR,2018-03-24,2018-04-06,2018-04-03,41.45,74.33,10,13,-3,0
ol_01653,sl_0049,SP,SP,2018-03-24,2018-04-03,2018-04-06,39.85,56.27,13,10,3,1
ol_01197,sl_0060,MG,RJ,2018-03-25,2018-03-30,2018-03-30,41.98,84.46,5,5,0,0
ol_00963,sl_0054,SP,GO,2018-03-25,2018-04-11,2018-04-15,31.87,85.78,21,17,4,1
ol_01343,sl_0053,SP,PR,2018-03-25,2018-04-10,2018-04-14,44.05,170.99,20,16,4,1
ol_01137,sl_0102,SP,SP,2018-03-25,2018-04-03,2018-04-07,41.15,71.8,13,9,4,1
ol_00521,sl_0082,SC,SP,2018-03-25,2018-04-03,2018-04-02,28.63,67.95,8,9,-1,0
ol_00620,sl_0025,PR,SP,2018-03-26,2018-04-07,2018-04-06,29.48,72.1,11,12,-1,0
ol_00518,sl_0008,SP,RJ,2018-03-26,2018-04-01,2018-03-31,29.47,58.82,5,6,-1,0
ol_01002,sl_0031,BA,PE,2018-03-26,2018-04-09,2018-04-14,43.2,121.3,19,14,5,1
ol_01921,sl_0063,RJ,PE,2018-03-26,2018-04-10,2018-04-15,37.65,162.15,20,15,5,1
ol_00697,sl_0071,RJ,PR,2018-03-26,2018-04-02,2018-04-02,23.21,55.82,7,7,0,0
ol_01367,sl_0116,PR,RJ,2018-03-26,2018-04-12,2018-04-13,32.3,57.36,18,17,1,1
ol_00039,sl_0070,RJ,RS,2018-03-26,2018-04-01,2018-04-06,47.78,70.12,11,6,5,1
ol_01832,sl_0036,SP,RJ,2018-03-26,2018-04-10,2018-04-12,35.59,55.82,17,15,2,1
ol_00269,sl_0088,RJ,SP,2018-03-26,2018-03-31,2018-04-01,25.3,52.74,6,5,1,1
ol_01242,sl_0082,SC,SP,2018-03-26,2018-04-10,2018-04-08,41.46,40.44,13,15,-2,0
ol_00276,sl_0063,SP,BA,2018-03-26,2018-04-06,2018-04-11,41.73,70.44,16,11,5,1
ol_01238,sl_0001,MG,BA,2018-03-26,2018-04-08,2018-04-11,21.12,81.74,16,13,3,1
ol_00613,sl_0066,MG,PE,2018-03-27,2018-04-08,2018-04-11,43.17,184.58,15,12,3,1
ol_00366,sl_0106,SP,RJ,2018-03-27,2018-04-12,2018-04-11,7.0,40.32,15,16,-1,0
ol_00890,sl_0029,SP,BA,2018-03-27,2018-04-05,2018-04-05,32.27,75.62,9,9,0,0
ol_01958,sl_0112,SP,SP,2018-03-27,2018-04-13,2018-04-10,43.57,58.46,14,17,-3,0
ol_01218,sl_0066,RJ,MG,2018-03-27,2018-04-07,2018-04-07,25.12,90.67,11,11,0,0
ol_00295,sl_0036,SP,PR,2018-03-27,2018-04-01,2018-03-31,42.8,64.62,4,5,-1,0
ol_01026,sl_0010,BA,SP,2018-03-27,2018-04-11,2018-04-11,11.2,95.89,15,15,0,0
ol_01882,sl_0050,SC,RS,2018-03-27,2018-04-01,2018-04-03,31.06,36.24,7,5,2,1
ol_01179,sl_0091,SP,GO,2018-03-27,2018-04-07,2018-04-24,106.86,44.84,28,11,17,1
ol_00278,sl_0029,SP,MG,2018-03-27,2018-04-08,2018-04-09,37.23,74.56,13,12,1,1
ol_01839,sl_0079,SP,PR,2018-03-27,2018-04-12,2018-04-08,29.02,134.38,12,16,-4,0
ol_01501,sl_0024,PR,MG,2018-03-28,2018-04-09,2018-04-11,37.29,25.94,14,12,2,1
ol_01731,sl_0023,MG,RS,2018-03-28,2018-04-07,2018-04-08,36.61,83.39,11,10,1,1
ol_01693,sl_0107,RJ,SP,2018-03-28,2018-04-07,2018-04-07,30.64,125.14,10,10,0,0
ol_01774,sl_0063,PR,SP,2018-03-28,2018-04-13,2018-04-12,34.44,112.65,15,16,-1,0
ol_00663,sl_0103,PR,RS,2018-03-28,2018-04-08,2018-04-13,43.62,57.24,16,11,5,1
ol_01474,sl_0002,BA,MG,2018-03-28,2018-04-07,2018-04-08,39.56,99.9,11,10,1,1
ol_01433,sl_0035,MG,RS,2018-03-28,2018-04-09,2018-04-14,42.26,90.06,17,12,5,1
ol_01640,sl_0027,SP,MG,2018-03-28,2018-04-04,2018-04-04,16.15,77.55,7,7,0,0
ol_00258,sl_0088,SP,SP,2018-03-28,2018-04-10,2018-04-07,18.23,82.71,10,13,-3,0
ol_01056,sl_0086,MG,BA,2018-03-28,2018-04-10,2018-04-10,25.55,122.47,13,13,0,0
ol_01417,sl_0061,RJ,MG,2018-03-28,2018-04-12,2018-04-23,115.46,86.6,26,15,11,1
ol_00034,sl_0075,SP,PR,2018-03-28,2018-04-02,2018-04-03,41.15,70.48,6,5,1,1
ol_00686,sl_0088,SP,GO,2018-03-28,2018-04-03,2018-04-04,21.85,99.81,7,6,1,1
ol_01662,sl_0050,SP,SP,2018-03-29,2018-04-14,2018-04-16,34.6,139.06,18,16,2,1
ol_00691,sl_0003,MG,SP,2018-03-29,2018-04-06,2018-04-07,31.53,115.42,9,8,1,1
ol_00176,sl_0108,MG,PR,2018-03-29,2018-04-04,2018-04-04,29.91,72.23,6,6,0,0
ol_01531,sl_0018,RJ,RS,2018-03-29,2018-04-11,2018-04-10,29.95,116.58,12,13,-1,0
ol_00489,sl_0112,RJ,GO,2018-03-29,2018-04-08,2018-04-11,29.14,117.94,13,10,3,1
ol_01205,sl_0030,RJ,SP,2018-03-29,2018-04-10,2018-04-10,28.32,42.82,12,12,0,0
ol_01317,sl_0025,RJ,SP,2018-03-29,2018-04-03,2018-04-02,38.05,189.7,4,5,-1,0
ol_00383,sl_0090,RJ,MG,2018-03-29,2018-04-10,2018-04-12,38.72,88.5,14,12,2,1
ol_01394,sl_0055,SP,SP,2018-03-29,2018-04-14,2018-04-18,37.37,105.73,20,16,4,1
ol_01719,sl_0042,SP,RJ,2018-03-29,2018-04-08,2018-04-06,24.14,78.56,8,10,-2,0
ol_00338,sl_0085,SP,GO,2018-03-29,2018-04-07,2018-04-08,35.47,53.64,10,9,1,1
ol_01596,sl_0031,SP,SP,2018-03-29,2018-04-03,2018-04-03,42.11,59.55,5,5,0,0
ol_01951,sl_0032,SP,MG,2018-03-29,2018-04-10,2018-04-08,23.64,94.5,10,12,-2,0
ol_00536,sl_0015,SP,RJ,2018-03-30,2018-04-11,2018-04-10,42.09,58.3,11,12,-1,0
ol_01108,sl_0091,SP,SP,2018-03-30,2018-04-16,2018-04-11,23.7,35.98,12,17,-5,0
ol_01023,sl_0063,SP,SP,2018-03-30,2018-04-11,2018-04-10,31.12,69.25,11,12,-1,0
ol_00894,sl_0027,SP,SP,2018-03-30,2018-04-15,2018-04-14,40.86,87.53,15,16,-1,0
ol_01683,sl_0088,SP,BA,2018-03-30,2018-04-08,2018-04-10,30.46,59.01,11,9,2,1
ol_01219,sl_0088,MG,RJ,2018-03-30,2018-04-15,2018-04-17,33.24,62.51,18,16,2,1
ol_01141,sl_0102,SP,MG,2018-03-30,2018-04-08,2018-04-09,29.02,138.6,10,9,1,1
ol_01761,sl_0022,MG,PR,2018-03-30,2018-04-08,2018-04-07,37.3,117.54,8,9,-1,0
ol_00163,sl_0075,SP,RJ,2018-03-30,2018-04-09,2018-04-11,33.6,120.84,12,10,2,1
ol_01667,sl_0115,MG,MG,2018-03-30,2018-04-16,2018-04-17,20.14,81.96,18,17,1,1
ol_00412,sl_0044,SP,SP,2018-03-30,2018-04-07,2018-04-05,43.72,69.75,6,8,-2,0
ol_01035,sl_0018,SP,SP,2018-03-31,2018-04-06,2018-04-09,33.27,112.27,9,6,3,1
ol_01963,sl_0081,SC,SP,2018-03-31,2018-04-10,2018-04-12,37.8,61.81,12,10,2,1
ol_01909,sl_0106,SC,SP,2018-03-31,2018-04-14,2018-04-14,32.54,97.3,14,14,0,0
ol_00566,sl_0102,RJ,PE,2018-03-31,2018-04-16,2018-04-21,36.69,100.53,21,16,5,1
ol_01638,sl_0037,BA,RJ,2018-03-31,2018-04-16,2018-04-16,28.01,113.17,16,16,0,0
ol_01511,sl_0104,BA,MG,2018-03-31,2018-04-10,2018-04-08,36.68,108.49,8,10,-2,0
ol_00526,sl_0047,MG,RJ,2018-03-31,2018-04-05,2018-04-06,23.23,65.24,6,5,1,1
ol_00696,sl_0020,SP,RJ,2018-03-31,2018-04-17,2018-04-15,24.15,54.97,15,17,-2,0
ol_01783,sl_0026,BA,SP,2018-03-31,2018-04-17,2018-04-20,40.77,273.97,20,17,3,1
ol_01055,sl_0024,SP,PR,2018-03-31,2018-04-16,2018-04-17,15.26,57.76,17,16,1,1
ol_01399,sl_0061,SC,MG,2018-03-31,2018-04-09,2018-04-08,34.38,115.62,8,9,-1,0
ol_00644,sl_0058,SC,SP,2018-04-01,2018-04-09,2018-04-11,32.25,102.06,10,8,2,1
ol_01661,sl_0069,SP,RJ,2018-04-01,2018-04-14,2018-04-15,22.18,143.73,14,13,1,1
ol_00095,sl_0055,SC,MG,2018-04-01,2018-04-15,2018-04-17,27.12,26.47,16,14,2,1
ol_00628,sl_0097,SP,RS,2018-04-01,2018-04-07,2018-04-09,32.26,125.93,8,6,2,1
ol_00470,sl_0026,SP,MG,2018-04-01,2018-04-15,2018-04-15,44.6,77.11,14,14,0,0
ol_00436,sl_0024,SP,PR,2018-04-01,2018-04-12,2018-04-13,37.94,83.32,12,11,1,1
ol_01954,sl_0101,BA,SP,2018-04-02,2018-04-07,2018-04-06,33.84,79.58,4,5,-1,0
ol_00549,sl_0035,MG,SP,2018-04-02,2018-04-13,2018-04-11,29.74,86.51,9,11,-2,0
ol_01634,sl_0102,RJ,SP,2018-04-02,2018-04-11,2018-04-10,19.29,97.11,8,9,-1,0
ol_01757,sl_0096,RJ,SP,2018-04-02,2018-04-07,2018-04-09,36.74,25.0,7,5,2,1
ol_00827,sl_0033,RJ,MG,2018-04-02,2018-04-18,2018-04-20,31.07,220.32,18,16,2,1
ol_01755,sl_0079,SP,RJ,2018-04-02,2018-04-08,2018-04-09,29.23,42.14,7,6,1,1
ol_00915,sl_0094,MG,SP,2018-04-02,2018-04-14,2018-04-15,35.84,29.44,13,12,1,1
ol_00296,sl_0002,SP,RJ,2018-04-02,2018-04-17,2018-04-20,42.43,42.84,18,15,3,1
ol_00372,sl_0026,SP,PE,2018-04-02,2018-04-13,2018-04-17,29.39,119.61,15,11,4,1
ol_00021,sl_0007,RJ,BA,2018-04-02,2018-04-08,2018-04-09,23.62,57.27,7,6,1,1
ol_00509,sl_0040,SP,GO,2018-04-02,2018-04-08,2018-04-07,28.97,144.09,5,6,-1,0
ol_01957,sl_0101,SP,RJ,2018-04-03,2018-04-16,2018-04-20,36.83,88.27,17,13,4,1
ol_00856,sl_0078,PR,RS,2018-04-03,2018-04-10,2018-04-09,28.46,68.2,6,7,-1,0
ol_00420,sl_0043,SP,RS,2018-04-03,2018-04-13,2018-04-13,29.96,77.75,10,10,0,0
ol_00378,sl_0044,RJ,MG,2018-04-03,2018-04-08,2018-04-08,38.06,165.58,5,5,0,0
ol_01483,sl_0004,RJ,RJ,2018-04-03,2018-04-19,2018-04-20,33.23,46.13,17,16,1,1
ol_01269,sl_0119,SP,MG,2018-04-03,2018-04-18,2018-04-23,30.91,83.87,20,15,5,1
ol_01939,sl_0007,RJ,SP,2018-04-03,2018-04-16,2018-04-18,22.05,81.52,15,13,2,1
ol_01762,sl_0040,MG,RS,2018-04-03,2018-04-12,2018-04-13,20.65,95.74,10,9,1,1
ol_01079,sl_0017,BA,PE,2018-04-03,2018-04-09,2018-04-10,30.03,66.53,7,6,1,1
ol_01467,sl_0034,SP,RJ,2018-04-03,2018-04-13,2018-04-12,32.09,86.85,9,10,-1,0
ol_01841,sl_0069,SC,GO,2018-04-03,2018-04-15,2018-04-18,32.53,82.72,15,12,3,1
ol_01425,sl_0101,SP,MG,2018-04-04,2018-04-11,2018-04-15,40.23,56.75,11,7,4,1
ol_01142,sl_0079,SP,PR,2018-04-04,2018-04-12,2018-04-12,31.39,79.64,8,8,0,0
ol_01423,sl_0077,RJ,SP,2018-04-04,2018-04-17,2018-04-20,11.26,248.71,16,13,3,1
ol_00986,sl_0086,SP,PR,2018-04-04,2018-04-20,2018-04-19,25.13,69.19,15,16,-1,0
ol_00657,sl_0025,SC,SP,2018-04-04,2018-04-12,2018-04-11,26.69,66.28,7,8,-1,0
ol_00951,sl_0026,RJ,MG,2018-04-04,2018-04-18,2018-04-20,30.49,57.11,16,14,2,1
ol_00174,sl_0097,MG,BA,2018-04-04,2018-04-10,2018-04-08,25.77,98.24,4,6,-2,0
ol_01488,sl_0018,MG,GO,2018-04-04,2018-04-10,2018-04-09,33.47,117.68,5,6,-1,0
ol_01652,sl_0035,RJ,RS,2018-04-04,2018-04-12,2018-04-16,32.29,34.54,12,8,4,1
ol_01081,sl_0104,SP,BA,2018-04-05,2018-04-17,2018-04-21,32.49,75.35,16,12,4,1
ol_00331,sl_0103,SP,BA,2018-04-05,2018-04-19,2018-04-23,31.1,165.59,18,14,4,1
ol_01740,sl_0024,SP,RJ,2018-04-05,2018-04-14,2018-04-13,32.47,150.07,8,9,-1,0
ol_01296,sl_0085,SP,SP,2018-04-05,2018-04-14,2018-04-16,44.39,128.72,11,9,2,1
ol_00586,sl_0067,RJ,BA,2018-04-05,2018-04-11,2018-04-11,28.76,95.68,6,6,0,0
ol_00414,sl_0011,PR,RS,2018-04-05,2018-04-17,2018-04-20,18.21,158.68,15,12,3,1
ol_00577,sl_0093,RJ,RS,2018-04-05,2018-04-20,2018-04-24,56.07,121.76,19,15,4,1
ol_00454,sl_0023,SC,RS,2018-04-05,2018-04-14,2018-04-16,33.51,99.32,11,9,2,1
ol_00557,sl_0069,RJ,MG,2018-04-05,2018-04-21,2018-04-24,45.3,57.27,19,16,3,1
ol_01887,sl_0052,MG,MG,2018-04-05,2018-04-21,2018-04-21,30.06,192.8,16,16,0,0
ol_00885,sl_0004,PR,MG,2018-04-05,2018-04-15,2018-04-13,37.22,45.55,8,10,-2,0
ol_00673,sl_0019,SP,MG,2018-04-06,2018-04-23,2018-04-20,29.95,81.78,14,17,-3,0
ol_00495,sl_0118,RJ,SP,2018-04-06,2018-04-18,2018-04-18,17.01,99.03,12,12,0,0
ol_00220,sl_0044,SP,RS,2018-04-06,2018-04-16,2018-04-15,44.86,118.07,9,10,-1,0
ol_01431,sl_0015,SP,BA,2018-04-06,2018-04-21,2018-04-21,24.8,157.71,15,15,0,0
ol_00222,sl_0077,RJ,SP,2018-04-06,2018-04-16,2018-04-16,41.32,241.73,10,10,0,0
ol_01550,sl_0075,MG,SP,2018-04-06,2018-04-14,2018-04-18,46.71,129.8,12,8,4,1
ol_00516,sl_0010,RJ,RS,2018-04-06,2018-04-11,2018-04-13,44.29,53.08,7,5,2,1
ol_00321,sl_0085,MG,SP,2018-04-07,2018-04-24,2018-04-21,33.49,103.89,14,17,-3,0
ol_00385,sl_0072,MG,SP,2018-04-07,2018-04-16,2018-04-18,26.95,142.93,11,9,2,1
ol_00705,sl_0037,RJ,SP,2018-04-07,2018-04-17,2018-04-19,45.95,48.29,12,10,2,1
ol_01033,sl_0005,SP,BA,2018-04-07,2018-04-16,2018-04-20,32.36,58.39,13,9,4,1
ol_01703,sl_0092,SP,RJ,2018-04-07,2018-04-22,2018-04-22,21.53,39.93,15,15,0,0
ol_01257,sl_0064,PR,RS,2018-04-07,2018-04-16,2018-04-20,38.38,66.89,13,9,4,1
ol_00624,sl_0001,SP,RJ,2018-04-07,2018-04-15,2018-04-13,20.18,66.35,6,8,-2,0
ol_00633,sl_0068,SC,SP,2018-04-07,2018-04-15,2018-04-17,44.26,93.43,10,8,2,1
ol_00062,sl_0108,SP,BA,2018-04-07,2018-04-12,2018-04-13,24.25,70.2,6,5,1,1
ol_00348,sl_0075,SP,SP,2018-04-07,2018-04-14,2018-04-19,45.43,141.41,12,7,5,1
ol_00356,sl_0065,BA,RS,2018-04-07,2018-04-12,2018-04-17,38.8,33.92,10,5,5,1
ol_01852,sl_0066,RJ,PE,2018-04-07,2018-04-22,2018-04-25,48.33,153.22,18,15,3,1
ol_00786,sl_0008,SP,PR,2018-04-07,2018-04-22,2018-04-25,32.87,76.32,18,15,3,1
ol_01426,sl_0007,PR,BA,2018-04-08,2018-04-19,2018-04-22,33.02,50.62,14,11,3,1
ol_00893,sl_0021,SP,BA,2018-04-08,2018-04-20,2018-04-19,36.27,66.11,11,12,-1,0
ol_00773,sl_0091,SP,SP,2018-04-08,2018-04-18,2018-04-17,26.1,118.01,9,10,-1,0
ol_01309,sl_0046,RJ,RJ,2018-04-08,2018-04-15,2018-04-17,40.11,75.77,9,7,2,1
ol_01927,sl_0090,PR,BA,2018-04-08,2018-04-19,2018-04-21,39.66,115.42,13,11,2,1
ol_01348,sl_0032,SP,SP,2018-04-08,2018-04-24,2018-04-25,34.26,109.55,17,16,1,1
ol_00629,sl_0050,SP,GO,2018-04-08,2018-04-23,2018-04-27,42.2,317.15,19,15,4,1
ol_01807,sl_0026,SP,SP,2018-04-08,2018-04-24,2018-04-23,34.73,70.71,15,16,-1,0
ol_01140,sl_0102,SP,PR,2018-04-08,2018-04-24,2018-04-23,26.24,62.44,15,16,-1,0
ol_00079,sl_0037,SP,SP,2018-04-08,2018-04-23,2018-04-21,57.3,253.65,13,15,-2,0
ol_00746,sl_0079,PR,RJ,2018-04-08,2018-04-15,2018-04-15,45.25,99.28,7,7,0,0
ol_01223,sl_0019,SP,PR,2018-04-09,2018-04-24,2018-04-24,30.39,140.21,15,15,0,0
ol_00532,sl_0070,SP,SP,2018-04-09,2018-04-20,2018-04-17,22.18,36.27,8,11,-3,0
ol_01836,sl_0092,SP,SP,2018-04-09,2018-04-20,2018-04-20,29.55,54.91,11,11,0,0
ol_00648,sl_0109,RJ,GO,2018-04-09,2018-04-24,2018-04-24,42.03,164.86,15,15,0,0
ol_01537,sl_0035,SC,SP,2018-04-09,2018-04-14,2018-04-13,35.05,45.59,4,5,-1,0
ol_00313,sl_0030,SP,RS,2018-04-09,2018-04-26,2018-04-26,36.74,90.7,17,17,0,0
ol_01294,sl_0013,SP,SP,2018-04-09,2018-04-23,2018-04-22,36.07,43.63,13,14,-1,0
ol_00934,sl_0083,SP,SP,2018-04-09,2018-04-16,2018-04-18,49.33,67.1,9,7,2,1
ol_01970,sl_0044,BA,SP,2018-04-10,2018-04-23,2018-04-22,44.9,153.47,12,13,-1,0
ol_01336,sl_0096,SC,RJ,2018-04-10,2018-04-21,2018-04-21,34.98,152.34,11,11,0,0
ol_00037,sl_0073,SP,SP,2018-04-10,2018-04-19,2018-04-19,41.02,51.79,9,9,0,0
ol_00084,sl_0018,RJ,BA,2018-04-10,2018-04-20,2018-04-21,30.73,37.91,11,10,1,1
ol_00064,sl_0114,MG,MG,2018-04-10,2018-04-27,2018-04-22,31.74,179.67,12,17,-5,0
ol_01180,sl_0104,SP,RS,2018-04-10,2018-04-27,2018-05-01,48.53,60.5,21,17,4,1
ol_00879,sl_0100,SP,PR,2018-04-10,2018-04-20,2018-04-19,19.11,33.47,9,10,-1,0
ol_01017,sl_0097,RJ,RJ,2018-04-10,2018-04-16,2018-04-16,39.96,132.67,6,6,0,0
ol_01110,sl_0091,SP,SP,2018-04-10,2018-04-22,2018-04-21,23.41,95.11,11,12,-1,0
ol_00416,sl_0063,SP,SP,2018-04-10,2018-04-23,2018-04-25,26.67,102.2,15,13,2,1
ol_00875,sl_0044,SP,SP,2018-04-10,2018-04-27,2018-04-30,49.81,41.45,20,17,3,1
ol_00824,sl_0050,SP,PR,2018-04-10,2018-04-24,2018-04-29,39.63,150.01,19,14,5,1
ol_00822,sl_0070,BA,RJ,2018-04-10,2018-04-20,2018-04-20,44.05,171.25,10,10,0,0
ol_01481,sl_0054,MG,PR,2018-04-11,2018-04-16,2018-04-18,16.98,56.67,7,5,2,1
ol_01193,sl_0102,PR,SP,2018-04-11,2018-04-20,2018-04-21,47.74,116.84,10,9,1,1
ol_01386,sl_0105,SP,PR,2018-04-11,2018-04-20,2018-04-19,21.7,117.36,8,9,-1,0
ol_01114,sl_0009,SC,PE,2018-04-11,2018-04-18,2018-04-19,39.09,150.85,8,7,1,1
ol_01580,sl_0096,MG,MG,2018-04-11,2018-04-26,2018-04-26,31.26,42.11,15,15,0,0
ol_00764,sl_0038,SP,RJ,2018-04-11,2018-04-23,2018-04-25,34.12,194.14,14,12,2,1
ol_00160,sl_0006,RJ,SP,2018-04-11,2018-04-22,2018-04-21,16.12,50.46,10,11,-1,0
ol_00735,sl_0063,MG,RJ,2018-04-11,2018-04-21,2018-04-20,16.05,78.33,9,10,-1,0
ol_00354,sl_0086,SP,RJ,2018-04-11,2018-04-26,2018-04-27,29.99,56.44,16,15,1,1
ol_01077,sl_0069,SP,GO,2018-04-11,2018-04-19,2018-04-18,32.03,223.18,7,8,-1,0
ol_00407,sl_0049,MG,BA,2018-04-11,2018-04-16,2018-04-18,45.88,124.95,7,5,2,1
ol_00418,sl_0025,RJ,GO,2018-04-11,2018-04-21,2018-04-25,36.34,71.57,14,10,4,1
ol_01747,sl_0067,BA,SP,2018-04-11,2018-04-21,2018-04-19,43.88,65.55,8,10,-2,0
ol_01805,sl_0063,SP,RS,2018-04-11,2018-04-21,2018-04-23,31.87,62.12,12,10,2,1
ol_00201,sl_0040,SP,PE,2018-04-12,2018-04-24,2018-04-23,15.21,119.71,11,12,-1,0
ol_00878,sl_0008,SP,SP,2018-04-12,2018-04-26,2018-04-30,31.94,58.82,18,14,4,1
ol_01150,sl_0058,SP,BA,2018-04-12,2018-04-27,2018-04-27,35.72,65.38,15,15,0,0
ol_01438,sl_0115,SP,SP,2018-04-12,2018-04-25,2018-04-22,36.37,35.2,10,13,-3,0
ol_00834,sl_0046,SP,SP,2018-04-12,2018-04-17,2018-04-19,32.69,94.22,7,5,2,1
ol_00529,sl_0119,RJ,GO,2018-04-12,2018-04-25,2018-04-28,41.67,85.66,16,13,3,1
ol_01283,sl_0097,SP,RS,2018-04-12,2018-04-26,2018-04-29,41.16,57.47,17,14,3,1
ol_01068,sl_0019,SP,SP,2018-04-12,2018-04-24,2018-04-24,21.62,63.7,12,12,0,0
ol_01128,sl_0118,RJ,SP,2018-04-12,2018-04-18,2018-04-17,42.47,132.95,5,6,-1,0
ol_00040,sl_0019,SP,RS,2018-04-12,2018-04-23,2018-04-27,43.15,51.21,15,11,4,1
ol_01725,sl_0086,RJ,MG,2018-04-12,2018-04-24,2018-04-20,38.0,86.98,8,12,-4,0
ol_00707,sl_0044,SP,SP,2018-04-12,2018-04-26,2018-04-27,49.03,93.13,15,14,1,1
ol_01658,sl_0064,SC,RJ,2018-04-12,2018-04-25,2018-04-25,37.95,87.23,13,13,0,0
ol_00012,sl_0034,SP,RJ,2018-04-12,2018-04-26,2018-04-23,30.87,59.4,11,14,-3,0
ol_00387,sl_0002,RJ,RJ,2018-04-13,2018-04-19,2018-04-20,32.29,93.48,7,6,1,1
ol_00060,sl_0071,MG,SP,2018-04-13,2018-04-29,2018-04-30,38.21,74.65,17,16,1,1
ol_00826,sl_0069,SC,SP,2018-04-13,2018-04-28,2018-04-25,36.02,121.79,12,15,-3,0
ol_00848,sl_0016,SP,RJ,2018-04-13,2018-04-25,2018-04-23,41.91,130.17,10,12,-2,0
ol_00487,sl_0048,SP,RS,2018-04-13,2018-04-21,2018-04-25,32.73,40.81,12,8,4,1
ol_00564,sl_0106,SP,SP,2018-04-13,2018-04-26,2018-04-24,28.97,259.4,11,13,-2,0
ol_01898,sl_0107,SP,SP,2018-04-13,2018-04-27,2018-04-27,37.31,49.49,14,14,0,0
ol_00118,sl_0100,MG,MG,2018-04-13,2018-04-30,2018-05-03,22.22,34.7,20,17,3,1
ol_01999,sl_0009,SP,SP,2018-04-13,2018-04-23,2018-04-26,35.56,78.9,13,10,3,1
ol_01046,sl_0045,SP,RJ,2018-04-13,2018-04-27,2018-04-29,38.94,25.0,16,14,2,1
ol_01567,sl_0024,SP,BA,2018-04-14,2018-04-27,2018-04-30,33.55,96.44,16,13,3,1
ol_00949,sl_0037,SP,RJ,2018-04-14,2018-04-24,2018-04-26,28.41,291.81,12,10,2,1
ol_01518,sl_0065,SP,PR,2018-04-14,2018-04-20,2018-04-17,33.06,80.63,3,6,-3,0
ol_01380,sl_0004,SP,MG,2018-04-14,2018-04-29,2018-04-30,33.64,139.61,16,15,1,1
ol_00874,sl_0101,PR,BA,2018-04-14,2018-04-26,2018-04-29,35.81,33.93,15,12,3,1
ol_00668,sl_0012,BA,SP,2018-04-14,2018-04-22,2018-04-25,29.37,178.23,11,8,3,1
ol_01729,sl_0083,SP,SP,2018-04-15,2018-05-01,2018-04-30,39.31,48.04,15,16,-1,0
ol_01435,sl_0009,RJ,SP,2018-04-15,2018-04-27,2018-04-30,41.48,154.46,15,12,3,1
ol_01263,sl_0037,SP,RS,2018-04-15,2018-04-27,2018-04-28,35.05,68.35,13,12,1,1
ol_01976,sl_0078,SP,MG,2018-04-15,2018-04-26,2018-04-25,25.7,202.4,10,11,-1,0
ol_00815,sl_0097,RJ,RJ,2018-04-15,2018-04-23,2018-04-20,26.65,102.4,5,8,-3,0
ol_01452,sl_0054,MG,SP,2018-04-15,2018-04-28,2018-04-29,22.35,87.93,14,13,1,1
ol_01646,sl_0101,SC,SP,2018-04-15,2018-05-01,2018-04-29,27.66,85.93,14,16,-2,0
ol_00125,sl_0118,SP,SP,2018-04-15,2018-04-28,2018-04-26,35.99,88.38,11,13,-2,0
ol_01469,sl_0088,PR,MG,2018-04-15,2018-04-30,2018-04-29,29.61,90.06,14,15,-1,0
ol_01738,sl_0074,SP,PE,2018-04-15,2018-05-02,2018-05-05,40.42,246.67,20,17,3,1
ol_00389,sl_0078,MG,SP,2018-04-15,2018-04-24,2018-04-26,36.92,104.04,11,9,2,1
ol_01450,sl_0082,SC,SP,2018-04-15,2018-04-26,2018-04-28,45.29,100.92,13,11,2,1
ol_00853,sl_0054,SP,SP,2018-04-16,2018-05-02,2018-05-04,54.83,59.01,18,16,2,1
ol_01057,sl_0093,SP,RJ,2018-04-16,2018-04-29,2018-04-30,29.11,100.05,14,13,1,1
ol_01689,sl_0052,SP,GO,2018-04-16,2018-04-24,2018-04-29,47.36,199.31,13,8,5,1
ol_01301,sl_0029,MG,BA,2018-04-16,2018-04-24,2018-04-28,47.86,211.22,12,8,4,1
ol_01581,sl_0044,MG,SP,2018-04-16,2018-04-30,2018-04-29,36.38,52.52,13,14,-1,0
ol_01121,sl_0030,MG,RJ,2018-04-16,2018-05-01,2018-04-29,27.27,47.51,13,15,-2,0
ol_01753,sl_0094,MG,SP,2018-04-16,2018-04-25,2018-04-30,41.52,108.7,14,9,5,1
ol_01515,sl_0056,RJ,RJ,2018-04-16,2018-04-30,2018-04-30,32.36,79.49,14,14,0,0
ol_00676,sl_0070,SP,PE,2018-04-16,2018-04-28,2018-04-30,34.62,50.94,14,12,2,1
ol_01429,sl_0111,RJ,SP,2018-04-16,2018-04-22,2018-04-21,36.26,155.35,5,6,-1,0
ol_00166,sl_0017,BA,SP,2018-04-16,2018-04-24,2018-04-25,29.02,90.92,9,8,1,1
ol_01907,sl_0072,BA,RJ,2018-04-16,2018-05-01,2018-05-03,22.29,174.97,17,15,2,1
ol_01243,sl_0118,MG,RS,2018-04-16,2018-04-27,2018-05-03,44.57,145.06,17,11,6,1
ol_01664,sl_0006,PR,MG,2018-04-16,2018-04-27,2018-04-29,26.35,84.34,13,11,2,1
ol_00759,sl_0055,SC,MG,2018-04-16,2018-05-03,2018-05-07,45.39,88.83,21,17,4,1
ol_00075,sl_0010,MG,SP,2018-04-17,2018-04-26,2018-04-25,30.44,84.12,8,9,-1,0
ol_00122,sl_0021,SP,BA,2018-04-17,2018-04-26,2018-04-30,29.81,89.54,13,9,4,1
ol_00659,sl_0089,SP,SP,2018-04-17,2018-04-23,2018-04-26,21.12,120.75,9,6,3,1
ol_00741,sl_0083,SP,GO,2018-04-17,2018-05-04,2018-05-10,35.7,94.69,23,17,6,1
ol_01475,sl_0040,SP,MG,2018-04-17,2018-05-01,2018-05-02,35.36,36.07,15,14,1,1
ol_01184,sl_0057,SP,SP,2018-04-17,2018-05-02,2018-05-01,32.8,53.46,14,15,-1,0
ol_01465,sl_0057,BA,RS,2018-04-17,2018-04-24,2018-04-22,61.49,68.26,5,7,-2,0
ol_01275,sl_0023,RJ,SP,2018-04-17,2018-04-29,2018-04-27,30.14,56.71,10,12,-2,0
ol_00194,sl_0025,BA,BA,2018-04-17,2018-04-24,2018-04-29,49.94,61.46,12,7,5,1
ol_00351,sl_0056,SP,PE,2018-04-17,2018-05-03,2018-05-07,37.14,46.64,20,16,4,1
ol_00261,sl_0034,SP,PR,2018-04-17,2018-04-29,2018-04-26,32.06,92.06,9,12,-3,0
ol_01924,sl_0100,SP,RJ,2018-04-17,2018-04-22,2018-04-24,38.68,68.87,7,5,2,1
ol_01605,sl_0037,MG,SP,2018-04-18,2018-05-05,2018-05-08,46.12,113.4,20,17,3,1
ol_01840,sl_0110,SP,PE,2018-04-18,2018-04-30,2018-04-29,20.66,114.81,11,12,-1,0
ol_01270,sl_0100,RJ,SP,2018-04-18,2018-04-30,2018-04-29,31.01,53.7,11,12,-1,0
ol_01602,sl_0119,MG,MG,2018-04-18,2018-04-28,2018-05-17,131.73,66.83,29,10,19,1
ol_01080,sl_0086,SP,BA,2018-04-18,2018-04-30,2018-05-05,41.1,58.78,17,12,5,1
ol_01379,sl_0016,SP,SP,2018-04-18,2018-05-04,2018-05-05,39.33,146.88,17,16,1,1
ol_01261,sl_0050,PR,PR,2018-04-18,2018-05-01,2018-04-30,38.88,78.81,12,13,-1,0
ol_01332,sl_0044,RJ,SP,2018-04-18,2018-04-24,2018-04-27,38.3,27.0,9,6,3,1
ol_00178,sl_0101,SP,SP,2018-04-18,2018-05-03,2018-05-05,25.15,60.96,17,15,2,1
ol_01869,sl_0089,SP,SP,2018-04-18,2018-04-30,2018-05-02,41.84,61.66,14,12,2,1
ol_01192,sl_0014,MG,MG,2018-04-18,2018-05-01,2018-04-30,34.56,118.03,12,13,-1,0
ol_01923,sl_0034,SP,MG,2018-04-18,2018-04-27,2018-04-30,31.49,156.79,12,9,3,1
ol_00981,sl_0096,PR,RS,2018-04-19,2018-05-06,2018-05-10,37.62,71.28,21,17,4,1
ol_01007,sl_0051,SP,RJ,2018-04-19,2018-04-25,2018-04-24,31.66,77.77,5,6,-1,0
ol_01787,sl_0078,SP,SP,2018-04-19,2018-05-05,2018-05-09,39.06,42.93,20,16,4,1
ol_00656,sl_0073,SP,SP,2018-04-19,2018-05-04,2018-05-07,30.28,46.18,18,15,3,1
ol_00406,sl_0029,SP,SP,2018-04-19,2018-04-24,2018-04-26,36.94,29.21,7,5,2,1
ol_00534,sl_0054,SP,RJ,2018-04-19,2018-05-03,2018-05-06,36.65,65.44,17,14,3,1
ol_00550,sl_0072,BA,SP,2018-04-19,2018-04-29,2018-05-01,54.35,71.2,12,10,2,1
ol_01485,sl_0058,SP,SP,2018-04-20,2018-05-04,2018-05-02,35.15,72.7,12,14,-2,0
ol_01491,sl_0023,RJ,BA,2018-04-20,2018-05-04,2018-05-07,26.16,114.1,17,14,3,1
ol_00154,sl_0025,SP,SP,2018-04-20,2018-05-06,2018-05-08,44.05,42.99,18,16,2,1
ol_01764,sl_0074,PR,SP,2018-04-20,2018-05-04,2018-05-04,32.94,154.18,14,14,0,0
ol_01030,sl_0079,SC,SP,2018-04-20,2018-05-02,2018-04-25,28.27,65.56,5,12,-7,0
ol_01979,sl_0031,SP,SP,2018-04-20,2018-05-02,2018-04-29,32.68,87.59,9,12,-3,0
ol_01744,sl_0073,RJ,SP,2018-04-20,2018-04-28,2018-04-29,15.62,125.68,9,8,1,1
ol_01647,sl_0017,SP,SP,2018-04-20,2018-05-04,2018-05-07,42.24,67.35,17,14,3,1
ol_01313,sl_0060,BA,SP,2018-04-20,2018-05-07,2018-05-05,23.06,205.97,15,17,-2,0
ol_00156,sl_0043,SP,SP,2018-04-21,2018-05-02,2018-05-07,49.6,140.49,16,11,5,1
ol_00311,sl_0093,SP,RJ,2018-04-21,2018-04-29,2018-04-28,43.25,112.7,7,8,-1,0
ol_01244,sl_0049,RJ,SP,2018-04-21,2018-05-08,2018-05-05,41.66,40.68,14,17,-3,0
ol_00979,sl_0027,RJ,RS,2018-04-21,2018-05-08,2018-05-12,32.21,49.14,21,17,4,1
ol_01360,sl_0032,SP,RJ,2018-04-21,2018-04-27,2018-04-30,32.27,34.41,9,6,3,1
ol_01974,sl_0051,MG,SP,2018-04-21,2018-05-04,2018-05-06,23.96,122.56,15,13,2,1
ol_01492,sl_0050,SP,SP,2018-04-21,2018-04-30,2018-04-30,23.46,132.56,9,9,0,0
ol_00071,sl_0037,PR,BA,2018-04-21,2018-05-02,2018-05-02,34.27,90.69,11,11,0,0
ol_01044,sl_0048,SP,GO,2018-04-21,2018-05-03,2018-05-05,41.68,34.03,14,12,2,1
ol_01534,sl_0086,PR,GO,2018-04-21,2018-05-06,2018-05-07,37.97,141.55,16,15,1,1
ol_00775,sl_0001,SP,BA,2018-04-21,2018-04-29,2018-04-29,25.74,193.25,8,8,0,0
ol_00501,sl_0032,MG,MG,2018-04-21,2018-04-30,2018-05-02,36.72,88.34,11,9,2,1
ol_00129,sl_0056,SC,SP,2018-04-22,2018-05-01,2018-04-29,31.72,196.18,7,9,-2,0
ol_00703,sl_0056,SP,RJ,2018-04-22,2018-05-09,2018-05-10,28.54,46.47,18,17,1,1
ol_01810,sl_0019,SC,SP,2018-04-22,2018-04-27,2018-04-27,29.6,77.89,5,5,0,0
ol_01134,sl_0110,SP,SP,2018-04-22,2018-05-08,2018-05-11,35.25,202.26,19,16,3,1
ol_01127,sl_0043,SP,SP,2018-04-22,2018-04-29,2018-04-29,38.33,103.38,7,7,0,0
ol_00303,sl_0004,SP,SP,2018-04-22,2018-04-28,2018-04-29,7.0,90.94,7,6,1,1
ol_00972,sl_0027,SC,PR,2018-04-22,2018-05-05,2018-05-05,32.22,85.86,13,13,0,0
ol_01497,sl_0008,MG,GO,2018-04-22,2018-05-03,2018-05-08,39.5,75.69,16,11,5,1
ol_00643,sl_0018,RJ,SP,2018-04-22,2018-05-08,2018-05-05,22.3,127.44,13,16,-3,0
ol_01937,sl_0033,MG,PE,2018-04-22,2018-05-02,2018-05-04,36.06,28.33,12,10,2,1
ol_00607,sl_0103,SP,RJ,2018-04-22,2018-04-30,2018-04-30,45.6,50.77,8,8,0,0
ol_00770,sl_0012,SP,RJ,2018-04-22,2018-04-28,2018-04-28,20.17,96.63,6,6,0,0
ol_00448,sl_0020,SP,SP,2018-04-23,2018-05-04,2018-05-04,20.9,77.33,11,11,0,0
ol_01718,sl_0030,PR,MG,2018-04-23,2018-05-05,2018-05-04,33.05,114.37,11,12,-1,0
ol_00545,sl_0039,SP,PR,2018-04-23,2018-05-08,2018-05-14,46.88,92.58,21,15,6,1
ol_00437,sl_0031,RJ,RJ,2018-04-23,2018-05-03,2018-05-01,19.96,54.64,8,10,-2,0
ol_01016,sl_0013,SP,GO,2018-04-23,2018-05-01,2018-05-03,45.28,76.29,10,8,2,1
ol_01948,sl_0060,SP,PR,2018-04-23,2018-04-29,2018-04-26,27.41,82.91,3,6,-3,0
ol_00107,sl_0045,RJ,BA,2018-04-23,2018-05-09,2018-05-10,32.81,89.51,17,16,1,1
ol_00068,sl_0070,MG,MG,2018-04-23,2018-05-03,2018-05-06,24.48,70.2,13,10,3,1
ol_00865,sl_0048,PR,SP,2018-04-23,2018-05-05,2018-05-06,28.73,140.01,13,12,1,1
ol_01067,sl_0112,SP,SP,2018-04-23,2018-04-29,2018-04-28,26.87,103.84,5,6,-1,0
ol_01050,sl_0038,RJ,PR,2018-04-23,2018-05-08,2018-05-04,40.17,38.38,11,15,-4,0
ol_01728,sl_0078,SP,MG,2018-04-24,2018-05-07,2018-05-04,35.03,81.63,10,13,-3,0
ol_00594,sl_0027,RJ,RS,2018-04-24,2018-05-09,2018-05-12,45.05,145.81,18,15,3,1
ol_00124,sl_0029,SP,RS,2018-04-24,2018-05-11,2018-05-11,23.33,103.85,17,17,0,0
ol_00066,sl_0012,SC,SP,2018-04-24,2018-04-29,2018-04-26,31.0,71.82,2,5,-3,0
ol_01816,sl_0073,SC,RJ,2018-04-24,2018-05-06,2018-05-05,21.66,63.48,11,12,-1,0
ol_00799,sl_0109,PR,RS,2018-04-24,2018-05-08,2018-05-12,30.31,90.07,18,14,4,1
ol_01228,sl_0059,SP,SP,2018-04-24,2018-05-04,2018-05-02,48.98,123.42,8,10,-2,0
ol_00288,sl_0043,RJ,SP,2018-04-24,2018-05-11,2018-05-13,31.39,55.65,19,17,2,1
ol_01995,sl_0027,BA,SP,2018-04-24,2018-05-03,2018-05-02,32.12,61.54,8,9,-1,0
ol_00715,sl_0075,MG,GO,2018-04-24,2018-04-30,2018-05-02,33.2,83.71,8,6,2,1
ol_01482,sl_0073,SP,RJ,2018-04-24,2018-05-10,2018-05-09,33.06,44.06,15,16,-1,0
ol_00374,sl_0059,SP,BA,2018-04-24,2018-05-09,2018-05-12,35.52,117.07,18,15,3,1
ol_00196,sl_0084,RJ,GO,2018-04-25,2018-05-03,2018-05-02,31.75,67.97,7,8,-1,0
ol_01464,sl_0015,PR,SP,2018-04-25,2018-05-11,2018-05-11,37.16,94.67,16,16,0,0
ol_01750,sl_0030,SC,BA,2018-04-25,2018-05-08,2018-05-10,35.91,37.94,15,13,2,1
ol_01489,sl_0105,RJ,MG,2018-04-25,2018-05-02,2018-05-02,35.51,45.83,7,7,0,0
ol_00565,sl_0069,SP,SP,2018-04-25,2018-05-10,2018-05-12,40.83,50.63,17,15,2,1
ol_01877,sl_0073,RJ,MG,2018-04-25,2018-05-01,2018-05-24,160.37,105.54,29,6,23,1
ol_00036,sl_0084,MG,PE,2018-04-26,2018-05-04,2018-05-05,49.66,122.27,9,8,1,1
ol_00405,sl_0090,SP,RS,2018-04-26,2018-05-01,2018-05-06,33.52,66.12,10,5,5,1
ol_00523,sl_0007,SP,SP,2018-04-26,2018-05-09,2018-05-07,49.2,73.3,11,13,-2,0
ol_00859,sl_0022,SC,MG,2018-04-26,2018-05-12,2018-05-12,36.58,60.76,16,16,0,0
ol_01931,sl_0097,SC,SP,2018-04-26,2018-05-05,2018-05-07,20.9,38.73,11,9,2,1
ol_01938,sl_0026,MG,PR,2018-04-26,2018-05-04,2018-05-05,22.59,68.89,9,8,1,1
ol_01919,sl_0057,SP,SP,2018-04-26,2018-05-10,2018-05-11,23.77,125.54,15,14,1,1
ol_00466,sl_0028,SP,PE,2018-04-26,2018-05-03,2018-05-05,36.71,79.09,9,7,2,1
ol_00617,sl_0019,SP,RJ,2018-04-27,2018-05-13,2018-05-15,37.35,82.6,18,16,2,1
ol_00251,sl_0021,RJ,RJ,2018-04-27,2018-05-12,2018-05-11,32.18,62.81,14,15,-1,0
ol_01066,sl_0053,RJ,SP,2018-04-27,2018-05-03,2018-05-03,35.86,92.13,6,6,0,0
ol_01850,sl_0021,SP,SP,2018-04-27,2018-05-08,2018-05-10,30.79,128.48,13,11,2,1
ol_01705,sl_0064,SC,RJ,2018-04-27,2018-05-10,2018-05-11,26.84,67.38,14,13,1,1
ol_00110,sl_0001,PR,BA,2018-04-27,2018-05-06,2018-05-11,30.8,43.1,14,9,5,1
ol_00455,sl_0002,MG,PR,2018-04-27,2018-05-03,2018-05-19,150.43,90.42,22,6,16,1
ol_01632,sl_0110,PR,PE,2018-04-27,2018-05-10,2018-05-13,33.21,66.45,16,13,3,1
ol_00182,sl_0037,PR,PR,2018-04-27,2018-05-10,2018-05-14,43.5,115.05,17,13,4,1
ol_01496,sl_0024,BA,PE,2018-04-27,2018-05-09,2018-05-11,30.08,279.56,14,12,2,1
ol_00876,sl_0084,RJ,RS,2018-04-27,2018-05-07,2018-05-10,37.79,54.07,13,10,3,1
ol_01934,sl_0101,PR,PE,2018-04-27,2018-05-06,2018-05-03,33.73,117.0,6,9,-3,0
ol_01420,sl_0040,SP,GO,2018-04-27,2018-05-04,2018-05-08,39.0,54.27,11,7,4,1
ol_01125,sl_0114,SP,MG,2018-04-27,2018-05-04,2018-05-05,34.96,91.78,8,7,1,1
ol_01768,sl_0063,BA,RJ,2018-04-28,2018-05-08,2018-05-05,23.36,77.77,7,10,-3,0
ol_00329,sl_0020,PR,SP,2018-04-28,2018-05-05,2018-05-05,36.58,33.45,7,7,0,0
ol_00860,sl_0068,SC,PR,2018-04-28,2018-05-15,2018-05-17,49.38,58.94,19,17,2,1
ol_01051,sl_0010,SP,PE,2018-04-28,2018-05-11,2018-05-10,43.23,77.1,12,13,-1,0
ol_00671,sl_0066,MG,PE,2018-04-28,2018-05-15,2018-05-20,39.79,36.89,22,17,5,1
ol_00323,sl_0051,SP,BA,2018-04-28,2018-05-13,2018-05-16,34.46,206.7,18,15,3,1
ol_00306,sl_0029,BA,RJ,2018-04-28,2018-05-14,2018-05-14,33.48,96.01,16,16,0,0
ol_00227,sl_0116,SP,PE,2018-04-29,2018-05-05,2018-05-08,47.87,100.9,9,6,3,1
ol_00411,sl_0117,SP,MG,2018-04-29,2018-05-14,2018-05-16,38.24,132.15,17,15,2,1
ol_01562,sl_0107,SC,PR,2018-04-29,2018-05-09,2018-05-06,19.21,53.07,7,10,-3,0
ol_01573,sl_0073,MG,PR,2018-04-29,2018-05-07,2018-05-06,31.5,45.6,7,8,-1,0
ol_01799,sl_0053,PR,RJ,2018-04-29,2018-05-12,2018-05-13,36.28,116.31,14,13,1,1
ol_01274,sl_0014,SC,RJ,2018-04-29,2018-05-07,2018-05-08,28.19,70.69,9,8,1,1
ol_00203,sl_0018,SP,PE,2018-04-29,2018-05-16,2018-05-17,31.92,327.26,18,17,1,1
ol_01554,sl_0025,RJ,MG,2018-04-30,2018-05-14,2018-05-17,27.29,107.13,17,14,3,1
ol_01616,sl_0014,SP,BA,2018-04-30,2018-05-06,2018-05-12,46.39,68.07,12,6,6,1
ol_01641,sl_0092,SP,SP,2018-04-30,2018-05-16,2018-05-19,34.93,182.69,19,16,3,1
ol_00999,sl_0010,RJ,BA,2018-04-30,2018-05-17,2018-05-22,54.91,80.31,22,17,5,1
ol_01069,sl_0091,RJ,SP,2018-04-30,2018-05-05,2018-05-05,45.05,126.53,5,5,0,0
ol_00195,sl_0082,RJ,SP,2018-04-30,2018-05-06,2018-05-06,31.53,26.65,6,6,0,0
ol_00199,sl_0056,SC,RJ,2018-04-30,2018-05-15,2018-05-09,34.43,95.33,9,15,-6,0
ol_01158,sl_0005,PR,SP,2018-04-30,2018-05-09,2018-05-06,36.59,63.43,6,9,-3,0
ol_01104,sl_0067,RJ,SP,2018-04-30,2018-05-06,2018-05-07,19.6,218.65,7,6,1,1
ol_00090,sl_0099,SP,RS,2018-04-30,2018-05-10,2018-05-13,48.59,36.77,13,10,3,1
ol_01308,sl_0019,SP,MG,2018-04-30,2018-05-15,2018-05-14,38.11,172.88,14,15,-1,0
ol_01233,sl_0003,SP,SP,2018-04-30,2018-05-08,2018-05-06,38.11,53.77,6,8,-2,0
ol_00591,sl_0078,PR,RJ,2018-04-30,2018-05-07,2018-05-07,34.46,47.87,7,7,0,0
ol_00569,sl_0104,SP,RJ,2018-05-01,2018-05-13,2018-05-15,29.73,44.8,14,12,2,1
ol_01107,sl_0008,BA,SP,2018-05-01,2018-05-17,2018-05-22,50.72,155.81,21,16,5,1
ol_00672,sl_0019,SC,BA,2018-05-01,2018-05-13,2018-05-17,42.24,101.92,16,12,4,1
ol_00425,sl_0113,RJ,PR,2018-05-01,2018-05-10,2018-05-10,8.32,78.82,9,9,0,0
ol_01872,sl_0092,PR,SP,2018-05-01,2018-05-11,2018-05-12,28.86,289.11,11,10,1,1
ol_00347,sl_0086,SP,SP,2018-05-01,2018-05-17,2018-05-18,41.3,167.76,17,16,1,1
ol_00005,sl_0104,RJ,RS,2018-05-01,2018-05-15,2018-05-14,41.67,40.7,13,14,-1,0
ol_01471,sl_0113,MG,RJ,2018-05-01,2018-05-07,2018-05-09,45.52,56.37,8,6,2,1
ol_00980,sl_0048,SP,SP,2018-05-01,2018-05-09,2018-05-14,30.85,108.34,13,8,5,1
ol_00170,sl_0044,PR,PE,2018-05-02,2018-05-07,2018-05-06,32.13,55.24,4,5,-1,0
ol_00141,sl_0047,RJ,BA,2018-05-02,2018-05-15,2018-05-20,35.19,96.42,18,13,5,1
ol_00729,sl_0065,SP,MG,2018-05-02,2018-05-09,2018-05-08,26.77,123.48,6,7,-1,0
ol_00484,sl_0078,SP,GO,2018-05-02,2018-05-11,2018-05-11,36.55,81.02,9,9,0,0
ol_00128,sl_0026,SP,SP,2018-05-02,2018-05-16,2018-05-19,34.61,159.14,17,14,3,1
ol_01186,sl_0026,PR,RS,2018-05-02,2018-05-09,2018-05-10,39.58,204.42,8,7,1,1
ol_01500,sl_0054,SP,RJ,2018-05-02,2018-05-08,2018-05-10,33.26,67.61,8,6,2,1
ol_01920,sl_0051,SP,SP,2018-05-02,2018-05-18,2018-05-19,38.01,88.22,17,16,1,1
ol_01277,sl_0058,RJ,MG,2018-05-02,2018-05-17,2018-05-15,33.15,50.95,13,15,-2,0
ol_00801,sl_0025,RJ,SP,2018-05-02,2018-05-16,2018-05-13,37.34,79.74,11,14,-3,0
ol_01346,sl_0062,SP,RJ,2018-05-02,2018-05-07,2018-05-09,36.98,25.0,7,5,2,1
ol_00583,sl_0082,SP,SP,2018-05-02,2018-05-19,2018-05-17,26.66,44.97,15,17,-2,0
ol_00604,sl_0077,RJ,SP,2018-05-02,2018-05-07,2018-05-08,42.41,89.5,6,5,1,1
ol_00216,sl_0080,SP,RJ,2018-05-02,2018-05-15,2018-05-13,39.8,41.97,11,13,-2,0
ol_00573,sl_0090,SC,RS,2018-05-02,2018-05-19,2018-05-21,25.58,193.99,19,17,2,1
ol_01470,sl_0050,SP,MG,2018-05-03,2018-05-08,2018-05-09,34.73,43.04,6,5,1,1
ol_00913,sl_0063,PR,PR,2018-05-03,2018-05-15,2018-05-18,42.3,59.0,15,12,3,1
ol_00010,sl_0072,SP,SP,2018-05-03,2018-05-11,2018-05-15,31.56,89.77,12,8,4,1
ol_01942,sl_0060,MG,GO,2018-05-03,2018-05-20,2018-05-24,33.91,160.95,21,17,4,1
ol_00919,sl_0052,SP,SP,2018-05-03,2018-05-12,2018-05-14,33.62,82.26,11,9,2,1
ol_01627,sl_0020,BA,GO,2018-05-03,2018-05-09,2018-05-09,33.35,25.0,6,6,0,0
ol_01042,sl_0001,PR,PE,2018-05-03,2018-05-17,2018-05-18,31.84,52.61,15,14,1,1
ol_01009,sl_0019,PR,SP,2018-05-03,2018-05-10,2018-05-09,29.73,100.22,6,7,-1,0
ol_00892,sl_0030,SP,SP,2018-05-03,2018-05-19,2018-05-20,47.18,50.8,17,16,1,1
ol_01676,sl_0086,MG,GO,2018-05-03,2018-05-08,2018-05-09,40.43,234.56,6,5,1,1
ol_00143,sl_0007,SP,RJ,2018-05-03,2018-05-08,2018-05-06,30.85,111.89,3,5,-2,0
ol_00115,sl_0085,SC,RJ,2018-05-03,2018-05-16,2018-05-17,36.53,62.76,14,13,1,1
ol_00282,sl_0112,SC,PR,2018-05-03,2018-05-15,2018-05-15,39.74,107.97,12,12,0,0
ol_00793,sl_0027,SC,SP,2018-05-03,2018-05-11,2018-05-13,37.58,61.56,10,8,2,1
ol_01252,sl_0097,RJ,SP,2018-05-04,2018-05-15,2018-05-17,34.77,91.25,13,11,2,1
ol_01669,sl_0064,MG,RJ,2018-05-04,2018-05-10,2018-05-10,34.97,58.83,6,6,0,0
ol_01593,sl_0082,RJ,SP,2018-05-04,2018-05-19,2018-05-18,29.26,31.55,14,15,-1,0
ol_01373,sl_0014,SC,SP,2018-05-04,2018-05-09,2018-05-13,46.63,57.26,9,5,4,1
ol_00783,sl_0095,PR,RS,2018-05-04,2018-05-18,2018-05-20,47.78,102.47,16,14,2,1
ol_00042,sl_0009,RJ,RJ,2018-05-04,2018-05-13,2018-05-12,21.66,135.96,8,9,-1,0
ol_01857,sl_0016,SP,SP,2018-05-04,2018-05-15,2018-05-19,50.19,49.08,15,11,4,1
ol_01466,sl_0068,MG,RJ,2018-05-05,2018-05-19,2018-05-18,33.68,98.34,13,14,-1,0
ol_00931,sl_0115,SP,SP,2018-05-05,2018-05-14,2018-05-12,37.86,109.44,7,9,-2,0
ol_00134,sl_0073,SP,MG,2018-05-05,2018-05-22,2018-06-01,137.05,58.52,27,17,10,1
ol_01928,sl_0004,MG,RS,2018-05-05,2018-05-17,2018-05-18,20.08,76.65,13,12,1,1
ol_00458,sl_0017,MG,RS,2018-05-05,2018-05-11,2018-05-12,36.35,147.17,7,6,1,1
ol_00978,sl_0006,SP,SP,2018-05-05,2018-05-19,2018-05-19,31.55,115.16,14,14,0,0
ol_00083,sl_0010,MG,RS,2018-05-05,2018-05-14,2018-05-16,21.84,167.76,11,9,2,1
ol_00652,sl_0011,SP,SP,2018-05-05,2018-05-15,2018-05-14,26.63,143.06,9,10,-1,0
ol_01504,sl_0096,SP,SP,2018-05-05,2018-05-11,2018-05-13,31.27,66.09,8,6,2,1
ol_00467,sl_0095,SP,BA,2018-05-05,2018-05-19,2018-05-24,23.19,160.19,19,14,5,1
ol_00807,sl_0073,SC,SP,2018-05-05,2018-05-21,2018-05-20,24.11,181.28,15,16,-1,0
ol_00297,sl_0053,RJ,PR,2018-05-05,2018-05-21,2018-05-18,42.53,62.71,13,16,-3,0
ol_01584,sl_0064,SP,MG,2018-05-05,2018-05-20,2018-05-22,24.01,123.76,17,15,2,1
ol_01833,sl_0076,SP,RS,2018-05-05,2018-05-13,2018-05-28,138.36,111.48,23,8,15,1
ol_01556,sl_0076,SP,SP,2018-05-06,2018-05-18,2018-05-20,45.86,79.39,14,12,2,1
ol_00654,sl_0038,SP,SP,2018-05-06,2018-05-14,2018-05-10,26.22,339.46,4,8,-4,0
ol_00198,sl_0003,RJ,RS,2018-05-06,2018-05-17,2018-05-19,36.36,91.18,13,11,2,1
ol_01985,sl_0081,SP,RJ,2018-05-06,2018-05-22,2018-05-26,36.2,92.96,20,16,4,1
ol_01115,sl_0055,RJ,GO,2018-05-06,2018-05-22,2018-05-21,31.84,80.77,15,16,-1,0
ol_00911,sl_0046,SC,SP,2018-05-06,2018-05-22,2018-05-23,45.28,49.91,17,16,1,1
ol_00028,sl_0057,SP,RJ,2018-05-06,2018-05-19,2018-05-21,38.68,75.31,15,13,2,1
ol_00592,sl_0003,SP,PR,2018-05-06,2018-05-21,2018-05-19,49.55,240.2,13,15,-2,0
ol_00605,sl_0030,SP,MG,2018-05-07,2018-05-14,2018-05-14,33.13,46.21,7,7,0,0
ol_01191,sl_0101,PR,PE,2018-05-07,2018-05-15,2018-05-18,23.69,103.59,11,8,3,1
ol_00135,sl_0087,SP,SP,2018-05-07,2018-05-14,2018-05-14,22.09,158.22,7,7,0,0
ol_01065,sl_0045,SP,PR,2018-05-07,2018-05-23,2018-05-29,42.65,88.52,22,16,6,1
ol_01444,sl_0089,SP,RJ,2018-05-07,2018-05-13,2018-05-10,31.32,52.47,3,6,-3,0
ol_01509,sl_0046,SP,PE,2018-05-07,2018-05-22,2018-05-22,30.17,74.37,15,15,0,0
ol_00726,sl_0098,PR,SP,2018-05-07,2018-05-14,2018-05-16,43.23,54.81,9,7,2,1
ol_00847,sl_0089,RJ,RJ,2018-05-07,2018-05-24,2018-05-25,30.15,152.41,18,17,1,1
ol_00777,sl_0029,SP,PE,2018-05-07,2018-05-19,2018-05-18,47.19,65.37,11,12,-1,0
ol_01100,sl_0069,SP,RJ,2018-05-07,2018-05-20,2018-05-19,32.98,87.37,12,13,-1,0
ol_00148,sl_0106,SP,SP,2018-05-07,2018-05-21,2018-05-22,37.06,39.25,15,14,1,1
ol_00621,sl_0085,PR,SP,2018-05-07,2018-05-17,2018-05-19,19.75,155.87,12,10,2,1
ol_00082,sl_0078,SP,SP,2018-05-08,2018-05-13,2018-05-10,36.23,101.21,2,5,-3,0
ol_00753,sl_0008,SP,SP,2018-05-08,2018-05-23,2018-05-26,44.9,84.41,18,15,3,1
ol_00554,sl_0108,MG,SP,2018-05-08,2018-05-15,2018-05-15,25.17,39.83,7,7,0,0
ol_01851,sl_0022,SP,SP,2018-05-08,2018-05-17,2018-05-16,23.35,90.58,8,9,-1,0
ol_00289,sl_0040,RJ,RS,2018-05-08,2018-05-13,2018-05-16,41.26,64.3,8,5,3,1
ol_00575,sl_0005,RJ,BA,2018-05-08,2018-05-21,2018-05-25,29.36,145.42,17,13,4,1
ol_00314,sl_0033,BA,RJ,2018-05-08,2018-05-25,2018-05-24,28.9,75.27,16,17,-1,0
ol_00335,sl_0057,MG,PR,2018-05-08,2018-05-16,2018-05-15,31.17,67.51,7,8,-1,0
ol_01331,sl_0023,RJ,RS,2018-05-08,2018-05-14,2018-05-16,28.11,57.04,8,6,2,1
ol_00112,sl_0026,MG,RJ,2018-05-08,2018-05-14,2018-05-15,24.37,236.02,7,6,1,1
ol_00766,sl_0086,SP,SP,2018-05-08,2018-05-16,2018-05-23,33.81,52.62,15,8,7,1
ol_01588,sl_0116,SP,SP,2018-05-09,2018-05-24,2018-05-24,20.81,59.72,15,15,0,0
ol_00958,sl_0069,SC,RJ,2018-05-09,2018-05-15,2018-05-13,48.88,58.91,4,6,-2,0
ol_01552,sl_0052,SC,RS,2018-05-09,2018-05-18,2018-05-20,43.39,91.54,11,9,2,1
ol_00070,sl_0042,PR,SP,2018-05-09,2018-05-20,2018-05-20,36.7,62.21,11,11,0,0
ol_01102,sl_0097,SP,RJ,2018-05-09,2018-05-23,2018-05-26,42.52,62.01,17,14,3,1
ol_00904,sl_0087,SP,SP,2018-05-09,2018-05-16,2018-05-13,31.36,71.66,4,7,-3,0
ol_01282,sl_0069,MG,MG,2018-05-09,2018-05-14,2018-05-15,34.71,49.05,6,5,1,1
ol_01913,sl_0049,SP,SP,2018-05-09,2018-05-20,2018-05-21,23.38,80.26,12,11,1,1
ol_01413,sl_0057,SP,RJ,2018-05-10,2018-05-27,2018-05-26,31.79,94.52,16,17,-1,0
ol_01856,sl_0063,SP,RJ,2018-05-10,2018-05-25,2018-05-22,36.09,46.12,12,15,-3,0
ol_00720,sl_0102,RJ,MG,2018-05-10,2018-05-17,2018-05-19,26.88,190.74,9,7,2,1
ol_01087,sl_0008,SP,RS,2018-05-10,2018-05-18,2018-05-20,42.42,28.09,10,8,2,1
ol_00451,sl_0052,RJ,RS,2018-05-10,2018-05-18,2018-05-20,22.67,96.35,10,8,2,1
ol_01789,sl_0104,SP,SP,2018-05-10,2018-05-15,2018-05-14,16.35,84.73,4,5,-1,0
ol_00445,sl_0068,SP,SP,2018-05-10,2018-05-23,2018-05-21,22.91,61.85,11,13,-2,0
ol_00680,sl_0018,SP,SP,2018-05-10,2018-05-21,2018-05-20,42.56,56.53,10,11,-1,0
ol_00301,sl_0054,RJ,RS,2018-05-10,2018-05-19,2018-05-18,45.09,47.33,8,9,-1,0
ol_01817,sl_0038,SC,SP,2018-05-10,2018-05-27,2018-05-28,35.55,26.23,18,17,1,1
ol_01105,sl_0114,RJ,PR,2018-05-10,2018-05-17,2018-05-15,30.14,116.44,5,7,-2,0
ol_01333,sl_0103,SP,SP,2018-05-10,2018-05-18,2018-05-17,22.79,110.44,7,8,-1,0
ol_01229,sl_0012,SP,BA,2018-05-10,2018-05-21,2018-05-27,52.17,81.1,17,11,6,1
ol_00828,sl_0054,SC,SP,2018-05-10,2018-05-19,2018-05-20,35.83,76.22,10,9,1,1
ol_01551,sl_0108,SP,RJ,2018-05-10,2018-05-20,2018-05-15,40.87,89.86,5,10,-5,0
ol_00928,sl_0006,SC,RS,2018-05-10,2018-05-16,2018-05-18,35.15,50.0,8,6,2,1
ol_00974,sl_0032,SP,PR,2018-05-11,2018-05-26,2018-05-23,23.97,44.46,12,15,-3,0
ol_00292,sl_0082,SP,RS,2018-05-11,2018-05-25,2018-05-27,38.1,131.15,16,14,2,1
ol_01273,sl_0056,SC,SP,2018-05-11,2018-05-25,2018-05-25,41.83,112.71,14,14,0,0
ol_00533,sl_0100,SP,BA,2018-05-11,2018-05-23,2018-05-23,27.53,102.92,12,12,0,0
ol_00243,sl_0055,SP,MG,2018-05-11,2018-05-18,2018-05-21,39.48,37.31,10,7,3,1
ol_01370,sl_0105,SP,SP,2018-05-11,2018-05-22,2018-05-27,48.87,63.97,16,11,5,1
ol_01271,sl_0060,RJ,PE,2018-05-11,2018-05-16,2018-05-20,40.73,136.08,9,5,4,1
ol_01960,sl_0042,RJ,SP,2018-05-11,2018-05-24,2018-05-22,40.24,79.04,11,13,-2,0
ol_00380,sl_0061,RJ,RJ,2018-05-11,2018-05-25,2018-05-28,27.33,153.05,17,14,3,1
ol_01422,sl_0046,RJ,PE,2018-05-11,2018-05-26,2018-05-25,22.9,45.37,14,15,-1,0
ol_00457,sl_0089,SP,MG,2018-05-11,2018-05-22,2018-05-26,51.74,118.07,15,11,4,1
ol_01533,sl_0083,SP,SP,2018-05-11,2018-05-18,2018-05-19,28.02,35.23,8,7,1,1
ol_01147,sl_0073,SP,SP,2018-05-11,2018-05-24,2018-05-26,48.87,63.57,15,13,2,1
ol_01375,sl_0090,SP,RS,2018-05-11,2018-05-16,2018-05-18,38.7,107.74,7,5,2,1
ol_01225,sl_0090,SP,MG,2018-05-11,2018-05-17,2018-05-13,49.19,56.94,2,6,-4,0
ol_01568,sl_0111,PR,RJ,2018-05-12,2018-05-23,2018-05-25,33.56,66.59,13,11,2,1
ol_01321,sl_0033,SP,SP,2018-05-12,2018-05-18,2018-05-17,25.4,67.23,5,6,-1,0
ol_01378,sl_0071,MG,RS,2018-05-12,2018-05-28,2018-05-31,33.77,96.83,19,16,3,1
ol_00627,sl_0090,PR,PR,2018-05-12,2018-05-21,2018-05-25,20.42,55.5,13,9,4,1
ol_00719,sl_0070,SP,RS,2018-05-12,2018-05-22,2018-05-26,34.52,116.17,14,10,4,1
ol_00087,sl_0047,SP,RJ,2018-05-12,2018-05-22,2018-05-23,34.92,148.68,11,10,1,1
ol_01135,sl_0087,PR,GO,2018-05-12,2018-05-23,2018-05-24,22.27,60.39,12,11,1,1
ol_00618,sl_0005,RJ,GO,2018-05-12,2018-05-19,2018-05-21,35.17,129.67,9,7,2,1
ol_01733,sl_0010,SP,PE,2018-05-13,2018-05-27,2018-06-02,34.86,87.41,20,14,6,1
ol_01904,sl_0004,BA,RS,2018-05-13,2018-05-25,2018-05-24,27.6,78.51,11,12,-1,0
ol_01842,sl_0059,SP,RJ,2018-05-13,2018-05-28,2018-05-29,42.61,124.51,16,15,1,1
ol_01430,sl_0022,SP,RJ,2018-05-13,2018-05-28,2018-06-02,45.27,126.68,20,15,5,1
ol_01099,sl_0031,RJ,PR,2018-05-13,2018-05-27,2018-05-25,35.66,197.66,12,14,-2,0
ol_00651,sl_0058,SP,RJ,2018-05-13,2018-05-28,2018-06-13,119.27,55.64,31,15,16,1
ol_01198,sl_0031,SP,PE,2018-05-13,2018-05-29,2018-06-01,38.51,94.83,19,16,3,1
ol_01826,sl_0009,RJ,RJ,2018-05-13,2018-05-24,2018-05-25,35.89,38.18,12,11,1,1
ol_01830,sl_0098,SP,RJ,2018-05-14,2018-05-28,2018-05-28,32.99,245.75,14,14,0,0
ol_00918,sl_0029,SP,SP,2018-05-14,2018-05-19,2018-05-19,36.37,56.66,5,5,0,0
ol_01698,sl_0068,SC,SP,2018-05-14,2018-05-27,2018-05-25,39.72,109.81,11,13,-2,0
ol_00923,sl_0048,SP,RS,2018-05-14,2018-05-28,2018-05-28,26.3,98.93,14,14,0,0
ol_00177,sl_0075,SP,PE,2018-05-14,2018-05-22,2018-05-23,27.9,184.13,9,8,1,1
ol_00032,sl_0058,MG,SP,2018-05-14,2018-05-30,2018-05-31,22.99,93.93,17,16,1,1
ol_00935,sl_0099,RJ,PR,2018-05-14,2018-05-24,2018-05-25,30.18,42.01,11,10,1,1
ol_01034,sl_0109,RJ,SP,2018-05-14,2018-05-23,2018-05-22,31.89,178.6,8,9,-1,0
ol_00341,sl_0042,PR,RJ,2018-05-14,2018-05-20,2018-05-19,24.01,51.44,5,6,-1,0
ol_01880,sl_0034,PR,SP,2018-05-14,2018-05-31,2018-05-31,20.53,123.43,17,17,0,0
ol_00207,sl_0066,SP,SP,2018-05-15,2018-06-01,2018-06-05,48.94,64.31,21,17,4,1
ol_00426,sl_0058,RJ,SP,2018-05-15,2018-05-26,2018-05-27,41.83,96.86,12,11,1,1
ol_00475,sl_0088,PR,SP,2018-05-15,2018-05-29,2018-05-29,21.8,165.21,14,14,0,0
ol_01606,sl_0075,SP,MG,2018-05-15,2018-05-28,2018-05-29,22.81,99.18,14,13,1,1
ol_01922,sl_0021,SP,RJ,2018-05-15,2018-05-24,2018-05-23,42.17,29.35,8,9,-1,0
ol_00914,sl_0026,BA,SP,2018-05-15,2018-05-29,2018-05-30,45.89,43.58,15,14,1,1
ol_00279,sl_0064,MG,RJ,2018-05-15,2018-05-31,2018-06-03,33.25,31.33,19,16,3,1
ol_01507,sl_0052,RJ,MG,2018-05-15,2018-05-29,2018-06-03,33.89,100.58,19,14,5,1
ol_01298,sl_0062,RJ,RJ,2018-05-15,2018-05-28,2018-05-29,37.29,94.81,14,13,1,1
ol_01021,sl_0093,SP,MG,2018-05-15,2018-05-21,2018-05-20,23.6,68.34,5,6,-1,0
ol_00795,sl_0055,RJ,MG,2018-05-15,2018-05-26,2018-05-24,46.98,122.0,9,11,-2,0
ol_01385,sl_0058,SC,PE,2018-05-15,2018-05-21,2018-05-22,20.62,118.53,7,6,1,1
ol_01176,sl_0092,SP,RS,2018-05-15,2018-05-23,2018-05-24,35.34,43.71,9,8,1,1
ol_01943,sl_0044,RJ,SP,2018-05-15,2018-05-22,2018-05-20,34.73,145.73,5,7,-2,0
ol_01453,sl_0092,SP,RS,2018-05-15,2018-05-25,2018-05-26,32.47,76.04,11,10,1,1
ol_00711,sl_0119,BA,PR,2018-05-15,2018-06-01,2018-05-31,21.25,85.48,16,17,-1,0
ol_00510,sl_0039,SP,RS,2018-05-15,2018-05-30,2018-06-03,24.3,95.14,19,15,4,1
ol_00202,sl_0023,SP,PE,2018-05-15,2018-05-22,2018-05-28,43.58,42.94,13,7,6,1
ol_01611,sl_0074,SP,PR,2018-05-15,2018-05-28,2018-05-29,34.12,49.63,14,13,1,1
ol_01175,sl_0013,BA,MG,2018-05-16,2018-05-28,2018-05-31,38.74,58.61,15,12,3,1
ol_00794,sl_0009,SP,SP,2018-05-16,2018-06-01,2018-06-02,25.33,54.19,17,16,1,1
ol_00883,sl_0011,SC,SP,2018-05-16,2018-05-27,2018-05-27,48.5,202.6,11,11,0,0
ol_01597,sl_0072,PR,PR,2018-05-16,2018-05-22,2018-05-24,38.46,43.21,8,6,2,1
ol_00499,sl_0092,SP,RJ,2018-05-16,2018-05-26,2018-05-24,39.18,148.58,8,10,-2,0
ol_01209,sl_0010,SC,PR,2018-05-16,2018-06-01,2018-06-01,17.35,131.58,16,16,0,0
ol_00482,sl_0009,SC,MG,2018-05-16,2018-05-26,2018-05-29,34.93,97.7,13,10,3,1
ol_01975,sl_0019,MG,RS,2018-05-16,2018-05-30,2018-06-01,35.73,72.98,16,14,2,1
ol_00370,sl_0057,MG,RS,2018-05-16,2018-05-22,2018-05-22,48.08,114.68,6,6,0,0
ol_00944,sl_0048,MG,RJ,2018-05-16,2018-05-24,2018-05-25,31.79,97.84,9,8,1,1
ol_00449,sl_0082,SP,PR,2018-05-16,2018-05-27,2018-05-30,43.02,186.01,14,11,3,1
ol_00581,sl_0008,PR,SP,2018-05-16,2018-05-25,2018-05-30,42.72,176.76,14,9,5,1
ol_00102,sl_0066,SP,BA,2018-05-16,2018-05-21,2018-05-23,25.69,127.93,7,5,2,1
ol_01756,sl_0046,SP,SP,2018-05-16,2018-05-30,2018-06-01,27.14,100.04,16,14,2,1
ol_00497,sl_0036,SP,GO,2018-05-17,2018-05-24,2018-05-27,38.7,88.05,10,7,3,1
ol_01112,sl_0104,PR,PR,2018-05-17,2018-05-23,2018-05-22,42.57,89.22,5,6,-1,0
ol_01162,sl_0106,SP,SP,2018-05-17,2018-05-26,2018-05-28,43.48,135.39,11,9,2,1
ol_00488,sl_0074,RJ,SP,2018-05-17,2018-06-02,2018-06-02,35.95,80.67,16,16,0,0
ol_01996,sl_0099,RJ,SP,2018-05-17,2018-05-26,2018-05-25,34.27,65.24,8,9,-1,0
ol_00768,sl_0062,RJ,MG,2018-05-17,2018-05-22,2018-05-23,27.04,43.29,6,5,1,1
ol_00867,sl_0021,PR,PR,2018-05-17,2018-05-24,2018-06-07,136.12,54.32,21,7,14,1
ol_01207,sl_0003,SP,MG,2018-05-17,2018-06-03,2018-06-09,47.57,104.09,23,17,6,1
ol_01962,sl_0057,PR,SP,2018-05-17,2018-06-03,2018-05-31,24.64,56.41,14,17,-3,0
ol_01266,sl_0070,MG,RS,2018-05-17,2018-05-23,2018-05-25,41.51,252.34,8,6,2,1
ol_00731,sl_0084,MG,PE,2018-05-17,2018-06-01,2018-06-05,28.81,107.02,19,15,4,1
ol_01366,sl_0058,SP,RS,2018-05-17,2018-06-02,2018-06-05,40.8,77.82,19,16,3,1
ol_00245,sl_0112,SP,PR,2018-05-18,2018-05-29,2018-05-28,42.6,56.39,10,11,-1,0
ol_01863,sl_0007,SP,RS,2018-05-18,2018-05-30,2018-05-30,31.53,189.59,12,12,0,0
ol_00375,sl_0072,SP,RS,2018-05-18,2018-06-04,2018-06-10,35.25,90.58,23,17,6,1
ol_00821,sl_0073,SC,BA,2018-05-18,2018-06-02,2018-06-01,25.64,37.42,14,15,-1,0
ol_00410,sl_0092,MG,SP,2018-05-18,2018-06-04,2018-06-05,32.03,78.15,18,17,1,1
ol_01154,sl_0032,SP,RS,2018-05-18,2018-05-24,2018-05-26,27.64,95.62,8,6,2,1
ol_00966,sl_0043,SP,SP,2018-05-18,2018-05-24,2018-05-28,33.54,156.74,10,6,4,1
ol_01241,sl_0078,PR,PR,2018-05-18,2018-05-24,2018-05-24,44.9,106.33,6,6,0,0
ol_00473,sl_0003,SP,RJ,2018-05-18,2018-06-01,2018-06-02,38.93,47.04,15,14,1,1
ol_00162,sl_0100,BA,SP,2018-05-19,2018-06-02,2018-06-01,36.29,64.45,13,14,-1,0
ol_01250,sl_0046,MG,SP,2018-05-19,2018-05-28,2018-06-03,48.18,89.85,15,9,6,1
ol_00250,sl_0081,SP,PE,2018-05-19,2018-06-02,2018-06-05,32.8,36.7,17,14,3,1
ol_00982,sl_0112,SP,SP,2018-05-19,2018-05-31,2018-05-31,33.97,180.26,12,12,0,0
ol_01679,sl_0103,BA,MG,2018-05-19,2018-05-27,2018-05-29,41.75,100.66,10,8,2,1
ol_01690,sl_0048,SP,RJ,2018-05-19,2018-06-02,2018-06-06,50.4,75.59,18,14,4,1
ol_00474,sl_0050,SP,SP,2018-05-19,2018-06-05,2018-06-07,34.32,107.8,19,17,2,1
ol_01411,sl_0011,SP,SP,2018-05-19,2018-05-24,2018-05-25,29.27,68.68,6,5,1,1
ol_01019,sl_0031,SP,PE,2018-05-19,2018-05-26,2018-05-28,31.44,60.31,9,7,2,1
ol_01964,sl_0092,PR,MG,2018-05-20,2018-05-25,2018-05-29,40.62,160.17,9,5,4,1
ol_01657,sl_0038,MG,SP,2018-05-20,2018-05-31,2018-06-05,50.09,93.34,16,11,5,1
ol_00927,sl_0085,SP,RJ,2018-05-20,2018-05-30,2018-05-31,36.14,34.51,11,10,1,1
ol_01237,sl_0072,SP,SP,2018-05-20,2018-06-01,2018-06-02,41.1,98.05,13,12,1,1
ol_00108,sl_0007,SC,SP,2018-05-20,2018-05-28,2018-05-30,36.47,85.89,10,8,2,1
ol_00677,sl_0042,PR,RJ,2018-05-20,2018-05-27,2018-05-29,30.77,65.63,9,7,2,1
ol_00235,sl_0081,SC,SP,2018-05-20,2018-06-06,2018-06-06,19.48,116.41,17,17,0,0
ol_01748,sl_0007,BA,SP,2018-05-20,2018-05-31,2018-05-28,36.69,60.18,8,11,-3,0
ol_00969,sl_0054,SP,SP,2018-05-21,2018-06-05,2018-06-06,30.65,39.72,16,15,1,1
ol_01696,sl_0080,SP,RS,2018-05-21,2018-06-04,2018-06-06,44.87,56.27,16,14,2,1
ol_01060,sl_0062,SP,PE,2018-05-21,2018-06-07,2018-06-05,21.56,255.48,15,17,-2,0
ol_00231,sl_0081,BA,PE,2018-05-21,2018-05-31,2018-06-08,63.3,46.33,18,10,8,1
ol_01624,sl_0050,RJ,RJ,2018-05-21,2018-06-05,2018-06-03,43.87,84.72,13,15,-2,0
ol_00248,sl_0094,SP,MG,2018-05-21,2018-06-05,2018-06-05,25.87,40.57,15,15,0,0
ol_01291,sl_0092,SP,PR,2018-05-21,2018-05-30,2018-05-31,34.45,102.24,10,9,1,1
ol_01084,sl_0085,SP,PE,2018-05-21,2018-06-01,2018-06-03,27.01,104.13,13,11,2,1
ol_01545,sl_0006,BA,RS,2018-05-21,2018-06-01,2018-06-02,32.41,85.13,12,11,1,1
ol_00024,sl_0014,SP,RJ,2018-05-21,2018-05-26,2018-05-25,16.25,229.58,4,5,-1,0
ol_00137,sl_0040,SP,SP,2018-05-22,2018-06-05,2018-06-06,9.2,127.95,15,14,1,1
ol_01809,sl_0069,SP,RJ,2018-05-22,2018-05-31,2018-06-03,35.96,36.33,12,9,3,1
ol_01566,sl_0100,MG,MG,2018-05-22,2018-06-06,2018-06-06,16.88,104.78,15,15,0,0
ol_01949,sl_0011,RJ,BA,2018-05-22,2018-06-05,2018-06-06,33.12,112.38,15,14,1,1
ol_00903,sl_0017,SP,SP,2018-05-22,2018-05-30,2018-06-02,21.9,91.78,11,8,3,1
ol_01929,sl_0091,RJ,PR,2018-05-22,2018-06-08,2018-06-07,30.93,33.56,16,17,-1,0
ol_01769,sl_0069,SP,MG,2018-05-22,2018-05-30,2018-05-28,28.19,78.25,6,8,-2,0
ol_00155,sl_0071,RJ,PR,2018-05-22,2018-06-05,2018-06-05,40.07,189.46,14,14,0,0
ol_01889,sl_0054,PR,MG,2018-05-22,2018-06-04,2018-06-06,36.04,84.18,15,13,2,1
ol_00223,sl_0090,MG,SP,2018-05-22,2018-05-28,2018-05-29,26.94,67.31,7,6,1,1
ol_00976,sl_0090,RJ,SP,2018-05-22,2018-05-30,2018-05-27,39.66,120.43,5,8,-3,0
ol_00376,sl_0018,SP,RS,2018-05-23,2018-05-28,2018-05-29,38.39,187.04,6,5,1,1
ol_01773,sl_0102,SP,MG,2018-05-23,2018-06-04,2018-06-08,42.1,40.52,16,12,4,1
ol_00388,sl_0014,SP,RS,2018-05-23,2018-06-04,2018-06-05,42.83,105.4,13,12,1,1
ol_00180,sl_0102,RJ,RJ,2018-05-23,2018-06-07,2018-06-08,32.02,71.95,16,15,1,1
ol_00567,sl_0037,PR,SP,2018-05-23,2018-05-29,2018-06-02,38.38,94.21,10,6,4,1
ol_01404,sl_0091,RJ,RS,2018-05-23,2018-06-02,2018-06-03,24.41,81.45,11,10,1,1
ol_00328,sl_0051,RJ,SP,2018-05-23,2018-06-03,2018-06-02,24.06,46.26,10,11,-1,0
ol_00849,sl_0034,SC,PE,2018-05-23,2018-06-05,2018-06-05,40.94,66.85,13,13,0,0
ol_01644,sl_0029,SP,GO,2018-05-23,2018-06-01,2018-06-05,38.09,44.92,13,9,4,1
ol_01089,sl_0037,SP,RJ,2018-05-23,2018-06-06,2018-06-07,28.02,83.25,15,14,1,1
ol_01138,sl_0053,RJ,SP,2018-05-23,2018-05-28,2018-05-27,33.44,41.64,4,5,-1,0
ol_00916,sl_0089,SP,MG,2018-05-23,2018-06-06,2018-06-09,40.85,56.57,17,14,3,1
ol_01598,sl_0070,RJ,SP,2018-05-24,2018-05-30,2018-05-28,42.81,97.3,4,6,-2,0
ol_00679,sl_0002,MG,SP,2018-05-24,2018-06-07,2018-06-08,33.9,38.56,15,14,1,1
ol_00362,sl_0063,SP,RJ,2018-05-24,2018-06-08,2018-06-04,45.0,69.2,11,15,-4,0
ol_01956,sl_0061,SP,SP,2018-05-24,2018-06-07,2018-06-08,38.02,136.31,15,14,1,1
ol_01398,sl_0011,BA,RJ,2018-05-24,2018-06-05,2018-06-12,38.78,78.14,19,12,7,1
ol_01623,sl_0065,BA,MG,2018-05-24,2018-06-06,2018-06-06,25.6,86.66,13,13,0,0
ol_01699,sl_0101,SP,RJ,2018-05-24,2018-06-06,2018-06-10,30.33,138.58,17,13,4,1
ol_01157,sl_0106,MG,SP,2018-05-24,2018-06-06,2018-06-05,35.92,55.95,12,13,-1,0
ol_01345,sl_0013,SP,MG,2018-05-24,2018-06-01,2018-05-30,28.78,31.31,6,8,-2,0
ol_01476,sl_0111,SP,SP,2018-05-24,2018-06-08,2018-06-07,37.89,145.88,14,15,-1,0
ol_01860,sl_0063,SP,RS,2018-05-25,2018-06-07,2018-06-08,34.45,50.02,14,13,1,1
ol_00346,sl_0107,RJ,SP,2018-05-25,2018-06-10,2018-06-14,29.92,80.93,20,16,4,1
ol_01463,sl_0024,MG,SP,2018-05-25,2018-06-10,2018-06-11,19.26,66.33,17,16,1,1
ol_00429,sl_0059,PR,SP,2018-05-25,2018-06-02,2018-05-31,29.34,62.36,6,8,-2,0
ol_01255,sl_0044,PR,MG,2018-05-25,2018-06-09,2018-06-11,24.67,53.81,17,15,2,1
ol_01767,sl_0048,SC,MG,2018-05-25,2018-06-11,2018-06-16,37.06,102.04,22,17,5,1
ol_01113,sl_0093,RJ,BA,2018-05-26,2018-06-03,2018-06-03,30.13,77.64,8,8,0,0
ol_00105,sl_0009,SP,SP,2018-05-26,2018-06-09,2018-06-11,32.69,25.0,16,14,2,1
ol_00477,sl_0065,SP,RJ,2018-05-26,2018-06-06,2018-06-03,40.81,74.73,8,11,-3,0
ol_00404,sl_0060,SP,RS,2018-05-26,2018-06-10,2018-06-15,36.89,105.66,20,15,5,1
ol_00960,sl_0039,SP,MG,2018-05-26,2018-06-02,2018-05-31,34.27,89.54,5,7,-2,0
ol_01187,sl_0110,PR,SP,2018-05-26,2018-06-02,2018-06-03,23.93,127.71,8,7,1,1
ol_00956,sl_0118,RJ,RS,2018-05-26,2018-06-11,2018-06-15,35.23,120.83,20,16,4,1
ol_01978,sl_0117,SP,BA,2018-05-26,2018-06-06,2018-06-07,36.65,25.0,12,11,1,1
ol_01614,sl_0080,SP,SP,2018-05-26,2018-06-08,2018-06-07,33.82,61.85,12,13,-1,0
ol_01221,sl_0072,SP,RJ,2018-05-26,2018-06-05,2018-06-09,44.5,123.24,14,10,4,1
ol_01637,sl_0012,MG,GO,2018-05-26,2018-06-01,2018-06-07,45.04,142.48,12,6,6,1
ol_01358,sl_0094,SP,BA,2018-05-26,2018-06-05,2018-06-07,40.03,72.45,12,10,2,1
ol_00358,sl_0036,SP,RS,2018-05-26,2018-06-10,2018-06-17,41.65,222.32,22,15,7,1
ol_01808,sl_0026,SP,PE,2018-05-26,2018-06-08,2018-06-13,37.81,103.28,18,13,5,1
ol_00204,sl_0069,RJ,RJ,2018-05-26,2018-06-05,2018-06-05,27.07,116.6,10,10,0,0
ol_00310,sl_0061,SP,SP,2018-05-26,2018-06-12,2018-06-11,33.94,57.64,16,17,-1,0
ol_01763,sl_0046,MG,PR,2018-05-27,2018-06-09,2018-06-09,28.76,62.32,13,13,0,0
ol_00241,sl_0102,RJ,SP,2018-05-27,2018-06-09,2018-06-07,33.06,292.9,11,13,-2,0
ol_01984,sl_0041,SP,SP,2018-05-27,2018-06-01,2018-06-03,44.81,25.0,7,5,2,1
ol_01152,sl_0116,SP,RJ,2018-05-27,2018-06-02,2018-06-01,29.26,109.56,5,6,-1,0
ol_01397,sl_0071,SP,RJ,2018-05-27,2018-06-01,2018-05-31,32.85,60.32,4,5,-1,0
ol_00270,sl_0077,SP,RJ,2018-05-27,2018-06-11,2018-06-14,31.66,55.99,18,15,3,1
ol_00789,sl_0043,BA,MG,2018-05-27,2018-06-08,2018-06-09,26.35,180.32,13,12,1,1
ol_00798,sl_0032,SP,MG,2018-05-27,2018-06-06,2018-06-06,27.91,60.47,10,10,0,0
ol_00181,sl_0038,RJ,SP,2018-05-27,2018-06-10,2018-06-14,30.15,85.57,18,14,4,1
ol_00884,sl_0085,BA,MG,2018-05-27,2018-06-12,2018-06-13,30.92,174.32,17,16,1,1
ol_00097,sl_0055,SP,RS,2018-05-28,2018-06-05,2018-06-06,33.51,88.39,9,8,1,1
ol_01075,sl_0029,SP,SP,2018-05-28,2018-06-10,2018-06-10,40.8,76.79,13,13,0,0
ol_00917,sl_0020,SP,SP,2018-05-28,2018-06-14,2018-06-15,20.23,65.44,18,17,1,1
ol_00730,sl_0043,SP,RJ,2018-05-28,2018-06-02,2018-06-02,25.45,157.36,5,5,0,0
ol_00281,sl_0003,RJ,SP,2018-05-28,2018-06-06,2018-06-15,124.36,79.32,18,9,9,1
ol_01163,sl_0043,SP,SP,2018-05-28,2018-06-12,2018-06-11,33.06,55.61,14,15,-1,0
ol_01674,sl_0023,MG,RS,2018-05-28,2018-06-09,2018-06-12,21.86,105.85,15,12,3,1
ol_00695,sl_0046,SP,RS,2018-05-28,2018-06-09,2018-06-09,25.54,167.34,12,12,0,0
ol_00072,sl_0031,SP,SP,2018-05-28,2018-06-13,2018-06-15,41.36,52.61,18,16,2,1
ol_00932,sl_0024,SP,RJ,2018-05-28,2018-06-05,2018-06-04,32.83,48.72,7,8,-1,0
ol_00619,sl_0115,SC,PR,2018-05-28,2018-06-07,2018-06-08,17.27,87.76,11,10,1,1
ol_00058,sl_0041,SP,RJ,2018-05-29,2018-06-05,2018-06-06,30.68,25.0,8,7,1,1
ol_01222,sl_0037,MG,RJ,2018-05-29,2018-06-11,2018-06-11,43.12,112.98,13,13,0,0
ol_01234,sl_0104,MG,RS,2018-05-29,2018-06-14,2018-06-19,38.16,55.71,21,16,5,1
ol_01582,sl_0112,SP,GO,2018-05-29,2018-06-12,2018-06-15,23.95,81.08,17,14,3,1
ol_00340,sl_0084,SP,PR,2018-05-29,2018-06-04,2018-06-01,34.0,102.4,3,6,-3,0
ol_01990,sl_0088,PR,SP,2018-05-29,2018-06-05,2018-06-04,22.8,26.78,6,7,-1,0
ol_00299,sl_0041,BA,RJ,2018-05-29,2018-06-09,2018-06-10,57.71,118.99,12,11,1,1
ol_00113,sl_0090,RJ,BA,2018-05-29,2018-06-06,2018-06-09,40.28,65.42,11,8,3,1
ol_00197,sl_0098,BA,SP,2018-05-29,2018-06-12,2018-06-12,26.89,161.5,14,14,0,0
ol_00713,sl_0112,SP,PR,2018-05-29,2018-06-03,2018-06-06,37.45,96.03,8,5,3,1
ol_01946,sl_0094,SC,SP,2018-05-29,2018-06-14,2018-06-15,24.69,97.28,17,16,1,1
ol_01005,sl_0035,RJ,RJ,2018-05-29,2018-06-11,2018-06-11,46.37,67.93,13,13,0,0
ol_01894,sl_0027,PR,SP,2018-05-29,2018-06-11,2018-06-12,32.25,69.77,14,13,1,1
ol_01028,sl_0102,SP,RJ,2018-05-29,2018-06-13,2018-06-14,25.84,82.22,16,15,1,1
ol_00700,sl_0067,SP,GO,2018-05-30,2018-06-12,2018-06-17,49.77,58.43,18,13,5,1
ol_00408,sl_0074,SP,SP,2018-05-30,2018-06-16,2018-06-16,34.29,103.43,17,17,0,0
ol_00316,sl_0114,SP,RJ,2018-05-30,2018-06-05,2018-06-06,54.95,110.83,7,6,1,1
ol_00902,sl_0095,SP,BA,2018-05-30,2018-06-08,2018-06-12,32.58,36.48,13,9,4,1
ol_01344,sl_0107,MG,BA,2018-05-30,2018-06-11,2018-06-12,27.59,64.56,13,12,1,1
ol_00947,sl_0052,SP,MG,2018-05-30,2018-06-08,2018-06-09,40.48,151.04,10,9,1,1
ol_01781,sl_0037,SC,SP,2018-05-30,2018-06-09,2018-06-13,55.45,36.93,14,10,4,1
ol_00655,sl_0049,SP,BA,2018-05-30,2018-06-10,2018-06-13,41.16,38.65,14,11,3,1
ol_00570,sl_0044,PR,PE,2018-05-30,2018-06-09,2018-06-10,23.44,157.17,11,10,1,1
ol_01436,sl_0107,SP,MG,2018-05-30,2018-06-06,2018-06-10,46.68,51.46,11,7,4,1
ol_01508,sl_0090,RJ,PE,2018-05-30,2018-06-15,2018-06-17,37.96,29.93,18,16,2,1
ol_00943,sl_0030,SP,MG,2018-05-30,2018-06-09,2018-06-11,40.58,75.43,12,10,2,1
ol_01583,sl_0015,MG,MG,2018-05-31,2018-06-06,2018-06-10,53.11,178.08,10,6,4,1
ol_01111,sl_0007,RJ,BA,2018-05-31,2018-06-14,2018-06-14,37.91,110.21,14,14,0,0
ol_01716,sl_0076,SP,RS,2018-05-31,2018-06-08,2018-06-14,48.81,55.99,14,8,6,1
ol_01881,sl_0040,PR,GO,2018-05-31,2018-06-14,2018-06-19,36.27,42.44,19,14,5,1
ol_00634,sl_0058,SP,SP,2018-05-31,2018-06-17,2018-06-18,40.79,173.99,18,17,1,1
ol_00318,sl_0040,SC,SP,2018-05-31,2018-06-10,2018-06-15,37.17,57.5,15,10,5,1
ol_01786,sl_0080,SC,BA,2018-05-31,2018-06-12,2018-06-11,28.6,27.24,11,12,-1,0
ol_00639,sl_0035,RJ,PE,2018-05-31,2018-06-05,2018-06-07,33.83,146.25,7,5,2,1
ol_01097,sl_0106,RJ,MG,2018-05-31,2018-06-13,2018-06-13,22.84,134.34,13,13,0,0
ol_00315,sl_0035,SP,MG,2018-06-01,2018-06-11,2018-06-15,37.65,55.53,14,10,4,1
ol_00973,sl_0018,MG,MG,2018-06-01,2018-06-10,2018-06-08,20.77,36.71,7,9,-2,0
ol_00384,sl_0094,SP,SP,2018-06-01,2018-06-14,2018-06-14,41.04,42.08,13,13,0,0
ol_00237,sl_0015,MG,SP,2018-06-01,2018-06-17,2018-06-23,38.58,142.45,22,16,6,1
ol_00558,sl_0048,SP,RJ,2018-06-01,2018-06-12,2018-06-12,24.87,65.24,11,11,0,0
ol_01697,sl_0029,SP,SP,2018-06-01,2018-06-07,2018-06-05,32.11,88.61,4,6,-2,0
ol_01185,sl_0002,SC,MG,2018-06-01,2018-06-12,2018-06-09,26.97,50.21,8,11,-3,0
ol_00889,sl_0115,RJ,SP,2018-06-01,2018-06-16,2018-06-15,38.07,93.08,14,15,-1,0
ol_00527,sl_0116,SP,SP,2018-06-02,2018-06-14,2018-06-13,18.29,53.26,11,12,-1,0
ol_01760,sl_0116,PR,PR,2018-06-02,2018-06-16,2018-06-20,31.54,88.98,18,14,4,1
ol_00576,sl_0049,BA,GO,2018-06-02,2018-06-15,2018-06-19,32.21,132.34,17,13,4,1
ol_00000,sl_0073,SP,RJ,2018-06-02,2018-06-13,2018-06-13,47.14,91.69,11,11,0,0
ol_01145,sl_0097,SP,MG,2018-06-02,2018-06-14,2018-06-14,30.0,185.22,12,12,0,0
ol_00869,sl_0039,SP,PR,2018-06-02,2018-06-12,2018-06-16,51.34,34.4,14,10,4,1
ol_00214,sl_0026,SP,PE,2018-06-02,2018-06-16,2018-06-16,33.02,158.02,14,14,0,0
ol_01083,sl_0046,MG,SP,2018-06-02,2018-06-18,2018-06-19,34.57,141.57,17,16,1,1
ol_00117,sl_0019,SP,SP,2018-06-03,2018-06-08,2018-06-09,48.86,105.61,6,5,1,1
ol_00962,sl_0077,SP,SP,2018-06-03,2018-06-20,2018-06-19,31.66,70.28,16,17,-1,0
ol_00993,sl_0079,SP,MG,2018-06-03,2018-06-14,2018-06-13,35.36,59.55,10,11,-1,0
ol_01758,sl_0048,RJ,BA,2018-06-03,2018-06-14,2018-06-17,44.39,42.03,14,11,3,1
ol_00560,sl_0089,SP,SP,2018-06-03,2018-06-09,2018-06-12,48.68,120.12,9,6,3,1
ol_00724,sl_0029,PR,RJ,2018-06-03,2018-06-10,2018-06-12,45.69,62.03,9,7,2,1
ol_01535,sl_0015,SP,PE,2018-06-03,2018-06-15,2018-06-17,36.83,75.95,14,12,2,1
ol_01804,sl_0113,SP,RS,2018-06-04,2018-06-14,2018-06-16,28.44,39.62,12,10,2,1
ol_01754,sl_0092,PR,PE,2018-06-04,2018-06-19,2018-06-18,35.92,62.82,14,15,-1,0
ol_01350,sl_0053,RJ,MG,2018-06-04,2018-06-14,2018-06-15,34.25,56.9,11,10,1,1
ol_00787,sl_0052,PR,PE,2018-06-04,2018-06-11,2018-06-15,38.21,132.53,11,7,4,1
ol_01415,sl_0050,SP,RJ,2018-06-04,2018-06-10,2018-06-06,31.77,51.36,2,6,-4,0
ol_01876,sl_0028,SP,SP,2018-06-04,2018-06-13,2018-06-13,38.67,90.88,9,9,0,0
ol_00580,sl_0081,SP,PR,2018-06-04,2018-06-18,2018-06-16,37.9,98.33,12,14,-2,0
ol_00043,sl_0074,SP,RJ,2018-06-04,2018-06-12,2018-06-11,34.64,76.84,7,8,-1,0
ol_00462,sl_0015,PR,PE,2018-06-04,2018-06-10,2018-06-14,30.09,41.09,10,6,4,1
ol_01828,sl_0047,RJ,SP,2018-06-04,2018-06-13,2018-06-16,41.63,36.71,12,9,3,1
ol_00811,sl_0011,SP,MG,2018-06-04,2018-06-12,2018-06-12,21.41,79.76,8,8,0,0
ol_01304,sl_0059,SP,BA,2018-06-04,2018-06-18,2018-06-21,32.9,87.35,17,14,3,1
ol_00897,sl_0111,SP,BA,2018-06-05,2018-06-21,2018-06-23,49.56,83.66,18,16,2,1
ol_01165,sl_0094,RJ,SP,2018-06-05,2018-06-20,2018-06-18,36.08,102.6,13,15,-2,0
ol_00189,sl_0082,SP,PR,2018-06-05,2018-06-18,2018-06-20,39.42,96.5,15,13,2,1
ol_00788,sl_0069,SP,PE,2018-06-05,2018-06-22,2018-06-25,24.44,55.74,20,17,3,1
ol_00716,sl_0068,SP,SP,2018-06-05,2018-06-19,2018-06-19,34.57,58.78,14,14,0,0
ol_01982,sl_0053,SP,SP,2018-06-05,2018-06-15,2018-06-17,31.14,29.91,12,10,2,1
ol_00035,sl_0115,PR,SP,2018-06-05,2018-06-20,2018-06-20,40.0,116.15,15,15,0,0
ol_00769,sl_0025,SP,RS,2018-06-05,2018-06-13,2018-06-15,49.09,99.61,10,8,2,1
ol_01093,sl_0039,RJ,MG,2018-06-05,2018-06-20,2018-06-23,43.87,91.55,18,15,3,1
ol_00101,sl_0091,SP,RS,2018-06-05,2018-06-18,2018-06-23,35.61,94.84,18,13,5,1
ol_01721,sl_0098,SP,SP,2018-06-05,2018-06-19,2018-06-18,20.05,50.68,13,14,-1,0
ol_00077,sl_0031,PR,SP,2018-06-05,2018-06-14,2018-06-18,32.08,145.83,13,9,4,1
ol_00734,sl_0081,SC,SP,2018-06-05,2018-06-11,2018-06-13,20.15,34.58,8,6,2,1
ol_01455,sl_0072,SP,SP,2018-06-05,2018-06-12,2018-06-14,30.12,48.1,9,7,2,1
ol_01966,sl_0102,SP,PR,2018-06-05,2018-06-19,2018-06-21,45.53,120.63,16,14,2,1
ol_00327,sl_0044,SP,SP,2018-06-05,2018-06-21,2018-06-21,30.75,130.85,16,16,0,0
ol_00578,sl_0108,PR,RJ,2018-06-05,2018-06-16,2018-06-18,33.75,96.5,13,11,2,1
ol_01259,sl_0005,MG,SP,2018-06-06,2018-06-14,2018-06-15,31.15,76.13,9,8,1,1
ol_01765,sl_0111,SP,RJ,2018-06-06,2018-06-22,2018-06-21,45.02,170.13,15,16,-1,0
ol_01820,sl_0095,SP,RJ,2018-06-06,2018-06-14,2018-06-13,29.65,102.2,7,8,-1,0
ol_00430,sl_0025,SP,SP,2018-06-06,2018-06-17,2018-06-17,28.4,94.25,11,11,0,0
ol_01356,sl_0009,SP,RS,2018-06-06,2018-06-15,2018-06-21,32.51,58.47,15,9,6,1
ol_01355,sl_0049,PR,SP,2018-06-06,2018-06-17,2018-06-13,23.7,202.2,7,11,-4,0
ol_00844,sl_0091,MG,RJ,2018-06-06,2018-06-16,2018-06-21,38.89,113.64,15,10,5,1
ol_00286,sl_0025,MG,PE,2018-06-06,2018-06-13,2018-06-14,37.66,116.27,8,7,1,1
ol_00762,sl_0087,RJ,RJ,2018-06-06,2018-06-15,2018-06-15,30.08,154.42,9,9,0,0
ol_01621,sl_0099,RJ,SP,2018-06-06,2018-06-23,2018-06-24,42.5,80.96,18,17,1,1
ol_00188,sl_0028,SP,SP,2018-06-06,2018-06-18,2018-06-18,28.56,99.6,12,12,0,0
ol_00309,sl_0028,SP,RJ,2018-06-06,2018-06-11,2018-06-12,43.46,42.83,6,5,1,1
ol_01574,sl_0101,RJ,SP,2018-06-06,2018-06-11,2018-06-14,43.59,115.92,8,5,3,1
ol_00699,sl_0054,RJ,SP,2018-06-06,2018-06-17,2018-06-17,23.98,69.19,11,11,0,0
ol_01643,sl_0007,MG,RS,2018-06-06,2018-06-22,2018-06-25,38.89,81.02,19,16,3,1
ol_00365,sl_0009,SP,RJ,2018-06-06,2018-06-19,2018-06-17,26.12,69.25,11,13,-2,0
ol_00717,sl_0023,PR,MG,2018-06-06,2018-06-11,2018-06-11,28.89,108.48,5,5,0,0
ol_00360,sl_0117,RJ,PE,2018-06-06,2018-06-20,2018-06-20,20.06,138.09,14,14,0,0
ol_01918,sl_0066,MG,MG,2018-06-06,2018-06-15,2018-06-15,35.73,81.3,9,9,0,0
ol_00506,sl_0016,SP,SP,2018-06-07,2018-06-14,2018-06-17,28.71,54.7,10,7,3,1
ol_01441,sl_0050,SP,SP,2018-06-07,2018-06-21,2018-06-21,36.2,80.13,14,14,0,0
ol_01095,sl_0075,SP,RJ,2018-06-07,2018-06-18,2018-06-18,28.13,241.33,11,11,0,0
ol_00587,sl_0092,PR,MG,2018-06-07,2018-06-14,2018-06-14,24.74,33.5,7,7,0,0
ol_01279,sl_0096,BA,PE,2018-06-07,2018-06-20,2018-06-24,49.05,207.96,17,13,4,1
ol_01340,sl_0111,SP,RS,2018-06-07,2018-06-17,2018-06-18,22.01,159.57,11,10,1,1
ol_01036,sl_0110,RJ,RS,2018-06-07,2018-06-21,2018-06-21,45.45,172.72,14,14,0,0
ol_01726,sl_0079,SP,RS,2018-06-07,2018-06-21,2018-06-22,37.41,162.78,15,14,1,1
ol_00922,sl_0027,SC,GO,2018-06-07,2018-06-19,2018-06-23,45.95,51.79,16,12,4,1
ol_00908,sl_0053,MG,RS,2018-06-07,2018-06-20,2018-06-20,43.39,69.45,13,13,0,0
ol_01911,sl_0096,RJ,BA,2018-06-07,2018-06-19,2018-06-18,35.85,89.93,11,12,-1,0
ol_00257,sl_0044,SP,SP,2018-06-08,2018-06-17,2018-06-18,35.51,40.22,10,9,1,1
ol_00685,sl_0070,MG,RS,2018-06-08,2018-06-22,2018-06-23,32.24,122.58,15,14,1,1
ol_00381,sl_0017,RJ,RJ,2018-06-08,2018-06-18,2018-06-18,45.22,89.29,10,10,0,0
ol_00937,sl_0017,MG,SP,2018-06-08,2018-06-24,2018-06-28,34.86,118.84,20,16,4,1
ol_01359,sl_0006,SP,MG,2018-06-08,2018-06-18,2018-06-19,29.38,86.94,11,10,1,1
ol_00818,sl_0037,RJ,PE,2018-06-09,2018-06-23,2018-06-25,28.52,43.94,16,14,2,1
ol_01770,sl_0032,SP,GO,2018-06-09,2018-06-26,2018-06-30,41.76,105.33,21,17,4,1
ol_01032,sl_0094,RJ,PE,2018-06-09,2018-06-23,2018-06-22,33.18,62.49,13,14,-1,0
ol_00142,sl_0073,SP,SP,2018-06-09,2018-06-25,2018-06-29,45.05,65.86,20,16,4,1
ol_01914,sl_0040,SP,MG,2018-06-09,2018-06-26,2018-06-25,13.23,69.03,16,17,-1,0
ol_01821,sl_0017,MG,GO,2018-06-09,2018-06-24,2018-06-25,27.27,144.46,16,15,1,1
ol_01713,sl_0041,SP,SP,2018-06-09,2018-06-15,2018-06-15,33.61,45.56,6,6,0,0
ol_01119,sl_0006,RJ,MG,2018-06-09,2018-06-15,2018-06-18,29.32,117.92,9,6,3,1
ol_01120,sl_0059,PR,SP,2018-06-09,2018-06-25,2018-07-02,113.95,94.84,23,16,7,1
ol_01306,sl_0080,SC,SP,2018-06-09,2018-06-17,2018-06-21,17.09,57.23,12,8,4,1
ol_00019,sl_0111,SP,MG,2018-06-09,2018-06-16,2018-06-16,36.23,71.46,7,7,0,0
ol_00563,sl_0115,RJ,SP,2018-06-09,2018-06-26,2018-06-27,23.47,52.17,18,17,1,1
ol_00300,sl_0087,SC,PE,2018-06-09,2018-06-16,2018-06-19,22.2,197.81,10,7,3,1
ol_00585,sl_0010,SP,BA,2018-06-09,2018-06-21,2018-06-24,29.36,135.29,15,12,3,1
ol_01265,sl_0118,SC,RS,2018-06-10,2018-06-26,2018-06-28,32.29,198.87,18,16,2,1
ol_00259,sl_0019,PR,SP,2018-06-10,2018-06-18,2018-06-15,25.67,69.25,5,8,-3,0
ol_00910,sl_0073,RJ,SP,2018-06-10,2018-06-15,2018-06-15,31.12,132.79,5,5,0,0
ol_00733,sl_0090,PR,SP,2018-06-10,2018-06-26,2018-06-28,44.76,35.14,18,16,2,1
ol_00208,sl_0118,PR,SP,2018-06-10,2018-06-26,2018-06-24,35.96,34.54,14,16,-2,0
ol_00486,sl_0043,RJ,SP,2018-06-10,2018-06-26,2018-06-27,15.76,140.25,17,16,1,1
ol_01457,sl_0059,SP,PE,2018-06-10,2018-06-24,2018-06-22,25.22,62.37,12,14,-2,0
ol_01454,sl_0115,SC,BA,2018-06-10,2018-06-26,2018-06-25,30.91,121.25,15,16,-1,0
ol_00132,sl_0101,SP,RJ,2018-06-10,2018-06-16,2018-06-14,44.92,76.18,4,6,-2,0
ol_01782,sl_0114,RJ,RJ,2018-06-10,2018-06-23,2018-06-26,27.31,57.47,16,13,3,1
ol_01434,sl_0076,SP,PR,2018-06-11,2018-06-23,2018-06-24,40.37,60.95,13,12,1,1
ol_00678,sl_0020,MG,RJ,2018-06-11,2018-06-25,2018-06-24,29.67,98.15,13,14,-1,0
ol_00709,sl_0022,SP,SP,2018-06-11,2018-06-18,2018-06-15,25.39,69.51,4,7,-3,0
ol_01630,sl_0071,PR,MG,2018-06-11,2018-06-26,2018-06-24,27.01,131.31,13,15,-2,0
ol_00046,sl_0067,MG,MG,2018-06-11,2018-06-19,2018-06-16,34.39,82.25,5,8,-3,0
ol_00748,sl_0092,SP,SP,2018-06-11,2018-06-24,2018-06-26,37.08,159.24,15,13,2,1
ol_00078,sl_0020,BA,SP,2018-06-11,2018-06-26,2018-06-26,20.54,178.77,15,15,0,0
ol_00809,sl_0078,RJ,SP,2018-06-11,2018-06-17,2018-06-19,34.62,93.43,8,6,2,1
ol_01427,sl_0013,RJ,RJ,2018-06-11,2018-06-17,2018-06-18,32.69,106.05,7,6,1,1
ol_01823,sl_0113,RJ,SP,2018-06-11,2018-06-21,2018-06-20,36.08,64.45,9,10,-1,0
ol_01517,sl_0010,RJ,PR,2018-06-11,2018-06-28,2018-06-28,30.7,62.69,17,17,0,0
ol_00600,sl_0010,SP,SP,2018-06-11,2018-06-23,2018-06-25,33.0,75.16,14,12,2,1
ol_00465,sl_0018,RJ,RJ,2018-06-11,2018-06-23,2018-06-25,21.86,62.62,14,12,2,1
ol_01239,sl_0075,SP,RS,2018-06-11,2018-06-18,2018-06-23,40.86,126.33,12,7,5,1
ol_01981,sl_0016,PR,SP,2018-06-11,2018-06-26,2018-06-25,23.99,83.73,14,15,-1,0
ol_01555,sl_0004,MG,PR,2018-06-11,2018-06-26,2018-06-27,35.98,103.08,16,15,1,1
ol_00419,sl_0059,MG,RJ,2018-06-11,2018-06-27,2018-06-26,18.8,54.36,15,16,-1,0
ol_00218,sl_0039,SP,GO,2018-06-12,2018-06-27,2018-06-29,53.35,44.76,17,15,2,1
ol_00246,sl_0089,RJ,RJ,2018-06-12,2018-06-25,2018-06-25,41.87,70.57,13,13,0,0
ol_01663,sl_0073,RJ,PR,2018-06-12,2018-06-21,2018-06-18,22.2,95.72,6,9,-3,0
ol_00541,sl_0019,SP,RJ,2018-06-12,2018-06-19,2018-06-20,36.23,106.09,8,7,1,1
ol_00841,sl_0097,RJ,RJ,2018-06-12,2018-06-17,2018-06-18,22.8,74.63,6,5,1,1
ol_01117,sl_0029,MG,SP,2018-06-12,2018-06-25,2018-06-29,33.27,88.45,17,13,4,1
ol_00664,sl_0081,SP,SP,2018-06-12,2018-06-28,2018-06-28,32.88,27.84,16,16,0,0
ol_00692,sl_0038,SP,SP,2018-06-12,2018-06-18,2018-06-16,30.02,53.57,4,6,-2,0
ol_00802,sl_0081,SP,PR,2018-06-12,2018-06-26,2018-06-28,26.08,79.9,16,14,2,1
ol_01779,sl_0020,SP,RJ,2018-06-12,2018-06-17,2018-06-20,37.87,110.05,8,5,3,1
ol_00784,sl_0080,SP,SP,2018-06-12,2018-06-17,2018-06-15,35.78,129.53,3,5,-2,0
ol_00771,sl_0057,PR,RJ,2018-06-12,2018-06-22,2018-06-21,32.34,119.7,9,10,-1,0
ol_00994,sl_0078,SP,PR,2018-06-12,2018-06-22,2018-06-19,21.79,71.8,7,10,-3,0
ol_00349,sl_0007,RJ,MG,2018-06-13,2018-06-30,2018-06-30,24.25,181.54,17,17,0,0
ol_01159,sl_0092,MG,MG,2018-06-13,2018-06-19,2018-06-19,37.3,36.43,6,6,0,0
ol_01172,sl_0068,MG,SP,2018-06-13,2018-06-23,2018-06-23,33.36,32.5,10,10,0,0
ol_01043,sl_0111,SP,SP,2018-06-13,2018-06-24,2018-06-22,34.02,54.05,9,11,-2,0
ol_00491,sl_0106,SC,RS,2018-06-13,2018-06-21,2018-06-23,33.99,103.23,10,8,2,1
ol_01940,sl_0039,SP,SP,2018-06-13,2018-06-22,2018-06-20,24.95,100.78,7,9,-2,0
ol_01933,sl_0096,SP,BA,2018-06-13,2018-06-22,2018-06-20,34.33,68.44,7,9,-2,0
ol_00343,sl_0097,SP,SP,2018-06-13,2018-06-28,2018-07-04,54.96,64.16,21,15,6,1
ol_00033,sl_0010,SP,GO,2018-06-13,2018-06-30,2018-07-02,34.64,138.63,19,17,2,1
ol_00836,sl_0060,SP,BA,2018-06-13,2018-06-27,2018-06-30,58.24,105.67,17,14,3,1
ol_00337,sl_0059,RJ,PE,2018-06-13,2018-06-26,2018-06-29,41.92,70.57,16,13,3,1
ol_01847,sl_0089,RJ,BA,2018-06-13,2018-06-27,2018-06-25,47.4,55.57,12,14,-2,0
ol_00808,sl_0035,SP,SP,2018-06-14,2018-06-29,2018-06-27,37.36,227.0,13,15,-2,0
ol_01866,sl_0099,SP,SP,2018-06-14,2018-06-27,2018-06-30,42.33,73.4,16,13,3,1
ol_01865,sl_0104,MG,SP,2018-06-14,2018-06-22,2018-06-20,37.0,95.42,6,8,-2,0
ol_01096,sl_0012,PR,RJ,2018-06-14,2018-06-30,2018-07-01,36.32,46.24,17,16,1,1
ol_01109,sl_0096,SP,SP,2018-06-14,2018-06-27,2018-06-27,19.65,40.0,13,13,0,0
ol_00131,sl_0091,SP,BA,2018-06-14,2018-06-29,2018-07-01,35.95,47.42,17,15,2,1
ol_00146,sl_0033,PR,SP,2018-06-14,2018-06-29,2018-06-30,30.28,68.33,16,15,1,1
ol_00598,sl_0082,MG,SP,2018-06-14,2018-06-22,2018-06-22,30.49,102.61,8,8,0,0
ol_01673,sl_0009,BA,GO,2018-06-14,2018-06-19,2018-06-20,36.98,125.92,6,5,1,1
ol_01734,sl_0077,SP,PR,2018-06-14,2018-06-25,2018-06-28,40.48,89.28,14,11,3,1
ol_01724,sl_0114,SP,SP,2018-06-14,2018-07-01,2018-07-01,26.58,100.37,17,17,0,0
ol_00403,sl_0112,PR,RS,2018-06-14,2018-06-22,2018-06-27,46.86,68.14,13,8,5,1
ol_00044,sl_0003,MG,PR,2018-06-14,2018-06-23,2018-06-17,28.42,69.82,3,9,-6,0
ol_00049,sl_0117,SP,RJ,2018-06-14,2018-06-27,2018-06-28,36.64,73.05,14,13,1,1
ol_01986,sl_0099,SP,BA,2018-06-15,2018-06-23,2018-06-22,37.46,101.69,7,8,-1,0
ol_00052,sl_0052,SP,SP,2018-06-15,2018-06-30,2018-06-29,38.28,137.91,14,15,-1,0
ol_00530,sl_0007,BA,SP,2018-06-15,2018-06-27,2018-06-29,30.98,51.26,14,12,2,1
ol_00191,sl_0113,RJ,SP,2018-06-15,2018-06-24,2018-06-21,36.99,59.89,6,9,-3,0
ol_01202,sl_0088,RJ,RJ,2018-06-15,2018-06-29,2018-06-30,53.31,89.86,15,14,1,1
ol_00561,sl_0017,PR,RJ,2018-06-15,2018-06-22,2018-06-25,32.78,69.86,10,7,3,1
ol_01559,sl_0079,SP,PE,2018-06-15,2018-06-20,2018-06-20,31.96,46.86,5,5,0,0
ol_00886,sl_0006,SP,SP,2018-06-15,2018-07-01,2018-06-28,16.81,131.38,13,16,-3,0
ol_00838,sl_0031,MG,PR,2018-06-16,2018-06-24,2018-06-22,32.31,66.16,6,8,-2,0
ol_00169,sl_0021,SP,SP,2018-06-16,2018-06-26,2018-06-28,24.83,135.9,12,10,2,1
ol_01130,sl_0029,SP,BA,2018-06-16,2018-07-01,2018-07-03,33.68,49.37,17,15,2,1
ol_01272,sl_0001,PR,SP,2018-06-16,2018-06-22,2018-06-21,20.48,97.41,5,6,-1,0
ol_01001,sl_0003,PR,SP,2018-06-16,2018-06-27,2018-06-26,48.14,43.65,10,11,-1,0
ol_00123,sl_0036,SP,MG,2018-06-16,2018-06-28,2018-06-29,38.63,68.5,13,12,1,1
ol_01528,sl_0104,SP,RJ,2018-06-16,2018-06-22,2018-06-21,36.85,202.45,5,6,-1,0
ol_00120,sl_0102,MG,PR,2018-06-16,2018-06-25,2018-06-26,35.82,76.71,10,9,1,1
ol_01031,sl_0102,RJ,SP,2018-06-16,2018-06-24,2018-06-25,25.66,36.41,9,8,1,1
ol_01908,sl_0093,PR,SP,2018-06-16,2018-07-02,2018-06-30,36.12,31.33,14,16,-2,0
ol_01950,sl_0011,SP,SP,2018-06-17,2018-07-02,2018-06-30,38.11,176.25,13,15,-2,0
ol_00738,sl_0056,PR,PR,2018-06-17,2018-07-03,2018-07-04,35.07,70.05,17,16,1,1
ol_01879,sl_0046,SP,MG,2018-06-17,2018-06-27,2018-06-28,34.68,325.81,11,10,1,1
ol_01532,sl_0108,SP,GO,2018-06-17,2018-06-27,2018-06-30,51.45,110.61,13,10,3,1
ol_01681,sl_0114,PR,SP,2018-06-17,2018-06-23,2018-06-20,35.5,125.52,3,6,-3,0
ol_00942,sl_0069,SP,SP,2018-06-17,2018-06-23,2018-06-20,46.33,172.75,3,6,-3,0
ol_00843,sl_0051,SP,PR,2018-06-17,2018-06-24,2018-06-27,48.18,81.66,10,7,3,1
ol_00933,sl_0088,SP,SP,2018-06-17,2018-07-02,2018-07-05,29.89,88.81,18,15,3,1
ol_01526,sl_0058,SP,RJ,2018-06-17,2018-07-04,2018-07-08,33.82,190.18,21,17,4,1
ol_00959,sl_0033,BA,GO,2018-06-17,2018-06-23,2018-06-25,34.9,81.72,8,6,2,1
ol_01766,sl_0008,BA,PE,2018-06-18,2018-06-30,2018-07-01,36.67,111.14,13,12,1,1
ol_01890,sl_0070,SP,MG,2018-06-18,2018-06-28,2018-06-27,36.34,53.3,9,10,-1,0
ol_00104,sl_0083,SC,PE,2018-06-18,2018-06-26,2018-06-25,43.5,224.96,7,8,-1,0
ol_01025,sl_0039,SP,RJ,2018-06-18,2018-06-27,2018-06-26,37.68,29.84,8,9,-1,0
ol_01020,sl_0021,PR,PR,2018-06-18,2018-07-01,2018-07-02,31.78,53.82,14,13,1,1
ol_00508,sl_0049,SP,GO,2018-06-18,2018-07-05,2018-07-09,34.67,64.12,21,17,4,1
ol_00636,sl_0081,BA,RJ,2018-06-18,2018-07-05,2018-07-09,25.69,50.14,21,17,4,1
ol_00610,sl_0098,SP,SP,2018-06-18,2018-06-30,2018-07-03,33.95,95.39,15,12,3,1
ol_00555,sl_0012,RJ,RJ,2018-06-19,2018-06-26,2018-06-27,24.77,135.76,8,7,1,1
ol_00630,sl_0065,SP,MG,2018-06-19,2018-07-04,2018-07-04,42.19,90.66,15,15,0,0
ol_01402,sl_0064,MG,SP,2018-06-19,2018-07-05,2018-07-07,31.15,225.71,18,16,2,1
ol_01361,sl_0055,RJ,RJ,2018-06-19,2018-07-03,2018-07-05,47.29,105.41,16,14,2,1
ol_01312,sl_0027,SP,SP,2018-06-19,2018-06-27,2018-07-01,30.79,107.79,12,8,4,1
ol_00054,sl_0011,SP,SP,2018-06-19,2018-06-30,2018-06-30,35.48,138.78,11,11,0,0
ol_01587,sl_0053,SP,SP,2018-06-19,2018-07-06,2018-07-08,41.74,126.76,19,17,2,1
ol_00642,sl_0099,SP,MG,2018-06-19,2018-07-03,2018-07-03,22.8,120.06,14,14,0,0
ol_00596,sl_0061,PR,RJ,2018-06-19,2018-06-30,2018-06-30,33.27,53.88,11,11,0,0
ol_01460,sl_0032,RJ,PE,2018-06-19,2018-06-25,2018-06-28,37.28,70.25,9,6,3,1
ol_01199,sl_0018,PR,RJ,2018-06-19,2018-07-02,2018-07-02,29.15,37.89,13,13,0,0
ol_01388,sl_0117,RJ,SP,2018-06-19,2018-07-06,2018-07-08,20.53,91.89,19,17,2,1
ol_00280,sl_0061,RJ,RJ,2018-06-19,2018-07-01,2018-06-30,26.63,79.15,11,12,-1,0
ol_01318,sl_0041,RJ,SP,2018-06-19,2018-06-26,2018-06-26,41.32,109.45,7,7,0,0
ol_00744,sl_0108,SP,PR,2018-06-19,2018-06-24,2018-06-27,44.04,67.01,8,5,3,1
ol_01027,sl_0100,SP,RJ,2018-06-19,2018-06-27,2018-06-24,22.95,116.16,5,8,-3,0
ol_01720,sl_0030,SP,RJ,2018-06-19,2018-06-28,2018-06-26,35.24,49.27,7,9,-2,0
ol_01217,sl_0040,SP,SP,2018-06-19,2018-07-02,2018-07-04,51.15,117.56,15,13,2,1
ol_00402,sl_0052,SP,RJ,2018-06-19,2018-07-03,2018-07-07,52.79,79.78,18,14,4,1
ol_00069,sl_0028,RJ,SP,2018-06-20,2018-06-30,2018-07-01,46.5,108.08,11,10,1,1
ol_01971,sl_0008,RJ,PR,2018-06-20,2018-06-27,2018-06-25,38.67,66.13,5,7,-2,0
ol_00183,sl_0042,MG,SP,2018-06-20,2018-07-02,2018-07-01,30.13,117.12,11,12,-1,0
ol_00312,sl_0082,RJ,SP,2018-06-20,2018-07-03,2018-07-01,33.53,92.79,11,13,-2,0
ol_00948,sl_0017,SP,RS,2018-06-20,2018-07-02,2018-07-06,43.14,65.23,16,12,4,1
ol_01190,sl_0090,SP,SP,2018-06-20,2018-07-01,2018-07-05,32.97,59.28,15,11,4,1
ol_00745,sl_0088,MG,BA,2018-06-20,2018-07-04,2018-07-04,36.98,33.82,14,14,0,0
ol_00219,sl_0112,SP,GO,2018-06-20,2018-07-04,2018-07-08,26.07,206.94,18,14,4,1
ol_00515,sl_0030,SC,SP,2018-06-20,2018-06-27,2018-06-29,40.06,101.39,9,7,2,1
ol_01576,sl_0076,RJ,RS,2018-06-21,2018-07-01,2018-07-02,48.18,64.65,11,10,1,1
ol_01967,sl_0015,SP,SP,2018-06-21,2018-06-26,2018-06-24,34.33,105.33,3,5,-2,0
ol_01818,sl_0032,SP,PE,2018-06-21,2018-07-05,2018-07-09,45.74,64.02,18,14,4,1
ol_01648,sl_0101,BA,RJ,2018-06-21,2018-07-08,2018-07-08,23.18,97.79,17,17,0,0
ol_00645,sl_0054,BA,RS,2018-06-21,2018-06-26,2018-06-27,24.66,85.8,6,5,1,1
ol_01462,sl_0043,SP,PE,2018-06-21,2018-06-29,2018-07-01,37.81,45.12,10,8,2,1
ol_00493,sl_0024,SP,RS,2018-06-21,2018-07-06,2018-07-06,46.16,36.31,15,15,0,0
ol_01479,sl_0045,RJ,SP,2018-06-22,2018-07-04,2018-07-03,28.2,146.52,11,12,-1,0
ol_01323,sl_0003,SP,GO,2018-06-22,2018-07-06,2018-07-10,38.53,75.06,18,14,4,1
ol_00747,sl_0068,SP,SP,2018-06-22,2018-07-04,2018-07-03,33.86,77.01,11,12,-1,0
ol_00274,sl_0111,SC,RJ,2018-06-22,2018-07-05,2018-07-05,16.65,58.31,13,13,0,0
ol_00840,sl_0052,SP,PE,2018-06-22,2018-06-27,2018-07-01,32.56,110.97,9,5,4,1
ol_00168,sl_0057,RJ,MG,2018-06-22,2018-07-06,2018-07-06,43.58,41.31,14,14,0,0
ol_00548,sl_0054,SP,RJ,2018-06-22,2018-07-08,2018-07-05,30.57,66.79,13,16,-3,0
ol_01015,sl_0047,SP,GO,2018-06-23,2018-07-05,2018-07-07,27.65,119.29,14,12,2,1
ol_01780,sl_0113,MG,RS,2018-06-23,2018-07-04,2018-07-08,30.92,142.72,15,11,4,1
ol_00400,sl_0066,SP,SP,2018-06-23,2018-07-01,2018-07-03,32.71,135.95,10,8,2,1
ol_00390,sl_0040,MG,SP,2018-06-23,2018-06-29,2018-06-30,28.52,89.12,7,6,1,1
ol_00907,sl_0017,RJ,GO,2018-06-23,2018-07-09,2018-07-12,36.15,108.45,19,16,3,1
ol_01063,sl_0085,SP,SP,2018-06-23,2018-07-05,2018-07-08,42.53,94.32,15,12,3,1
ol_00858,sl_0064,SP,MG,2018-06-23,2018-06-29,2018-06-29,32.38,64.98,6,6,0,0
ol_01329,sl_0020,SP,RJ,2018-06-23,2018-06-29,2018-07-01,42.78,78.09,8,6,2,1
ol_01688,sl_0115,RJ,PR,2018-06-23,2018-07-10,2018-07-16,57.64,73.78,23,17,6,1
ol_01302,sl_0045,RJ,SP,2018-06-23,2018-06-28,2018-06-27,17.17,37.82,4,5,-1,0
ol_01654,sl_0081,BA,RJ,2018-06-24,2018-07-06,2018-07-09,37.18,120.2,15,12,3,1
ol_00267,sl_0047,RJ,PE,2018-06-24,2018-06-30,2018-07-04,42.21,54.3,10,6,4,1
ol_00611,sl_0091,SP,MG,2018-06-24,2018-07-01,2018-07-03,45.77,91.51,9,7,2,1
ol_01418,sl_0045,SP,RJ,2018-06-24,2018-07-11,2018-07-12,34.87,87.15,18,17,1,1
ol_00287,sl_0032,SP,BA,2018-06-24,2018-07-02,2018-07-07,58.56,28.12,13,8,5,1
ol_00725,sl_0099,RJ,RJ,2018-06-24,2018-07-10,2018-07-11,18.37,47.55,17,16,1,1
ol_01980,sl_0036,SP,PR,2018-06-24,2018-07-11,2018-07-12,40.45,87.94,18,17,1,1
ol_01173,sl_0073,SP,RJ,2018-06-24,2018-07-05,2018-07-03,43.17,115.0,9,11,-2,0
ol_01325,sl_0054,RJ,SP,2018-06-24,2018-07-11,2018-07-13,18.93,76.17,19,17,2,1
ol_01829,sl_0033,MG,RJ,2018-06-24,2018-07-01,2018-07-06,56.74,67.08,12,7,5,1
ol_00184,sl_0033,SP,RS,2018-06-24,2018-07-05,2018-07-06,21.18,67.69,12,11,1,1
ol_00020,sl_0106,SP,SP,2018-06-24,2018-07-09,2018-07-10,43.96,58.38,16,15,1,1
ol_00990,sl_0048,SP,RJ,2018-06-24,2018-07-01,2018-06-30,28.36,75.46,6,7,-1,0
ol_01459,sl_0095,RJ,PE,2018-06-24,2018-07-10,2018-07-14,42.89,125.56,20,16,4,1
ol_01303,sl_0059,BA,SP,2018-06-25,2018-07-07,2018-07-09,23.13,187.97,14,12,2,1
ol_00022,sl_0005,PR,PR,2018-06-25,2018-07-03,2018-07-05,32.85,101.65,10,8,2,1
ol_00368,sl_0067,SP,RJ,2018-06-25,2018-07-12,2018-07-11,27.64,30.27,16,17,-1,0
ol_01330,sl_0086,RJ,SP,2018-06-25,2018-07-01,2018-06-27,38.25,44.83,2,6,-4,0
ol_01670,sl_0111,SC,SP,2018-06-25,2018-07-06,2018-07-05,25.62,92.25,10,11,-1,0
ol_00825,sl_0065,BA,MG,2018-06-25,2018-07-11,2018-07-14,52.35,126.96,19,16,3,1
ol_00939,sl_0047,SP,SP,2018-06-25,2018-07-12,2018-07-07,20.94,70.73,12,17,-5,0
ol_00233,sl_0041,SP,RJ,2018-06-25,2018-06-30,2018-07-03,25.42,121.18,8,5,3,1
ol_01586,sl_0083,SC,SP,2018-06-25,2018-07-02,2018-07-06,37.34,117.36,11,7,4,1
ol_01901,sl_0024,SP,SP,2018-06-25,2018-07-06,2018-07-09,32.05,52.4,14,11,3,1
ol_00704,sl_0081,SP,MG,2018-06-25,2018-07-05,2018-07-03,22.26,118.49,8,10,-2,0
ol_00096,sl_0112,SP,PR,2018-06-25,2018-07-03,2018-06-30,35.99,163.01,5,8,-3,0
ol_00761,sl_0084,SP,PR,2018-06-25,2018-07-05,2018-07-07,36.97,114.12,12,10,2,1
ol_00861,sl_0103,SP,MG,2018-06-25,2018-07-06,2018-07-05,44.19,102.76,10,11,-1,0
ol_01505,sl_0051,RJ,SP,2018-06-26,2018-07-13,2018-07-15,22.47,40.18,19,17,2,1
ol_01168,sl_0069,RJ,PR,2018-06-26,2018-07-03,2018-07-03,22.14,26.19,7,7,0,0
ol_00961,sl_0045,SC,PR,2018-06-26,2018-07-11,2018-07-15,58.71,131.56,19,15,4,1
ol_00936,sl_0048,SP,PE,2018-06-26,2018-07-11,2018-07-14,45.55,85.26,18,15,3,1
ol_00971,sl_0057,SP,PR,2018-06-26,2018-07-09,2018-07-05,23.48,71.48,9,13,-4,0
ol_01540,sl_0003,RJ,SP,2018-06-26,2018-07-03,2018-07-07,35.36,42.09,11,7,4,1
ol_01442,sl_0043,SP,SP,2018-06-26,2018-07-05,2018-07-02,32.61,134.56,6,9,-3,0
ol_01578,sl_0070,RJ,RS,2018-06-26,2018-07-02,2018-07-01,36.23,57.81,5,6,-1,0
ol_00091,sl_0103,RJ,RS,2018-06-26,2018-07-03,2018-07-07,30.45,70.73,11,7,4,1
ol_01675,sl_0020,RJ,SP,2018-06-27,2018-07-12,2018-07-14,15.71,111.69,17,15,2,1
ol_01717,sl_0010,SP,SP,2018-06-27,2018-07-02,2018-07-01,30.55,42.13,4,5,-1,0
ol_00754,sl_0093,MG,MG,2018-06-27,2018-07-10,2018-07-10,41.94,52.87,13,13,0,0
ol_00945,sl_0029,PR,RS,2018-06-27,2018-07-10,2018-07-12,49.55,59.82,15,13,2,1
ol_01883,sl_0081,MG,GO,2018-06-27,2018-07-03,2018-07-04,38.13,85.43,7,6,1,1
ol_00941,sl_0059,PR,PE,2018-06-27,2018-07-08,2018-07-09,26.69,75.08,12,11,1,1
ol_00623,sl_0054,PR,PE,2018-06-27,2018-07-04,2018-07-06,28.24,90.62,9,7,2,1
ol_01736,sl_0100,RJ,RJ,2018-06-27,2018-07-09,2018-07-09,30.67,128.42,12,12,0,0
ol_01240,sl_0087,SC,RS,2018-06-27,2018-07-03,2018-07-02,30.76,65.05,5,6,-1,0
ol_01339,sl_0081,RJ,MG,2018-06-28,2018-07-03,2018-07-03,38.2,130.35,5,5,0,0
ol_00665,sl_0061,MG,RJ,2018-06-28,2018-07-05,2018-07-03,37.16,109.18,5,7,-2,0
ol_00469,sl_0061,RJ,MG,2018-06-28,2018-07-12,2018-07-15,52.39,58.53,17,14,3,1
ol_01746,sl_0064,RJ,RS,2018-06-28,2018-07-08,2018-07-13,57.51,59.03,15,10,5,1
ol_00712,sl_0087,SP,GO,2018-06-28,2018-07-03,2018-07-03,23.88,102.58,5,5,0,0
ol_00690,sl_0048,SP,SP,2018-06-28,2018-07-04,2018-07-06,41.72,217.7,8,6,2,1
ol_01959,sl_0020,SP,PE,2018-06-28,2018-07-10,2018-07-14,33.84,126.13,16,12,4,1
ol_01741,sl_0084,SP,GO,2018-06-28,2018-07-11,2018-07-13,30.36,87.37,15,13,2,1
ol_01784,sl_0031,SP,PR,2018-06-29,2018-07-09,2018-07-11,44.95,43.79,12,10,2,1
ol_01742,sl_0107,SP,SP,2018-06-29,2018-07-15,2018-07-14,37.82,109.55,15,16,-1,0
ol_00525,sl_0084,SP,RJ,2018-06-29,2018-07-07,2018-07-05,34.74,42.69,6,8,-2,0
ol_00277,sl_0065,SP,BA,2018-06-29,2018-07-14,2018-07-17,39.38,190.34,18,15,3,1
ol_01794,sl_0107,SP,RS,2018-06-29,2018-07-06,2018-07-05,48.32,67.24,6,7,-1,0
ol_00263,sl_0016,RJ,RJ,2018-06-29,2018-07-05,2018-07-05,29.81,162.6,6,6,0,0
ol_01677,sl_0092,SP,BA,2018-06-29,2018-07-09,2018-07-07,26.82,41.76,8,10,-2,0
ol_00780,sl_0072,SP,SP,2018-06-29,2018-07-16,2018-07-15,28.42,60.87,16,17,-1,0
