age,job,marital,education,contact,month,campaign,pdays,previous,poutcome,emp.var.rate,cons.price.idx,cons.conf.idx,euribor3m,nr.employed,duration,y
27,self-employed,single,tertiary,cellular,may,1,182,2,success,0.54,93.476,-41.5,4.556,5258.3,271,no
55,self-employed,divorced,secondary,cellular,jul,2,-1,0,unknown,1.76,93.275,-36.9,2.652,5130.1,94,no
33,technician,single,secondary,cellular,apr,1,-1,0,unknown,2.75,93.043,-36.3,3.398,5267.6,508,no
45,technician,married,secondary,cellular,may,2,-1,0,unknown,0.1,94.012,-39.2,4.425,5161.0,275,yes
24,student,single,secondary,cellular,jul,2,-1,0,unknown,2.01,93.789,-44.3,3.799,5196.6,106,no
36,management,married,tertiary,cellular,apr,2,-1,0,unknown,1.72,93.473,-44.4,3.203,5200.9,555,yes
31,management,single,tertiary,cellular,jul,7,-1,0,unknown,-2.7,93.62,-43.0,2.967,5119.4,52,no
23,blue-collar,married,primary,unknown,may,2,-1,0,unknown,1.23,94.931,-44.8,5.009,5157.6,165,no
46,unemployed,divorced,secondary,unknown,may,4,-1,0,unknown,0.47,93.29,-41.3,2.064,5204.0,249,no
55,blue-collar,married,secondary,unknown,jun,3,-1,0,unknown,0.57,94.05,-38.4,3.227,5111.2,73,no
61,housemaid,married,tertiary,cellular,oct,3,183,1,failure,2.61,93.539,-34.9,3.268,5113.7,92,no
57,technician,married,secondary,cellular,nov,1,-1,0,unknown,0.5,93.735,-47.4,2.599,5194.1,364,no
44,blue-collar,married,primary,unknown,may,1,-1,0,unknown,-1.79,94.696,-37.0,5.002,5165.4,13,no
63,management,married,tertiary,cellular,oct,2,182,6,failure,1.3,93.609,-37.8,2.567,5182.6,130,no
41,housemaid,single,primary,unknown,jun,1,-1,0,unknown,2.59,92.88,-44.6,2.269,5182.9,264,no
37,technician,married,secondary,cellular,may,3,-1,0,unknown,1.92,93.041,-42.7,3.489,5122.9,268,no
39,technician,single,tertiary,cellular,aug,15,-1,0,unknown,1.63,93.833,-38.7,3.194,5167.7,40,no
54,unknown,married,secondary,unknown,jun,6,-1,0,unknown,-1.17,94.255,-41.6,3.908,5186.9,97,no
32,management,single,tertiary,cellular,apr,2,-1,0,unknown,1.62,94.07,-38.6,4.31,5223.7,86,no
37,blue-collar,married,primary,cellular,may,1,-1,0,unknown,0.1,93.133,-46.8,2.031,5233.5,206,no
50,admin.,married,secondary,unknown,may,2,-1,0,unknown,-1.29,94.023,-40.4,4.032,5144.6,216,no
26,self-employed,married,secondary,cellular,jul,1,-1,0,unknown,0.16,92.796,-44.4,3.327,5174.3,335,no
26,services,single,secondary,telephone,jun,1,-1,0,unknown,0.98,93.047,-50.0,2.793,5217.1,227,no
32,management,single,tertiary,unknown,jun,1,-1,0,unknown,0.44,94.266,-40.0,4.055,5138.3,54,no
54,management,married,tertiary,cellular,aug,5,-1,0,unknown,-0.14,93.391,-29.8,3.307,5291.7,168,no
30,management,single,tertiary,cellular,nov,1,-1,0,unknown,0.1,94.914,-42.9,5.121,5126.3,41,no
30,blue-collar,married,secondary,cellular,jan,1,-1,0,unknown,2.98,94.106,-41.1,2.912,5224.7,100,no
31,services,married,secondary,cellular,nov,3,-1,0,unknown,0.92,94.278,-40.0,3.567,5127.0,240,no
42,blue-collar,married,secondary,unknown,may,2,-1,0,unknown,-1.15,93.963,-38.6,2.948,5098.5,366,no
37,management,married,tertiary,cellular,apr,2,-1,0,unknown,0.1,93.024,-42.9,3.18,5215.3,12,no
30,management,married,tertiary,cellular,jul,2,-1,0,unknown,-1.29,93.373,-36.2,0.276,5179.3,146,no
35,management,single,tertiary,cellular,feb,2,261,1,other,0.35,93.793,-34.3,5.043,5108.9,69,no
58,housemaid,married,primary,telephone,may,5,364,3,failure,0.96,93.14,-45.2,2.49,5231.8,71,no
58,services,divorced,secondary,cellular,aug,2,-1,0,unknown,-1.53,94.003,-43.4,3.89,5116.4,167,no
58,services,single,secondary,cellular,apr,6,321,5,failure,-0.28,93.994,-45.5,2.65,5106.2,861,no
46,technician,married,secondary,cellular,jul,3,-1,0,unknown,0.35,93.363,-42.7,3.651,5096.9,361,no
48,blue-collar,married,secondary,cellular,jul,5,-1,0,unknown,0.2,93.193,-48.6,4.628,5203.0,103,no
32,management,single,tertiary,cellular,may,5,-1,0,unknown,3.42,93.599,-39.8,3.374,5239.9,16,no
28,self-employed,married,tertiary,cellular,jul,4,-1,0,unknown,-0.28,93.933,-40.7,3.821,5143.5,339,no
46,blue-collar,married,primary,telephone,jul,5,-1,0,unknown,1.8,94.011,-45.1,4.436,5172.6,46,no
41,technician,married,unknown,unknown,may,1,-1,0,unknown,2.26,93.882,-48.1,3.444,5149.7,690,no
35,unemployed,divorced,primary,unknown,jun,4,-1,0,unknown,0.64,93.681,-45.7,3.485,5243.5,12,no
42,blue-collar,married,secondary,unknown,may,2,-1,0,unknown,0.7,94.07,-42.6,3.807,5062.4,333,no
44,technician,married,primary,cellular,nov,1,-1,0,unknown,-0.63,93.408,-41.0,4.308,5210.8,250,no
56,housemaid,married,primary,cellular,aug,6,-1,0,unknown,0.93,94.015,-43.4,3.873,5121.5,207,no
27,technician,single,tertiary,cellular,apr,1,-1,0,unknown,0.6,94.086,-38.4,2.486,5180.3,114,yes
35,technician,single,tertiary,cellular,apr,1,-1,0,unknown,0.02,92.67,-38.6,4.803,5114.2,285,no
26,services,married,secondary,unknown,may,1,-1,0,unknown,1.85,94.047,-40.4,2.629,5104.7,116,no
43,blue-collar,married,secondary,unknown,may,1,-1,0,unknown,-0.46,93.352,-42.2,3.28,5101.5,128,no
45,blue-collar,married,secondary,unknown,may,1,-1,0,unknown,-0.24,93.33,-31.5,1.273,5100.2,241,no
36,management,single,tertiary,cellular,jun,1,-1,0,unknown,0.56,94.65,-39.1,4.068,5220.5,317,no
36,services,married,secondary,telephone,feb,5,-1,0,unknown,-0.5,93.766,-41.4,3.684,5178.2,11,no
55,blue-collar,married,secondary,unknown,may,1,-1,0,unknown,-0.59,93.561,-39.4,4.312,5179.9,166,no
38,management,married,secondary,cellular,nov,3,-1,0,unknown,-0.24,94.125,-45.6,4.264,5129.2,139,no
36,blue-collar,married,secondary,unknown,may,2,-1,0,unknown,0.5,93.933,-40.1,3.528,5187.8,102,no
34,blue-collar,divorced,secondary,unknown,may,2,-1,0,unknown,-0.79,94.053,-39.2,5.975,5152.5,163,no
36,self-employed,divorced,secondary,cellular,nov,2,-1,0,unknown,1.35,94.322,-37.9,2.448,5246.5,244,no
29,technician,single,secondary,cellular,may,1,-1,0,unknown,1.18,93.748,-41.3,5.228,5180.3,1340,yes
32,blue-collar,married,primary,cellular,jan,3,182,24,other,1.03,93.6,-41.9,4.166,5226.6,489,no
45,management,married,tertiary,cellular,jul,1,-1,0,unknown,1.27,93.287,-41.6,2.555,5206.8,204,no
46,technician,single,tertiary,cellular,aug,7,-1,0,unknown,-0.31,93.414,-42.8,4.633,5093.4,504,yes
38,unemployed,married,primary,unknown,may,5,-1,0,unknown,-2.9,93.721,-44.0,2.707,5223.4,249,no
43,management,divorced,tertiary,cellular,jul,1,-1,0,unknown,1.09,94.857,-36.7,4.436,5176.5,111,no
49,entrepreneur,married,primary,cellular,may,7,-1,0,unknown,-1.33,93.53,-43.3,3.655,5113.1,384,no
32,housemaid,married,secondary,cellular,apr,5,-1,0,unknown,0.49,93.862,-43.7,5.276,5189.2,245,no
33,technician,divorced,secondary,cellular,aug,2,-1,0,unknown,1.15,92.606,-41.3,3.995,5161.6,239,no
27,blue-collar,married,secondary,unknown,may,2,-1,0,unknown,-2.06,93.612,-41.2,4.759,5214.7,254,no
40,admin.,single,secondary,cellular,nov,3,177,6,failure,0.73,94.24,-38.8,5.913,5192.3,12,no
42,admin.,divorced,secondary,unknown,jun,1,-1,0,unknown,-1.81,92.504,-35.9,1.933,5129.9,397,no
32,technician,married,secondary,cellular,feb,1,-1,0,unknown,0.61,93.156,-45.2,3.673,5201.4,93,no
50,blue-collar,married,primary,cellular,nov,3,-1,0,unknown,1.32,94.28,-39.0,1.722,5137.3,49,no
37,unemployed,married,tertiary,telephone,feb,1,176,6,failure,1.01,94.742,-32.6,3.228,5084.9,367,yes
48,management,married,secondary,cellular,nov,1,351,2,failure,-1.84,93.233,-40.8,3.069,5153.1,1233,yes
32,management,married,tertiary,cellular,apr,2,150,2,failure,-0.48,93.615,-44.6,3.081,5211.7,96,no
37,blue-collar,single,primary,unknown,jun,1,-1,0,unknown,1.39,93.066,-38.2,2.473,5228.4,39,no
29,technician,married,secondary,cellular,may,1,-1,0,unknown,0.02,93.842,-42.2,2.663,5164.4,36,no
34,services,married,secondary,unknown,may,4,-1,0,unknown,1.5,93.95,-44.8,4.631,5179.0,159,no
35,management,single,tertiary,cellular,may,3,-1,0,unknown,1.03,92.763,-39.2,2.799,5132.4,162,no
59,retired,married,tertiary,cellular,aug,4,-1,0,unknown,1.88,93.278,-43.0,3.503,5129.1,104,no
32,blue-collar,single,primary,cellular,nov,1,-1,0,unknown,0.58,94.297,-45.3,2.338,5196.2,758,yes
28,blue-collar,single,secondary,cellular,jul,1,-1,0,unknown,2.26,94.935,-31.9,4.754,5214.6,353,no
38,technician,single,tertiary,unknown,jun,1,-1,0,unknown,1.63,93.759,-44.9,2.685,5246.6,193,no
31,technician,single,tertiary,cellular,aug,4,-1,0,unknown,0.59,93.092,-34.5,2.414,5122.0,72,no
29,management,single,tertiary,unknown,jun,3,-1,0,unknown,-1.26,93.309,-43.7,4.739,5101.8,105,no
47,blue-collar,married,secondary,cellular,mar,1,-1,0,unknown,-0.36,93.332,-50.3,3.467,5124.8,3076,yes
30,unemployed,single,tertiary,cellular,nov,1,-1,0,unknown,-1.18,92.961,-35.8,2.482,5083.0,242,no
45,blue-collar,married,primary,cellular,jan,1,-1,0,unknown,-0.21,93.596,-38.4,3.626,5245.1,79,no
57,housemaid,married,tertiary,cellular,aug,2,-1,0,unknown,0.3,93.993,-42.3,3.767,5140.0,142,no
37,technician,married,secondary,cellular,aug,7,-1,0,unknown,-2.57,93.41,-34.7,4.01,5207.6,75,no
43,technician,married,secondary,cellular,aug,3,-1,0,unknown,0.3,94.186,-39.6,3.597,5050.2,313,no
54,management,single,tertiary,unknown,jun,1,-1,0,unknown,0.04,94.445,-50.5,4.582,5049.4,68,no
34,technician,married,secondary,cellular,aug,4,-1,0,unknown,0.99,93.34,-43.5,3.42,5118.9,136,no
59,unemployed,married,secondary,cellular,feb,3,-1,0,unknown,3.05,93.808,-42.5,4.245,5219.4,83,yes
46,blue-collar,married,unknown,unknown,may,2,-1,0,unknown,0.11,93.985,-44.2,2.548,5161.7,306,no
36,technician,married,secondary,cellular,may,3,-1,0,unknown,-1.2,94.09,-38.6,3.685,5203.2,187,no
54,blue-collar,married,secondary,cellular,may,1,-1,0,unknown,0.39,92.456,-43.6,1.773,5183.5,369,no
34,student,single,tertiary,cellular,aug,2,-1,0,unknown,1.65,93.332,-40.4,4.144,5158.8,267,no
48,blue-collar,married,secondary,cellular,jul,1,-1,0,unknown,-0.85,94.008,-44.6,1.441,5176.6,1171,no
51,management,married,tertiary,cellular,sep,1,98,2,failure,1.19,93.712,-39.3,4.479,5223.0,181,yes
31,technician,married,secondary,unknown,may,3,-1,0,unknown,0.41,93.677,-38.5,4.562,5212.2,117,no
39,services,single,secondary,cellular,may,3,357,3,other,1.27,94.212,-42.2,2.705,5271.4,667,yes
26,blue-collar,married,primary,unknown,may,6,-1,0,unknown,0.86,93.425,-38.8,2.965,5098.4,21,no
39,blue-collar,married,secondary,cellular,apr,1,-1,0,unknown,-0.25,93.177,-42.7,3.58,5228.5,354,no
31,management,single,tertiary,cellular,aug,2,-1,0,unknown,2.21,93.382,-38.0,4.614,5239.4,158,no
44,entrepreneur,married,tertiary,telephone,jul,2,-1,0,unknown,2.65,93.227,-37.6,4.329,5106.9,289,no
54,management,married,unknown,telephone,jul,1,125,2,other,2.61,93.999,-32.9,4.277,5197.0,139,no
40,management,married,tertiary,unknown,may,3,-1,0,unknown,1.09,93.56,-44.7,4.601,5183.1,137,no
40,management,divorced,tertiary,cellular,jul,2,-1,0,unknown,-0.43,94.186,-44.2,3.873,5230.9,125,no
26,blue-collar,single,secondary,cellular,jul,6,-1,0,unknown,2.87,94.031,-40.2,2.823,5137.4,14,no
32,management,single,secondary,cellular,nov,2,-1,0,unknown,-0.33,94.286,-34.4,3.279,5181.4,268,no
44,management,married,tertiary,cellular,aug,4,-1,0,unknown,1.66,94.216,-33.6,3.498,5244.1,121,no
29,admin.,married,tertiary,cellular,aug,1,78,3,success,-0.27,93.943,-37.0,2.818,5191.2,97,no
40,admin.,single,secondary,unknown,jun,3,-1,0,unknown,1.68,93.208,-44.5,4.215,5179.1,14,no
36,blue-collar,divorced,secondary,cellular,jul,6,-1,0,unknown,2.94,93.534,-51.8,4.82,5081.8,42,no
37,management,married,tertiary,cellular,aug,2,-1,0,unknown,1.72,94.291,-43.0,5.28,5194.0,78,no
30,technician,single,secondary,telephone,jan,2,-1,0,unknown,-1.29,93.912,-43.5,2.456,5165.4,60,no
37,management,single,tertiary,telephone,aug,2,-1,0,unknown,0.63,93.655,-41.9,1.56,5157.5,293,no
26,technician,single,secondary,cellular,jul,2,-1,0,unknown,3.95,93.428,-43.2,4.151,5182.8,362,no
51,self-employed,single,tertiary,cellular,jul,2,-1,0,unknown,0.04,93.642,-41.9,3.628,5120.9,139,no
62,management,married,tertiary,cellular,oct,2,-1,0,unknown,1.69,93.511,-44.8,2.973,5096.1,212,yes
51,blue-collar,married,secondary,unknown,may,2,-1,0,unknown,1.34,93.37,-46.5,3.637,5132.6,173,no
30,management,married,tertiary,cellular,may,2,298,1,failure,0.33,93.919,-38.6,3.538,5202.3,97,no
26,technician,married,secondary,unknown,jun,3,-1,0,unknown,-1.54,93.275,-45.9,4.17,5209.9,758,no
42,blue-collar,married,primary,unknown,jun,12,-1,0,unknown,-2.05,94.515,-44.7,4.306,5237.2,288,no
52,blue-collar,married,secondary,unknown,jun,3,-1,0,unknown,0.5,93.883,-44.1,3.591,5101.1,83,no
35,blue-collar,single,secondary,telephone,jul,4,-1,0,unknown,-1.45,93.762,-41.0,4.358,5254.6,41,no
28,admin.,married,secondary,unknown,jun,5,-1,0,unknown,0.73,93.994,-42.2,4.343,5206.4,161,no
32,unemployed,married,tertiary,cellular,aug,2,-1,0,unknown,1.64,93.66,-42.0,1.697,5286.3,266,no
47,blue-collar,married,primary,cellular,aug,6,-1,0,unknown,-0.89,93.78,-39.4,3.747,5136.9,106,no
38,technician,single,secondary,cellular,jan,1,-1,0,unknown,-1.01,94.378,-39.1,1.979,5191.2,52,no
51,admin.,married,secondary,cellular,aug,1,-1,0,unknown,2.96,93.824,-35.5,4.973,5229.2,231,no
36,self-employed,married,primary,unknown,jun,2,-1,0,unknown,0.53,93.973,-41.9,3.311,5178.5,71,no
34,housemaid,married,primary,cellular,aug,7,-1,0,unknown,-1.36,93.675,-39.7,2.031,5222.3,17,no
34,blue-collar,married,unknown,cellular,apr,1,-1,0,unknown,2.89,93.676,-37.5,3.475,5098.5,233,no
29,management,single,tertiary,unknown,may,7,-1,0,unknown,0.01,94.054,-46.9,2.77,5188.6,112,no
57,technician,married,unknown,telephone,feb,2,-1,0,unknown,-1.67,93.591,-41.0,1.756,5184.0,258,no
44,management,divorced,unknown,cellular,nov,1,-1,0,unknown,1.48,94.149,-33.9,3.224,5158.5,279,no
31,services,single,secondary,cellular,apr,2,-1,0,unknown,2.27,93.635,-42.6,1.987,5165.3,815,no
36,management,married,tertiary,cellular,nov,1,175,2,failure,1.01,93.964,-44.2,1.818,5171.8,103,no
29,management,single,tertiary,cellular,apr,2,-1,0,unknown,0.63,94.052,-35.9,2.879,5190.8,548,yes
41,entrepreneur,divorced,tertiary,cellular,nov,10,-1,0,unknown,1.24,94.089,-40.4,4.441,5271.8,21,no
25,blue-collar,single,primary,unknown,jun,2,-1,0,unknown,0.62,92.82,-35.8,3.54,5154.1,45,no
32,blue-collar,married,secondary,cellular,sep,1,99,5,success,-0.69,92.849,-40.7,4.678,5261.1,185,yes
35,management,divorced,tertiary,cellular,apr,2,-1,0,unknown,0.6,93.038,-41.4,4.043,5122.8,75,no
42,blue-collar,married,secondary,unknown,jun,8,-1,0,unknown,0.96,92.595,-42.9,4.811,5245.1,229,no
59,retired,married,secondary,cellular,nov,2,-1,0,unknown,0.48,93.793,-36.2,3.192,5222.7,972,no
28,technician,single,tertiary,cellular,may,2,-1,0,unknown,1.84,93.668,-44.2,3.16,5132.7,233,no
52,management,married,tertiary,cellular,jul,1,-1,0,unknown,-1.37,92.788,-34.7,3.04,5187.0,94,no
29,blue-collar,married,secondary,telephone,apr,3,331,10,other,0.14,94.527,-48.2,2.949,5209.7,501,no
25,technician,single,secondary,unknown,jun,3,-1,0,unknown,0.97,94.344,-48.3,1.668,5196.4,63,no
32,services,married,secondary,cellular,feb,4,201,6,failure,1.95,93.679,-46.8,4.306,5184.7,158,no
35,self-employed,married,secondary,cellular,aug,7,-1,0,unknown,0.76,93.506,-37.4,3.757,5211.9,73,no
30,services,divorced,secondary,cellular,jul,10,-1,0,unknown,1.7,94.035,-36.3,6.178,5126.8,524,no
26,unknown,single,secondary,telephone,feb,3,-1,0,unknown,1.11,93.863,-43.6,2.889,5255.4,341,no
40,blue-collar,married,secondary,unknown,may,1,-1,0,unknown,0.29,93.79,-45.5,2.668,5092.7,420,no
76,retired,married,secondary,telephone,oct,2,-1,0,unknown,1.05,93.55,-39.9,1.819,5176.4,282,yes
38,management,married,tertiary,cellular,aug,3,-1,0,unknown,0.11,94.083,-43.9,3.499,5170.0,170,no
27,blue-collar,single,secondary,cellular,jul,1,-1,0,unknown,-0.14,93.693,-40.7,2.95,5161.2,264,no
53,management,married,tertiary,cellular,jul,1,-1,0,unknown,0.13,93.284,-36.4,3.096,5248.8,296,no
39,admin.,married,secondary,cellular,may,2,364,3,failure,-1.52,94.27,-38.6,3.196,5231.7,454,yes
35,technician,single,secondary,unknown,may,2,-1,0,unknown,1.45,93.423,-45.0,4.859,5103.1,163,no
44,technician,single,secondary,telephone,mar,2,-1,0,unknown,-0.99,94.436,-41.2,3.8,5256.0,382,yes
28,admin.,single,secondary,cellular,may,2,-1,0,unknown,1.76,93.746,-36.5,3.289,5160.4,404,no
35,self-employed,married,secondary,telephone,jul,4,-1,0,unknown,-0.02,93.969,-39.3,2.979,5259.8,126,no
52,technician,married,unknown,cellular,jul,2,-1,0,unknown,-0.15,93.843,-44.0,4.002,5220.0,101,no
66,retired,married,secondary,cellular,oct,1,-1,0,unknown,0.4,93.165,-47.0,4.042,5135.6,189,no
32,management,married,tertiary,cellular,jul,8,-1,0,unknown,1.9,94.084,-42.4,1.002,5184.0,221,no
39,technician,married,secondary,cellular,may,3,357,4,failure,-0.54,93.94,-45.7,3.222,5156.8,122,no
52,admin.,married,secondary,telephone,jul,4,-1,0,unknown,2.26,94.351,-47.2,2.581,5112.1,1142,no
34,technician,married,tertiary,cellular,nov,1,-1,0,unknown,-1.89,93.531,-44.5,3.436,5154.1,85,no
60,technician,married,unknown,unknown,may,1,-1,0,unknown,1.51,93.272,-34.6,3.671,5239.2,77,no
55,blue-collar,married,primary,unknown,jun,18,-1,0,unknown,2.56,92.792,-42.5,3.465,5131.4,40,no
47,services,married,secondary,cellular,aug,6,-1,0,unknown,0.35,93.755,-33.2,3.488,5122.8,119,no
42,unemployed,divorced,secondary,unknown,may,2,-1,0,unknown,1.51,94.412,-41.8,3.376,5104.4,855,yes
48,blue-collar,married,primary,cellular,aug,8,-1,0,unknown,0.67,93.372,-42.5,3.464,5210.4,158,no
57,retired,divorced,primary,unknown,may,1,-1,0,unknown,-0.09,93.382,-46.9,2.828,5114.2,32,no
32,blue-collar,married,primary,telephone,jul,19,-1,0,unknown,-2.07,93.649,-41.2,3.238,5236.1,454,no
32,blue-collar,single,primary,cellular,may,1,-1,0,unknown,-0.68,93.743,-48.5,2.928,5197.2,109,no
35,management,single,tertiary,cellular,nov,1,-1,0,unknown,0.03,93.466,-41.2,2.666,5015.8,370,no
31,blue-collar,single,primary,unknown,may,3,-1,0,unknown,-0.69,93.557,-44.3,4.27,5156.9,485,no
46,services,divorced,secondary,cellular,may,3,-1,0,unknown,-1.15,93.831,-47.5,1.306,5229.4,281,no
29,services,married,secondary,cellular,apr,3,-1,0,unknown,1.8,93.36,-35.1,3.637,5076.2,204,no
32,unemployed,married,secondary,cellular,feb,3,-1,0,unknown,0.73,94.061,-43.5,1.104,5247.0,450,no
44,services,married,secondary,cellular,apr,2,-1,0,unknown,0.16,93.085,-35.7,3.578,5106.5,525,no
55,management,married,secondary,unknown,jun,2,-1,0,unknown,0.33,93.504,-44.9,3.397,5171.7,271,no
69,retired,married,primary,cellular,feb,2,-1,0,unknown,0.2,93.391,-49.1,2.381,5170.7,354,yes
30,services,married,secondary,cellular,apr,1,325,2,other,0.64,94.026,-40.7,3.666,5277.0,79,no
31,blue-collar,married,secondary,cellular,jul,1,-1,0,unknown,3.08,93.603,-42.3,2.898,5195.6,181,no
35,technician,married,secondary,unknown,may,4,-1,0,unknown,0.17,93.755,-38.0,3.429,5127.5,79,no
47,self-employed,married,secondary,cellular,aug,6,-1,0,unknown,1.76,93.533,-36.2,2.749,5178.3,90,no
52,management,single,tertiary,cellular,nov,3,-1,0,unknown,2.55,94.086,-46.1,2.826,5133.5,79,no
32,management,married,tertiary,cellular,sep,3,36,11,success,0.62,94.197,-33.6,4.241,5177.0,251,no
46,blue-collar,single,primary,cellular,nov,1,183,1,other,-0.08,94.361,-44.6,3.395,5139.6,84,no
21,unemployed,single,secondary,cellular,aug,2,-1,0,unknown,3.3,94.67,-35.4,3.056,5146.0,280,no
30,self-employed,single,tertiary,cellular,jul,1,-1,0,unknown,0.84,93.842,-41.7,2.734,5146.5,537,yes
52,management,married,tertiary,cellular,nov,2,-1,0,unknown,0.83,93.405,-38.2,3.675,5246.7,268,no
53,blue-collar,married,primary,unknown,jun,1,-1,0,unknown,1.27,93.018,-45.6,2.886,5172.8,384,no
30,blue-collar,married,secondary,unknown,may,2,-1,0,unknown,1.06,93.676,-40.0,4.064,5138.7,236,no
38,management,married,secondary,unknown,may,2,-1,0,unknown,0.16,93.303,-40.9,4.626,5097.5,233,no
39,blue-collar,divorced,unknown,cellular,may,1,-1,0,unknown,1.07,93.994,-42.7,3.171,5227.1,169,no
33,management,single,secondary,cellular,aug,1,-1,0,unknown,2.57,93.041,-39.6,3.791,5150.0,199,no
35,blue-collar,married,primary,unknown,may,1,-1,0,unknown,-1.59,93.213,-45.8,4.191,5201.5,1334,yes
34,blue-collar,married,secondary,cellular,jul,2,-1,0,unknown,0.0,93.394,-34.8,2.933,5231.5,254,no
36,blue-collar,married,secondary,unknown,may,2,-1,0,unknown,-0.4,92.687,-39.6,4.883,5242.5,110,no
32,services,divorced,secondary,cellular,nov,2,-1,0,unknown,-1.93,93.733,-38.2,3.436,5222.2,331,no
32,management,married,tertiary,cellular,aug,4,-1,0,unknown,2.75,94.015,-44.0,4.513,5123.9,151,no
29,services,divorced,secondary,cellular,may,5,-1,0,unknown,-0.3,93.682,-40.0,3.159,5211.4,286,no
40,technician,single,secondary,cellular,aug,2,-1,0,unknown,1.03,94.189,-34.2,2.875,5098.4,58,no
51,technician,married,unknown,unknown,may,3,-1,0,unknown,0.97,93.455,-36.7,3.457,5160.5,124,no
32,technician,divorced,tertiary,cellular,may,3,256,9,failure,0.58,93.365,-34.6,3.704,5244.3,104,no
41,admin.,married,secondary,cellular,apr,2,150,2,failure,-1.54,93.374,-37.2,4.786,5153.8,185,no
37,admin.,single,secondary,unknown,may,2,-1,0,unknown,1.56,93.408,-32.8,2.514,5179.5,732,yes
31,management,married,tertiary,cellular,may,1,170,2,failure,-1.83,94.49,-41.9,3.199,5221.9,127,no
33,management,single,tertiary,unknown,may,6,-1,0,unknown,0.83,93.733,-42.5,5.396,5182.3,347,no
31,technician,divorced,secondary,cellular,jul,1,-1,0,unknown,0.28,93.809,-38.5,2.726,5232.5,146,no
37,technician,divorced,secondary,cellular,jul,1,-1,0,unknown,0.42,93.871,-44.0,4.017,5223.4,283,no
44,management,married,unknown,unknown,may,1,-1,0,unknown,-0.8,94.154,-39.9,3.154,5167.7,185,no
39,admin.,married,secondary,cellular,apr,1,-1,0,unknown,0.6,93.502,-35.5,5.13,5184.4,306,no
29,blue-collar,married,secondary,cellular,jul,4,-1,0,unknown,1.41,94.11,-41.5,4.336,5218.5,141,no
53,technician,divorced,primary,unknown,may,1,-1,0,unknown,-0.81,93.062,-46.1,3.63,5221.0,476,yes
27,housemaid,married,primary,cellular,jul,3,-1,0,unknown,1.58,93.733,-44.0,3.858,5129.6,435,no
34,blue-collar,married,secondary,unknown,may,3,-1,0,unknown,0.45,94.244,-43.7,2.589,5215.3,91,no
35,self-employed,single,tertiary,cellular,jul,3,-1,0,unknown,0.72,94.174,-32.6,2.722,5156.9,101,no
39,blue-collar,married,primary,unknown,may,1,-1,0,unknown,-0.8,93.679,-35.0,4.278,5188.2,813,yes
56,services,married,secondary,telephone,jul,6,-1,0,unknown,0.13,94.052,-45.3,4.173,5263.0,106,no
35,admin.,married,secondary,unknown,jun,1,-1,0,unknown,0.69,94.054,-39.3,4.036,5235.0,359,no
45,technician,married,tertiary,cellular,aug,3,-1,0,unknown,0.98,94.945,-41.3,4.417,5208.2,14,no
29,blue-collar,married,secondary,cellular,may,1,-1,0,unknown,-0.61,94.052,-47.3,3.503,5281.0,785,no
49,entrepreneur,married,primary,cellular,nov,1,-1,0,unknown,0.01,93.598,-42.6,2.819,5230.6,453,yes
53,admin.,married,secondary,cellular,may,2,168,3,failure,-0.89,93.967,-40.2,3.929,5127.4,286,no
41,entrepreneur,divorced,tertiary,cellular,nov,1,-1,0,unknown,-0.22,93.443,-43.4,2.889,5133.1,176,no
34,housemaid,married,tertiary,cellular,may,1,188,1,failure,-1.18,93.89,-46.8,1.769,5169.5,141,no
34,technician,single,secondary,cellular,jul,2,160,8,other,0.07,93.582,-35.3,5.181,5151.5,174,yes
58,management,married,tertiary,cellular,jun,1,391,1,failure,-0.08,93.685,-34.1,3.652,5124.8,1361,no
30,technician,single,secondary,cellular,aug,3,-1,0,unknown,0.62,94.254,-39.4,4.931,5187.9,696,no
57,blue-collar,married,secondary,unknown,may,1,-1,0,unknown,-1.13,93.869,-39.7,4.861,5153.2,258,no
55,unknown,married,unknown,unknown,may,5,-1,0,unknown,1.69,93.873,-39.3,4.907,5279.9,73,no
45,technician,married,secondary,cellular,feb,2,169,12,failure,-0.18,93.707,-35.0,2.636,5191.2,235,no
36,blue-collar,married,secondary,cellular,may,1,-1,0,unknown,0.66,94.058,-53.4,2.89,5163.7,172,no
45,admin.,single,secondary,cellular,apr,3,143,6,failure,-0.74,93.831,-37.9,4.314,5144.1,754,no
56,retired,divorced,primary,cellular,may,2,-1,0,unknown,0.29,94.352,-41.2,2.709,5179.4,132,no
39,management,married,tertiary,unknown,may,3,-1,0,unknown,0.36,93.605,-42.4,2.408,5208.1,87,no
46,technician,married,secondary,cellular,may,3,-1,0,unknown,0.45,93.198,-51.8,3.799,5234.6,614,yes
32,self-employed,married,secondary,unknown,may,6,-1,0,unknown,0.64,93.81,-30.8,4.087,5261.5,75,no
57,management,married,tertiary,cellular,feb,2,-1,0,unknown,0.62,93.524,-39.1,3.11,5218.4,191,no
47,blue-collar,married,primary,unknown,may,2,-1,0,unknown,-0.98,93.261,-38.3,4.795,5241.0,128,no
35,technician,married,secondary,cellular,apr,4,-1,0,unknown,-0.11,93.319,-48.8,4.099,5112.0,307,no
33,management,single,tertiary,cellular,aug,5,-1,0,unknown,0.03,93.676,-43.3,2.806,5183.5,226,no
39,services,married,secondary,cellular,jul,10,-1,0,unknown,0.3,93.11,-40.5,5.316,5231.2,174,no
31,entrepreneur,divorced,tertiary,cellular,jul,1,-1,0,unknown,-1.2,94.517,-39.9,4.72,5269.5,53,no
49,management,married,secondary,unknown,jun,2,-1,0,unknown,-1.97,93.534,-40.7,2.904,5170.3,156,no
28,self-employed,single,tertiary,cellular,jun,1,-1,0,unknown,-0.79,93.561,-31.7,4.718,5187.4,673,no
33,unemployed,single,tertiary,cellular,may,3,-1,0,unknown,-2.8,94.679,-37.7,2.321,5238.0,324,no
33,technician,divorced,secondary,unknown,may,1,-1,0,unknown,0.44,93.201,-40.7,2.063,5168.9,87,no
50,blue-collar,married,secondary,telephone,jan,1,-1,0,unknown,0.82,93.321,-35.8,5.002,5178.6,37,no
35,blue-collar,married,secondary,cellular,apr,2,335,1,failure,0.41,94.225,-45.2,3.556,5267.1,332,no
46,management,married,primary,unknown,may,2,-1,0,unknown,-0.38,93.922,-43.7,2.414,5139.2,221,no
46,blue-collar,married,secondary,unknown,jun,1,-1,0,unknown,1.33,94.602,-42.3,3.935,5172.6,155,no
33,blue-collar,married,secondary,unknown,may,3,-1,0,unknown,-1.24,94.024,-43.5,4.048,5249.3,239,no
26,technician,single,tertiary,cellular,jul,1,-1,0,unknown,2.08,93.126,-41.6,4.048,5116.0,393,no
29,unemployed,divorced,tertiary,cellular,jul,2,-1,0,unknown,0.66,94.055,-38.3,3.572,5129.8,579,no
59,management,married,tertiary,cellular,sep,2,-1,0,unknown,0.4,94.161,-44.1,1.944,5129.7,98,no
36,services,married,secondary,cellular,jul,5,-1,0,unknown,0.53,94.5,-34.1,3.676,5112.5,716,yes
51,blue-collar,married,secondary,telephone,jul,4,-1,0,unknown,1.01,94.095,-34.5,4.347,5137.1,53,no
40,unemployed,married,tertiary,unknown,jun,1,-1,0,unknown,0.44,94.143,-45.4,4.124,5234.7,95,no
32,blue-collar,married,secondary,unknown,jun,1,-1,0,unknown,-1.07,93.352,-45.8,3.358,5218.7,171,no
58,retired,married,primary,cellular,jul,4,-1,0,unknown,1.02,94.145,-43.0,2.963,5160.4,189,no
53,admin.,married,secondary,telephone,jun,1,-1,0,unknown,-0.98,93.919,-39.2,2.624,5220.0,145,no
26,housemaid,married,primary,cellular,jul,4,-1,0,unknown,0.49,93.15,-34.8,2.015,5251.4,416,no
53,technician,married,secondary,cellular,jan,1,-1,0,unknown,0.25,92.79,-37.5,3.093,5103.7,146,no
33,entrepreneur,married,tertiary,cellular,aug,2,-1,0,unknown,-0.55,93.411,-45.1,4.003,5237.9,22,no
57,management,married,tertiary,unknown,may,1,-1,0,unknown,0.26,93.333,-38.9,2.434,5192.4,124,no
38,management,married,tertiary,cellular,apr,2,-1,0,unknown,-0.38,93.606,-40.8,3.556,5228.4,410,no
59,housemaid,married,primary,telephone,jul,7,-1,0,unknown,1.32,93.33,-43.0,2.942,5119.2,118,no
52,unemployed,married,tertiary,cellular,jul,1,-1,0,unknown,0.6,93.491,-41.4,1.966,5156.9,90,no
57,services,married,primary,telephone,jul,1,-1,0,unknown,1.45,93.918,-43.1,2.772,5234.3,167,no
41,blue-collar,married,secondary,cellular,apr,5,-1,0,unknown,-0.4,94.895,-45.7,3.02,5192.7,234,no
34,management,single,tertiary,cellular,aug,2,-1,0,unknown,1.75,93.611,-40.6,2.552,5140.3,68,no
28,blue-collar,married,primary,cellular,apr,1,-1,0,unknown,0.13,94.335,-41.5,2.471,5197.5,404,no
30,management,single,tertiary,cellular,aug,4,-1,0,unknown,1.15,94.002,-36.0,3.397,5185.7,578,no
39,management,married,tertiary,cellular,nov,2,-1,0,unknown,-1.09,92.715,-45.2,1.795,5198.6,90,no
52,technician,married,secondary,cellular,nov,4,-1,0,unknown,2.02,94.801,-40.8,2.904,5200.3,89,no
29,services,divorced,secondary,unknown,may,2,-1,0,unknown,-0.29,92.756,-39.7,2.153,5154.8,76,no
39,management,single,tertiary,unknown,may,2,-1,0,unknown,0.62,94.5,-44.6,2.242,5156.1,66,no
34,blue-collar,married,primary,cellular,jul,3,-1,0,unknown,0.86,93.481,-39.4,4.175,5205.3,241,no
53,services,married,primary,cellular,aug,2,-1,0,unknown,0.36,93.77,-39.9,3.372,5201.6,80,no
35,unemployed,single,tertiary,cellular,jan,2,-1,0,unknown,-0.33,94.608,-38.9,3.127,5203.7,91,no
41,services,single,primary,cellular,may,1,167,5,failure,1.53,93.245,-38.3,2.34,5255.6,198,no
32,blue-collar,single,secondary,unknown,may,3,-1,0,unknown,1.61,93.687,-36.8,5.039,5240.9,108,no
44,management,married,tertiary,cellular,may,1,-1,0,unknown,0.43,93.241,-40.7,4.331,5160.6,257,no
28,blue-collar,married,secondary,unknown,may,1,-1,0,unknown,0.37,93.646,-47.4,4.218,5172.7,246,no
35,blue-collar,single,secondary,unknown,jun,6,-1,0,unknown,-0.41,93.629,-35.7,3.954,5194.2,43,no
45,admin.,married,secondary,unknown,may,3,-1,0,unknown,2.1,94.593,-34.8,2.359,5150.0,893,yes
31,blue-collar,married,secondary,cellular,jul,1,-1,0,unknown,-0.92,93.886,-38.4,3.977,5248.7,128,no
33,blue-collar,married,primary,unknown,may,2,-1,0,unknown,0.49,93.263,-41.6,3.528,5167.2,420,no
33,admin.,married,secondary,cellular,apr,1,-1,0,unknown,0.88,94.616,-40.4,2.098,5189.4,344,yes
77,retired,married,secondary,telephone,apr,4,-1,0,unknown,-1.6,93.678,-42.4,2.835,5146.1,72,no
46,technician,divorced,secondary,cellular,nov,1,-1,0,unknown,-1.26,93.1,-45.8,5.063,5232.8,78,no
48,self-employed,married,secondary,cellular,feb,2,-1,0,unknown,-0.87,94.165,-42.6,3.337,5235.7,130,no
40,technician,married,secondary,cellular,apr,2,-1,0,unknown,-1.99,93.224,-34.8,4.015,5159.2,431,no
33,management,married,tertiary,cellular,jul,2,-1,0,unknown,-1.99,94.458,-42.5,3.478,5103.9,159,no
67,retired,single,tertiary,telephone,apr,2,-1,0,unknown,-1.72,93.682,-37.1,2.572,5217.3,77,no
45,technician,divorced,secondary,cellular,apr,1,338,2,failure,2.63,93.698,-38.2,4.021,5159.1,183,no
58,blue-collar,married,primary,unknown,jun,1,-1,0,unknown,2.86,94.069,-35.4,4.45,5176.3,116,no
33,technician,married,secondary,cellular,jul,2,-1,0,unknown,1.67,92.329,-47.0,2.184,5179.5,166,no
26,management,single,tertiary,cellular,mar,1,-1,0,unknown,0.95,94.201,-40.5,3.656,5156.0,101,no
34,management,married,tertiary,cellular,nov,1,124,1,failure,1.7,92.612,-41.9,3.701,5133.1,123,no
56,retired,married,tertiary,cellular,nov,1,187,2,other,-1.13,93.611,-43.7,3.287,5239.3,630,no
53,blue-collar,single,primary,cellular,may,1,368,1,failure,-0.04,94.546,-45.8,3.112,5109.5,984,no
31,admin.,single,secondary,cellular,oct,1,126,4,failure,1.12,92.367,-40.4,3.049,5200.9,141,no
50,management,divorced,tertiary,cellular,aug,2,-1,0,unknown,-0.7,94.601,-33.9,4.053,5295.9,76,no
39,housemaid,married,tertiary,unknown,jun,1,-1,0,unknown,1.63,93.761,-42.4,3.71,5180.5,185,no
55,management,divorced,primary,unknown,may,1,-1,0,unknown,-0.17,93.634,-41.6,3.571,5221.4,87,no
36,entrepreneur,married,secondary,cellular,nov,1,-1,0,unknown,-2.05,94.124,-44.8,3.993,5229.5,203,no
45,management,married,tertiary,cellular,aug,4,-1,0,unknown,1.46,94.43,-44.1,6.442,5143.4,94,yes
31,management,married,tertiary,unknown,may,1,-1,0,unknown,-1.3,94.348,-39.2,4.163,5280.5,93,no
49,blue-collar,married,secondary,cellular,may,2,178,1,failure,-1.03,93.798,-39.8,4.429,5103.0,156,no
24,blue-collar,married,secondary,unknown,may,2,-1,0,unknown,0.42,93.176,-42.3,0.776,5213.7,200,no
25,technician,married,tertiary,cellular,may,2,-1,0,unknown,1.74,93.951,-42.6,4.519,5135.4,185,no
56,blue-collar,divorced,primary,cellular,jul,1,-1,0,unknown,-0.59,94.144,-32.2,2.75,5145.4,226,no
31,technician,single,secondary,cellular,may,1,-1,0,unknown,1.68,93.664,-32.8,5.316,5129.2,269,no
30,technician,single,secondary,telephone,aug,12,-1,0,unknown,-0.12,93.584,-40.4,4.429,5171.3,44,no
37,technician,single,secondary,unknown,may,1,-1,0,unknown,-1.62,93.387,-43.6,5.39,5224.8,799,yes
37,admin.,married,tertiary,cellular,jul,1,-1,0,unknown,0.36,93.691,-46.9,2.407,5148.9,115,no
32,technician,single,tertiary,cellular,jan,1,-1,0,unknown,1.49,93.79,-44.2,3.055,5228.3,67,no
33,technician,married,tertiary,cellular,nov,1,-1,0,unknown,2.26,93.727,-38.6,3.747,5179.5,238,no
26,entrepreneur,single,secondary,unknown,may,1,-1,0,unknown,-1.57,93.508,-36.8,2.279,5250.9,137,no
38,unemployed,married,primary,unknown,jun,2,-1,0,unknown,-0.93,93.681,-42.3,4.549,5165.9,340,no
34,blue-collar,single,primary,cellular,feb,2,-1,0,unknown,0.72,94.5,-36.5,2.985,5147.3,44,no
34,technician,married,secondary,cellular,feb,1,-1,0,unknown,-0.99,93.746,-33.2,3.786,5110.1,192,no
32,services,divorced,secondary,cellular,apr,1,150,2,failure,1.4,94.21,-42.3,2.232,5227.6,329,no
51,services,married,primary,telephone,may,6,-1,0,unknown,-0.53,94.527,-42.3,5.702,5261.3,36,no
49,technician,married,secondary,cellular,jul,3,-1,0,unknown,1.47,93.656,-37.7,3.896,5102.9,155,no
42,blue-collar,married,secondary,unknown,may,1,-1,0,unknown,1.29,93.973,-46.0,4.936,5154.6,197,no
45,management,divorced,tertiary,cellular,aug,4,-1,0,unknown,-0.95,94.016,-43.3,5.015,5159.6,93,no
47,technician,single,secondary,telephone,feb,1,-1,0,unknown,2.61,93.555,-42.8,2.99,5217.5,33,no
60,retired,single,tertiary,unknown,may,3,-1,0,unknown,1.1,92.452,-47.5,3.062,5236.2,92,no
32,technician,married,secondary,cellular,nov,1,-1,0,unknown,-1.06,93.691,-44.8,5.362,5161.3,131,no
32,technician,single,secondary,unknown,jun,3,-1,0,unknown,0.55,94.19,-37.0,5.16,5094.2,114,no
31,entrepreneur,single,tertiary,cellular,feb,1,-1,0,unknown,-1.35,93.521,-35.9,4.676,5263.9,90,no
56,services,married,secondary,cellular,aug,5,-1,0,unknown,0.16,93.691,-31.0,2.06,5154.1,342,no
30,technician,married,secondary,cellular,feb,3,206,8,other,-1.36,93.538,-43.5,4.172,5154.7,138,no
28,technician,single,secondary,cellular,apr,1,-1,0,unknown,1.48,92.726,-39.5,4.114,5177.5,108,no
46,admin.,single,secondary,unknown,may,2,-1,0,unknown,1.41,93.574,-41.3,3.155,5186.6,104,no
30,management,married,tertiary,cellular,jan,2,258,1,other,-1.01,94.506,-38.8,2.04,5108.3,464,no
27,management,single,unknown,unknown,jun,2,-1,0,unknown,2.9,94.438,-39.7,1.666,5163.2,71,no
49,admin.,single,primary,cellular,may,5,-1,0,unknown,0.85,92.787,-35.2,3.745,5125.1,32,no
58,blue-collar,married,primary,unknown,may,2,-1,0,unknown,-0.5,93.687,-38.9,3.329,5254.0,130,no
33,admin.,single,tertiary,cellular,oct,1,91,3,success,-1.51,93.825,-44.2,6.011,5180.5,380,yes
38,technician,married,secondary,cellular,may,1,-1,0,unknown,-0.57,93.819,-41.6,3.899,5252.6,147,no
34,admin.,single,secondary,cellular,feb,7,280,1,other,0.32,93.528,-43.6,3.097,5227.6,185,no
41,management,married,secondary,cellular,nov,2,-1,0,unknown,-0.4,93.61,-43.3,2.573,5186.5,233,no
38,housemaid,married,secondary,unknown,may,3,-1,0,unknown,1.76,93.916,-39.6,2.073,5138.8,59,no
34,management,married,tertiary,unknown,may,7,-1,0,unknown,-0.67,94.315,-40.5,3.157,5185.4,172,no
36,technician,single,secondary,cellular,feb,1,273,1,failure,-0.21,93.192,-41.0,1.721,5264.5,88,no
30,management,married,tertiary,unknown,may,3,-1,0,unknown,-0.67,93.936,-42.9,3.561,5231.7,122,no
33,admin.,single,tertiary,cellular,nov,2,-1,0,unknown,-1.17,93.682,-43.3,3.395,5121.0,189,no
37,technician,married,secondary,cellular,feb,2,269,3,failure,1.02,93.803,-36.0,4.652,5217.1,247,no
35,management,single,secondary,cellular,jul,6,-1,0,unknown,0.25,93.352,-32.8,3.643,5143.0,67,no
48,unemployed,single,primary,cellular,jul,4,-1,0,unknown,1.58,93.658,-37.7,3.492,5164.5,29,no
34,services,married,secondary,cellular,feb,2,-1,0,unknown,-0.11,93.857,-39.2,5.009,5170.9,696,no
38,self-employed,married,tertiary,cellular,aug,11,-1,0,unknown,-0.79,93.914,-47.0,2.314,5219.9,86,no
33,blue-collar,single,secondary,cellular,feb,1,-1,0,unknown,2.38,93.28,-42.2,4.549,5158.1,173,no
44,admin.,married,secondary,unknown,may,5,-1,0,unknown,1.97,94.3,-43.5,2.378,5163.8,827,no
27,management,married,tertiary,cellular,jul,3,-1,0,unknown,-0.79,93.634,-42.4,3.576,5205.4,159,no
25,admin.,single,secondary,cellular,feb,1,-1,0,unknown,1.58,93.201,-38.6,3.675,5163.2,189,yes
37,self-employed,divorced,secondary,unknown,jun,1,-1,0,unknown,0.67,93.227,-41.1,1.827,5198.4,250,no
60,technician,divorced,tertiary,unknown,may,1,-1,0,unknown,-0.78,94.154,-39.2,4.465,5100.3,498,no
43,entrepreneur,single,tertiary,cellular,nov,4,114,4,failure,-1.62,94.079,-43.2,4.248,5173.6,90,no
35,management,married,tertiary,cellular,nov,2,111,2,failure,0.58,93.559,-39.5,5.801,5191.9,70,no
44,services,divorced,secondary,unknown,may,15,-1,0,unknown,-1.75,94.8,-41.9,0.856,5096.8,54,no
40,blue-collar,married,secondary,cellular,apr,2,-1,0,unknown,0.13,93.309,-47.8,2.147,5303.8,90,no
43,self-employed,married,tertiary,cellular,may,1,77,5,failure,1.42,93.531,-41.2,2.423,5192.0,98,no
45,entrepreneur,divorced,secondary,cellular,nov,1,-1,0,unknown,0.22,93.325,-38.6,2.361,5255.5,157,no
50,management,married,tertiary,cellular,oct,1,-1,0,unknown,0.89,93.62,-42.3,2.021,5187.2,96,yes
43,management,divorced,tertiary,cellular,jun,1,20,1,other,-0.08,94.117,-42.9,3.39,5155.3,187,yes
46,management,married,tertiary,cellular,jul,8,-1,0,unknown,0.73,93.527,-40.4,1.864,5279.2,109,no
25,entrepreneur,married,tertiary,unknown,may,2,-1,0,unknown,0.07,94.458,-39.6,3.865,5168.8,453,no
26,housemaid,single,secondary,unknown,may,16,-1,0,unknown,1.29,94.169,-39.8,2.039,5168.8,60,no
32,entrepreneur,married,secondary,unknown,jun,5,-1,0,unknown,-1.65,93.715,-38.0,3.52,5175.1,80,no
39,admin.,married,secondary,unknown,may,1,-1,0,unknown,2.26,94.084,-40.6,2.316,5112.5,661,no
30,blue-collar,married,secondary,unknown,may,3,-1,0,unknown,-0.13,94.219,-44.0,3.428,5120.6,159,no
48,management,married,primary,unknown,jun,1,-1,0,unknown,0.52,94.026,-42.1,4.227,5161.7,105,no
53,retired,married,tertiary,cellular,nov,2,113,3,failure,1.47,93.712,-35.2,2.678,5098.3,442,no
41,management,married,tertiary,cellular,aug,7,-1,0,unknown,-1.05,93.663,-41.0,2.752,5266.0,74,no
34,technician,single,secondary,cellular,aug,4,-1,0,unknown,0.1,93.384,-39.7,3.191,5165.8,90,no
41,admin.,single,secondary,unknown,jun,4,-1,0,unknown,0.39,93.135,-32.1,1.939,5227.1,583,yes
50,unemployed,married,secondary,unknown,jun,1,-1,0,unknown,1.47,93.816,-43.1,2.344,5189.1,117,no
27,unknown,single,tertiary,telephone,jan,4,-1,0,unknown,0.31,93.771,-42.8,3.311,5093.7,147,no
36,blue-collar,married,unknown,unknown,may,2,-1,0,unknown,-0.41,92.603,-47.6,4.109,5194.2,268,no
42,admin.,married,secondary,unknown,jun,1,-1,0,unknown,2.14,94.726,-42.2,3.73,5133.1,248,no
30,technician,married,secondary,cellular,may,2,333,5,other,-0.11,94.009,-42.9,3.523,5125.0,49,no
44,management,divorced,tertiary,cellular,jul,1,-1,0,unknown,-0.77,93.112,-37.2,0.88,5238.0,472,no
33,management,single,tertiary,cellular,nov,1,-1,0,unknown,1.21,93.882,-41.9,4.425,5092.1,311,no
33,admin.,single,secondary,cellular,jan,2,-1,0,unknown,-1.24,93.42,-42.9,3.102,5255.7,1296,no
43,blue-collar,married,secondary,unknown,may,1,-1,0,unknown,-0.87,93.17,-43.6,5.405,5253.6,70,no
51,services,married,secondary,unknown,may,2,-1,0,unknown,-0.33,93.387,-48.9,3.864,5160.2,140,no
37,services,single,secondary,unknown,jun,2,-1,0,unknown,0.78,93.763,-41.4,3.4,5212.4,92,no
40,technician,married,secondary,cellular,apr,2,-1,0,unknown,-2.47,93.265,-47.9,3.039,5191.5,179,no
35,unemployed,single,secondary,cellular,jan,1,-1,0,unknown,-0.61,93.45,-37.3,4.066,5183.3,374,no
35,management,single,tertiary,cellular,dec,3,165,2,other,1.03,93.049,-40.4,5.677,5262.5,410,yes
36,management,single,tertiary,unknown,jul,3,-1,0,unknown,0.13,93.522,-46.7,4.49,5222.6,85,no
52,admin.,married,secondary,cellular,oct,2,96,7,failure,-1.19,94.191,-37.0,4.479,5264.7,139,no
37,services,single,secondary,cellular,feb,1,273,1,failure,2.31,93.728,-39.3,1.115,5036.2,127,no
33,management,married,tertiary,cellular,oct,1,430,2,failure,2.73,93.455,-39.5,2.531,5129.4,438,yes
29,blue-collar,single,primary,unknown,jun,3,-1,0,unknown,-3.0,93.17,-41.7,3.292,5123.4,2653,yes
39,technician,married,secondary,telephone,feb,2,-1,0,unknown,1.72,93.577,-47.7,2.897,5103.8,53,no
35,technician,married,secondary,cellular,aug,4,-1,0,unknown,-0.94,94.244,-35.5,1.235,5208.4,404,no
32,technician,single,tertiary,cellular,aug,2,-1,0,unknown,0.43,94.102,-41.7,4.15,5211.7,31,no
42,services,married,tertiary,cellular,jun,2,-1,0,unknown,-0.69,93.63,-43.1,3.904,5153.2,186,yes
30,blue-collar,married,primary,unknown,may,5,-1,0,unknown,0.6,94.006,-42.5,2.885,5303.2,89,no
41,blue-collar,married,secondary,unknown,may,4,-1,0,unknown,-1.31,93.378,-43.4,3.698,5119.8,1162,yes
26,student,single,tertiary,cellular,apr,2,-1,0,unknown,-0.78,93.513,-41.3,2.375,5174.3,639,no
35,management,single,tertiary,unknown,may,2,-1,0,unknown,-2.3,93.622,-40.1,4.204,5208.9,55,no
44,technician,married,secondary,cellular,aug,8,-1,0,unknown,-0.23,93.128,-38.1,5.143,5219.1,82,no
33,technician,married,secondary,cellular,jan,1,270,1,other,-1.88,95.201,-38.5,4.782,5221.1,272,no
35,student,single,unknown,unknown,may,2,-1,0,unknown,1.17,94.451,-49.2,2.267,5173.6,611,no
40,admin.,married,primary,unknown,may,2,-1,0,unknown,2.14,93.821,-41.9,3.487,5095.8,160,no
41,housemaid,divorced,primary,unknown,jun,1,-1,0,unknown,2.78,93.764,-46.5,3.499,5106.6,113,no
35,entrepreneur,married,secondary,unknown,may,2,-1,0,unknown,0.46,93.516,-32.9,3.775,5132.9,424,no
28,blue-collar,single,secondary,cellular,oct,1,120,1,other,-0.04,93.678,-42.0,2.413,5210.5,285,no
28,blue-collar,married,secondary,cellular,feb,1,174,4,success,1.41,94.39,-45.6,2.32,5288.1,253,yes
38,admin.,divorced,secondary,cellular,apr,1,-1,0,unknown,1.43,94.857,-44.0,4.018,5188.3,397,no
40,unemployed,married,primary,unknown,jun,1,-1,0,unknown,1.88,94.149,-44.5,3.279,5176.9,317,no
29,services,single,secondary,cellular,jul,1,-1,0,unknown,0.17,93.776,-45.9,3.856,5185.1,510,no
31,blue-collar,married,secondary,unknown,may,1,-1,0,unknown,0.27,93.73,-40.9,2.914,5197.1,254,no
49,housemaid,married,primary,unknown,jun,3,-1,0,unknown,2.34,93.927,-43.7,4.037,5201.0,119,no
52,blue-collar,married,secondary,cellular,nov,2,113,2,failure,1.75,93.43,-42.6,5.221,5135.7,205,no
36,management,married,secondary,cellular,jul,2,-1,0,unknown,0.61,93.692,-43.7,2.603,5115.1,368,no
36,housemaid,single,secondary,cellular,aug,2,-1,0,unknown,0.3,93.277,-41.2,3.036,5259.1,149,no
32,technician,married,tertiary,cellular,jul,6,-1,0,unknown,-0.19,94.173,-46.9,3.288,5239.0,184,no
36,management,married,tertiary,cellular,oct,2,-1,0,unknown,0.31,94.292,-43.6,3.594,5116.5,91,no
32,services,divorced,tertiary,unknown,may,2,-1,0,unknown,0.72,93.344,-34.7,2.749,5156.2,102,no
32,technician,single,tertiary,cellular,aug,2,-1,0,unknown,2.16,93.44,-41.8,3.473,5206.3,239,no
54,management,married,unknown,cellular,apr,1,281,3,failure,0.98,92.652,-40.4,3.453,5188.5,112,no
58,unemployed,divorced,secondary,unknown,jun,5,-1,0,unknown,-0.1,94.387,-42.3,4.983,5113.9,247,no
59,retired,divorced,secondary,cellular,jan,2,-1,0,unknown,-0.92,94.119,-38.7,3.408,5179.2,503,no
34,management,single,tertiary,cellular,jul,5,-1,0,unknown,-0.61,93.49,-46.1,4.802,5222.6,198,no
32,blue-collar,married,secondary,unknown,jun,2,-1,0,unknown,1.84,94.074,-43.8,1.406,5212.8,77,no
35,technician,single,tertiary,cellular,aug,2,-1,0,unknown,1.08,93.663,-39.4,2.395,5163.8,300,no
31,technician,single,secondary,unknown,may,2,-1,0,unknown,-1.19,93.697,-43.2,2.753,5181.8,81,no
32,admin.,married,secondary,cellular,may,5,-1,0,unknown,1.49,94.464,-39.6,3.654,5291.3,47,no
41,management,married,secondary,unknown,may,1,-1,0,unknown,0.41,93.723,-39.6,4.406,5244.5,247,no
41,management,married,tertiary,unknown,may,4,-1,0,unknown,-1.6,92.943,-40.7,4.778,5132.3,330,no
51,blue-collar,divorced,secondary,unknown,may,2,-1,0,unknown,0.29,93.826,-39.1,5.005,5103.5,723,no
38,technician,married,secondary,cellular,jul,5,-1,0,unknown,-0.01,93.984,-39.7,3.945,5254.1,500,no
31,admin.,married,secondary,cellular,jul,4,-1,0,unknown,1.6,94.036,-38.3,4.317,5162.9,156,no
34,services,married,secondary,cellular,may,4,-1,0,unknown,2.89,93.263,-40.7,4.178,5209.5,129,no
37,admin.,married,secondary,cellular,jul,6,-1,0,unknown,0.31,93.486,-37.4,4.151,5159.5,22,no
49,management,divorced,tertiary,cellular,jul,8,-1,0,unknown,2.06,93.873,-40.3,3.821,5158.6,744,no
37,management,single,tertiary,unknown,may,5,-1,0,unknown,-0.22,92.616,-44.7,3.528,5094.4,777,no
29,admin.,single,secondary,unknown,may,1,-1,0,unknown,-0.13,93.401,-46.8,3.078,5140.1,803,yes
35,technician,divorced,secondary,cellular,jul,1,-1,0,unknown,2.82,93.311,-43.9,3.159,5186.3,304,no
54,self-employed,married,secondary,cellular,jul,2,-1,0,unknown,0.35,93.294,-41.7,3.59,5213.7,113,no
35,management,married,tertiary,cellular,aug,2,-1,0,unknown,0.33,93.994,-42.5,3.485,5177.4,174,no
63,retired,married,primary,cellular,jun,1,-1,0,unknown,-1.15,93.709,-41.5,4.152,5234.0,251,yes
25,services,single,tertiary,cellular,jul,1,-1,0,unknown,-0.28,93.309,-44.7,3.072,5099.8,49,no
54,management,married,tertiary,cellular,jul,1,-1,0,unknown,0.06,93.544,-44.8,5.21,5189.6,301,no
50,management,married,tertiary,cellular,may,4,266,20,other,-0.57,93.024,-37.6,4.442,5213.6,83,no
43,blue-collar,married,primary,cellular,nov,1,-1,0,unknown,1.38,94.017,-41.6,3.5,5277.6,70,no
49,admin.,married,secondary,unknown,may,2,-1,0,unknown,0.97,93.545,-43.4,3.756,5155.8,99,no
26,services,single,secondary,unknown,jun,9,-1,0,unknown,2.14,92.987,-37.6,3.839,5177.8,82,no
53,admin.,divorced,secondary,cellular,aug,1,98,2,failure,1.05,93.137,-41.0,4.02,5180.5,1452,yes
33,entrepreneur,married,secondary,cellular,jul,6,-1,0,unknown,0.11,94.429,-41.9,3.141,5131.6,141,no
40,technician,married,secondary,cellular,aug,1,-1,0,unknown,-0.78,94.113,-42.2,4.122,5078.8,129,no
24,technician,single,secondary,cellular,may,2,-1,0,unknown,2.05,93.527,-43.6,2.868,5234.8,190,no
80,retired,divorced,primary,cellular,mar,1,223,3,other,-1.79,93.384,-39.4,3.623,5260.1,577,yes
46,management,married,tertiary,unknown,may,1,-1,0,unknown,-0.69,94.603,-46.3,1.898,5135.2,197,no
34,management,single,tertiary,unknown,may,1,-1,0,unknown,-0.6,92.852,-43.6,2.598,5155.4,68,no
47,technician,divorced,unknown,cellular,may,1,-1,0,unknown,-0.76,94.181,-39.8,3.619,5182.0,85,no
30,management,single,tertiary,unknown,jun,2,-1,0,unknown,2.62,94.034,-44.0,3.509,5137.4,301,no
34,blue-collar,married,secondary,cellular,jul,3,-1,0,unknown,1.12,93.493,-39.6,2.216,5131.3,218,no
52,self-employed,married,secondary,unknown,may,1,-1,0,unknown,0.34,94.795,-44.0,3.752,5119.0,227,no
41,blue-collar,married,secondary,unknown,may,2,-1,0,unknown,-0.22,93.017,-41.0,2.078,5187.8,240,no
42,admin.,married,unknown,cellular,oct,4,160,3,failure,1.36,94.001,-40.6,2.758,5130.0,72,no
55,blue-collar,married,secondary,unknown,may,2,-1,0,unknown,0.79,93.271,-38.9,3.145,5249.9,58,no
23,blue-collar,single,secondary,cellular,may,1,-1,0,unknown,1.51,93.529,-44.9,2.076,5138.2,377,no
36,management,married,secondary,cellular,apr,1,323,3,failure,0.14,93.705,-44.5,2.871,5164.1,56,no
32,technician,married,secondary,unknown,may,1,-1,0,unknown,1.95,95.071,-38.9,4.741,5164.2,296,no
32,services,divorced,secondary,cellular,jul,4,-1,0,unknown,0.3,92.975,-41.0,4.209,5136.4,937,no
50,blue-collar,married,tertiary,cellular,may,3,-1,0,unknown,0.1,93.573,-33.9,4.014,5223.3,187,no
52,housemaid,divorced,primary,cellular,jan,1,-1,0,unknown,0.56,93.576,-39.7,2.248,5140.2,130,no
42,blue-collar,married,primary,telephone,may,6,-1,0,unknown,2.78,93.277,-38.5,5.668,5173.4,36,no
38,services,divorced,secondary,cellular,may,2,-1,0,unknown,-0.03,93.871,-39.4,4.054,5093.7,1880,no
38,technician,divorced,secondary,cellular,jul,1,-1,0,unknown,0.81,93.199,-44.4,3.821,5279.6,73,no
60,retired,married,secondary,telephone,jul,2,-1,0,unknown,2.47,92.936,-33.8,2.774,5176.4,112,no
31,self-employed,married,tertiary,cellular,jul,16,-1,0,unknown,-0.53,93.994,-40.5,2.592,5256.5,98,no
42,housemaid,married,primary,unknown,jun,8,-1,0,unknown,1.24,93.183,-43.8,3.246,5131.5,125,no
33,management,single,tertiary,cellular,aug,6,-1,0,unknown,0.86,93.846,-40.3,2.389,5032.1,147,no
33,blue-collar,divorced,primary,cellular,jul,11,-1,0,unknown,-0.19,94.033,-45.8,2.771,5231.2,211,no
41,management,married,tertiary,unknown,may,1,-1,0,unknown,0.2,93.25,-42.0,6.004,5164.8,37,no
50,entrepreneur,married,tertiary,unknown,jun,1,-1,0,unknown,2.21,93.48,-42.4,2.968,5169.5,117,no
37,admin.,married,tertiary,cellular,aug,2,-1,0,unknown,-0.26,94.143,-41.9,4.516,5228.3,48,no
40,services,married,primary,cellular,may,3,-1,0,unknown,-2.34,93.247,-44.2,2.55,5141.2,361,no
54,services,married,secondary,unknown,may,4,-1,0,unknown,-0.8,93.417,-47.1,1.593,5205.3,284,no
32,admin.,married,secondary,cellular,jul,3,-1,0,unknown,0.39,93.176,-38.4,4.324,5229.7,197,no
32,self-employed,single,tertiary,cellular,nov,2,-1,0,unknown,3.21,94.484,-41.0,3.545,5243.9,157,no
45,entrepreneur,married,tertiary,cellular,nov,2,-1,0,unknown,0.28,93.804,-48.5,3.229,5228.5,416,no
53,blue-collar,married,primary,cellular,aug,4,-1,0,unknown,0.69,93.428,-46.5,2.923,5172.4,158,no
51,admin.,single,secondary,unknown,may,1,-1,0,unknown,0.98,92.638,-45.3,4.711,5054.5,459,no
28,self-employed,married,tertiary,cellular,apr,1,-1,0,unknown,-0.0,93.679,-44.7,4.134,5200.5,219,no
42,self-employed,married,tertiary,unknown,may,1,-1,0,unknown,2.67,94.529,-41.4,3.868,5202.5,853,no
37,management,divorced,tertiary,cellular,apr,1,70,2,other,2.12,93.554,-41.1,1.731,5198.5,221,no
36,unemployed,married,secondary,unknown,jun,1,-1,0,unknown,0.95,93.49,-37.3,5.639,5215.3,386,no
29,housemaid,single,secondary,unknown,may,3,-1,0,unknown,-1.62,93.662,-30.8,3.355,5185.5,91,no
36,blue-collar,married,secondary,cellular,jul,1,-1,0,unknown,0.31,94.257,-37.8,4.054,5342.3,345,no
37,entrepreneur,married,tertiary,unknown,jun,2,-1,0,unknown,-1.06,93.742,-44.8,5.077,5226.3,187,no
34,management,divorced,tertiary,cellular,nov,2,-1,0,unknown,0.03,93.672,-46.1,5.352,5204.5,197,no
32,services,married,secondary,cellular,jul,4,-1,0,unknown,0.02,93.624,-46.2,3.472,5200.9,148,no
32,admin.,single,secondary,unknown,may,2,-1,0,unknown,-0.62,93.53,-44.4,4.644,5118.4,422,no
58,housemaid,married,tertiary,cellular,nov,1,-1,0,unknown,0.61,92.658,-43.1,1.26,5100.2,91,no
36,admin.,single,secondary,cellular,aug,2,-1,0,unknown,-0.4,94.902,-36.7,4.358,5179.6,321,no
57,retired,married,primary,telephone,feb,3,-1,0,unknown,-0.1,94.68,-41.7,3.783,5173.9,286,no
38,blue-collar,single,tertiary,cellular,jul,6,-1,0,unknown,-0.72,92.729,-44.9,4.011,5110.5,84,no
52,services,married,secondary,cellular,jul,1,-1,0,unknown,1.72,93.717,-35.5,4.38,5189.4,135,no
41,admin.,married,secondary,cellular,nov,1,166,2,failure,2.24,94.173,-43.3,4.698,5077.4,164,no
36,management,married,tertiary,cellular,jan,1,237,17,other,0.88,93.959,-42.3,3.809,5137.1,86,no
33,admin.,divorced,primary,unknown,jun,4,-1,0,unknown,-1.28,93.68,-43.1,3.653,5201.0,239,no
51,blue-collar,married,primary,cellular,aug,6,-1,0,unknown,1.56,93.668,-44.3,3.551,5179.9,134,no
69,retired,married,primary,cellular,aug,1,-1,0,unknown,-1.17,93.7,-37.2,2.718,5285.9,230,no
58,services,married,primary,telephone,feb,2,204,1,failure,0.71,93.684,-40.4,4.883,5213.1,41,no
34,blue-collar,single,secondary,unknown,may,6,-1,0,unknown,1.2,93.348,-42.4,5.037,5263.0,192,no
63,housemaid,married,primary,telephone,aug,3,-1,0,unknown,1.88,93.735,-39.2,3.38,5200.5,128,yes
33,blue-collar,married,secondary,unknown,sep,1,-1,0,unknown,0.45,93.228,-40.0,2.558,5126.0,9,no
34,admin.,married,secondary,cellular,feb,1,-1,0,unknown,1.19,93.327,-38.6,2.189,5204.5,246,no
29,blue-collar,divorced,secondary,cellular,apr,4,-1,0,unknown,0.68,92.737,-33.5,3.39,5147.6,712,yes
33,blue-collar,single,primary,cellular,may,1,290,2,failure,-0.7,93.629,-38.4,3.551,5221.2,74,no
36,admin.,divorced,primary,cellular,jul,1,-1,0,unknown,-1.65,94.144,-40.8,4.814,5140.3,185,no
51,blue-collar,married,primary,cellular,may,1,326,5,failure,0.93,93.807,-39.8,4.187,5181.5,189,no
40,services,married,secondary,unknown,jun,1,-1,0,unknown,-1.81,92.564,-41.2,2.352,5122.8,96,no
38,technician,single,secondary,cellular,aug,2,-1,0,unknown,1.27,93.949,-38.8,3.881,5071.1,187,no
34,unemployed,married,tertiary,cellular,aug,6,-1,0,unknown,-0.4,94.388,-35.8,2.906,5252.1,201,no
43,admin.,divorced,tertiary,cellular,nov,1,175,1,failure,-1.44,93.682,-41.2,2.558,5218.2,149,no
42,blue-collar,married,primary,unknown,jun,18,-1,0,unknown,2.48,93.436,-45.3,2.992,5147.0,11,no
27,admin.,single,secondary,cellular,jun,1,-1,0,unknown,0.68,93.439,-43.7,2.856,5136.6,66,no
38,blue-collar,single,secondary,cellular,may,3,-1,0,unknown,0.64,93.629,-47.4,4.406,5180.0,84,no
37,blue-collar,married,secondary,unknown,may,2,-1,0,unknown,1.43,93.601,-42.7,2.932,5148.5,381,no
38,blue-collar,divorced,secondary,cellular,jul,4,-1,0,unknown,1.08,93.234,-40.4,2.782,5223.5,1096,yes
40,services,married,secondary,cellular,jul,2,-1,0,unknown,-2.42,93.625,-42.1,2.695,5258.0,84,no
21,student,single,unknown,cellular,apr,3,364,2,failure,-0.08,93.75,-36.8,2.826,5229.7,232,no
26,admin.,married,secondary,unknown,may,1,-1,0,unknown,-1.36,93.103,-37.4,2.271,5188.3,154,no
58,blue-collar,married,secondary,cellular,aug,17,-1,0,unknown,0.17,93.223,-46.8,3.851,5166.6,27,no
71,retired,divorced,secondary,cellular,aug,3,-1,0,unknown,0.08,94.593,-41.9,3.798,5185.6,534,yes
37,services,single,secondary,unknown,jun,4,-1,0,unknown,1.22,93.29,-40.8,6.047,5260.8,260,no
62,technician,married,secondary,telephone,nov,13,96,1,other,0.37,93.304,-42.5,4.152,5209.2,446,no
45,technician,married,secondary,telephone,aug,2,-1,0,unknown,-0.74,93.264,-46.1,3.011,5275.4,18,no
33,blue-collar,married,secondary,unknown,may,3,-1,0,unknown,-0.52,92.98,-42.4,5.484,5162.2,588,yes
53,blue-collar,married,secondary,cellular,jul,5,-1,0,unknown,-2.38,93.53,-44.4,2.257,5186.5,122,no
35,entrepreneur,divorced,secondary,unknown,may,1,-1,0,unknown,0.61,94.77,-47.5,2.896,5223.9,300,no
57,housemaid,divorced,unknown,telephone,apr,2,-1,0,unknown,0.38,93.689,-39.1,5.475,5117.1,71,no
33,management,married,tertiary,unknown,may,2,-1,0,unknown,0.41,94.253,-44.0,4.015,5208.0,1287,no
34,management,married,tertiary,cellular,feb,2,-1,0,unknown,1.92,93.842,-44.6,4.132,5145.1,449,no
37,technician,single,secondary,cellular,aug,5,-1,0,unknown,-0.01,93.645,-36.5,5.059,5281.2,90,no
27,technician,single,secondary,cellular,feb,1,216,2,other,1.32,93.473,-33.7,3.299,5136.1,352,no
35,technician,single,tertiary,cellular,nov,5,-1,0,unknown,0.63,93.724,-40.2,1.439,5130.9,12,no
37,technician,married,secondary,unknown,may,1,-1,0,unknown,0.69,94.139,-49.2,2.9,5140.6,224,no
29,admin.,single,tertiary,unknown,aug,1,-1,0,unknown,0.09,94.068,-44.4,3.119,5076.3,47,no
27,management,single,secondary,cellular,feb,1,-1,0,unknown,-0.02,93.615,-35.6,2.445,5179.9,84,no
32,blue-collar,divorced,secondary,cellular,jul,1,-1,0,unknown,2.19,92.425,-38.4,3.363,5137.0,120,no
58,blue-collar,married,secondary,cellular,jul,2,-1,0,unknown,0.82,93.149,-35.2,2.931,5226.9,71,no
61,retired,married,secondary,unknown,may,1,-1,0,unknown,0.33,93.529,-38.4,2.593,5187.1,71,no
31,blue-collar,single,secondary,cellular,nov,1,-1,0,unknown,0.18,92.922,-41.4,2.294,5173.4,116,no
47,unemployed,married,primary,cellular,nov,1,-1,0,unknown,1.42,94.638,-39.2,1.559,5125.4,108,no
39,admin.,married,tertiary,cellular,jan,2,-1,0,unknown,-0.26,93.882,-39.6,3.3,5146.6,123,no
36,blue-collar,single,secondary,cellular,nov,2,-1,0,unknown,1.3,94.133,-25.6,3.604,5133.8,287,no
34,blue-collar,single,secondary,cellular,nov,2,-1,0,unknown,0.47,93.027,-50.7,4.319,5077.6,55,no
28,management,married,tertiary,cellular,jul,2,-1,0,unknown,2.14,94.152,-41.6,2.952,5235.3,16,no
45,blue-collar,married,primary,telephone,jul,1,-1,0,unknown,1.05,94.074,-38.5,3.89,5141.3,32,no
34,services,single,secondary,unknown,jun,3,-1,0,unknown,0.46,93.321,-45.0,2.222,5142.0,269,no
27,technician,married,secondary,cellular,jul,1,-1,0,unknown,1.59,93.422,-42.9,2.269,5015.9,451,no
58,retired,married,primary,telephone,oct,1,-1,0,unknown,1.0,94.511,-45.5,0.533,5210.7,27,no
50,blue-collar,married,secondary,unknown,may,6,-1,0,unknown,3.33,93.263,-47.5,2.837,5236.2,263,no
40,admin.,married,unknown,cellular,may,6,174,3,failure,1.15,93.122,-42.5,3.794,5032.7,234,no
38,management,married,tertiary,cellular,jul,1,-1,0,unknown,1.2,94.321,-38.0,3.448,5245.5,500,yes
78,retired,divorced,secondary,telephone,aug,1,-1,0,unknown,-0.78,92.287,-36.9,2.485,5158.2,95,no
48,services,married,secondary,cellular,aug,7,-1,0,unknown,1.01,94.008,-42.0,2.188,5158.7,89,no
35,management,divorced,tertiary,cellular,aug,2,-1,0,unknown,0.31,93.594,-39.4,2.655,5175.3,720,yes
43,management,single,tertiary,telephone,may,3,-1,0,unknown,-1.49,93.212,-43.3,4.179,5164.3,899,no
56,blue-collar,married,primary,unknown,may,1,-1,0,unknown,-1.02,93.901,-37.9,2.56,5236.8,269,no
32,blue-collar,married,secondary,unknown,may,3,-1,0,unknown,-0.57,93.974,-50.9,4.652,5194.0,700,no
76,housemaid,divorced,primary,telephone,oct,2,187,3,success,-0.27,93.581,-40.2,3.293,5081.7,233,yes
60,retired,divorced,primary,telephone,feb,1,-1,0,unknown,2.86,94.337,-44.1,3.79,5215.8,157,no
53,blue-collar,divorced,secondary,unknown,may,1,-1,0,unknown,-1.29,93.951,-35.0,4.673,5169.4,193,no
49,services,married,secondary,cellular,jun,1,368,3,failure,-0.45,92.835,-37.8,2.953,5149.2,263,yes
48,admin.,single,secondary,cellular,jul,1,-1,0,unknown,1.97,93.583,-43.8,3.352,5219.1,72,no
34,management,single,tertiary,cellular,jul,1,-1,0,unknown,0.52,93.875,-41.8,4.348,5175.5,255,no
27,blue-collar,single,primary,unknown,may,3,-1,0,unknown,1.72,93.971,-41.8,3.821,5257.4,205,no
35,self-employed,married,secondary,cellular,jul,3,-1,0,unknown,-0.31,94.13,-35.8,3.173,5101.7,699,yes
31,admin.,married,secondary,cellular,may,2,-1,0,unknown,-0.3,94.995,-37.2,4.32,5116.5,927,no
29,services,single,secondary,cellular,jul,2,-1,0,unknown,0.42,93.523,-40.5,4.503,5216.5,202,no
39,technician,single,unknown,unknown,may,1,-1,0,unknown,1.68,93.302,-42.9,3.838,5198.8,1623,yes
59,unemployed,divorced,secondary,cellular,feb,1,130,1,failure,2.12,94.164,-44.3,5.67,5235.3,287,no
49,technician,married,secondary,cellular,jul,3,-1,0,unknown,0.14,93.846,-31.6,2.651,5177.2,120,no
30,management,single,tertiary,unknown,may,4,-1,0,unknown,0.43,93.975,-44.0,3.579,5228.1,145,no
22,admin.,single,tertiary,cellular,may,4,89,4,success,-0.37,93.554,-38.1,2.886,5095.8,98,no
51,management,single,unknown,unknown,may,2,-1,0,unknown,-1.07,93.305,-37.9,2.67,5218.8,33,no
35,admin.,divorced,secondary,unknown,may,1,-1,0,unknown,2.44,94.048,-41.3,1.738,5250.1,173,no
60,management,married,tertiary,cellular,may,3,-1,0,unknown,-1.91,93.818,-33.2,3.109,5145.2,787,no
24,student,single,secondary,cellular,nov,1,90,1,failure,-0.5,93.363,-39.9,2.121,5159.0,263,yes
37,blue-collar,married,primary,unknown,jun,4,-1,0,unknown,0.99,93.53,-45.6,0.764,5260.1,51,no
31,management,married,tertiary,cellular,apr,5,-1,0,unknown,1.05,94.308,-40.7,2.782,5185.6,343,no
41,unemployed,married,tertiary,cellular,feb,2,-1,0,unknown,1.29,94.052,-35.9,2.644,5247.7,358,no
55,unemployed,single,primary,unknown,jun,1,-1,0,unknown,0.84,92.746,-35.4,4.428,5220.6,106,no
28,blue-collar,married,primary,unknown,may,4,-1,0,unknown,1.5,93.675,-44.9,2.981,5061.9,78,no
28,blue-collar,married,secondary,unknown,may,2,-1,0,unknown,1.87,93.209,-41.2,4.508,5214.4,750,no
36,management,single,tertiary,cellular,may,3,170,1,failure,1.3,93.624,-40.3,1.757,5156.9,81,no
45,services,married,secondary,cellular,jul,2,-1,0,unknown,1.58,93.843,-43.8,2.473,5125.3,106,no
32,unemployed,divorced,primary,cellular,jul,4,-1,0,unknown,1.41,94.362,-48.1,3.91,5182.5,175,no
55,technician,married,tertiary,telephone,may,5,370,3,other,0.24,94.27,-44.4,1.837,5161.8,992,no
59,blue-collar,married,primary,cellular,aug,6,-1,0,unknown,-1.15,93.841,-35.8,3.698,5168.4,1152,yes
53,blue-collar,married,secondary,cellular,may,3,-1,0,unknown,-0.82,94.271,-33.4,2.807,5192.3,91,no
26,admin.,single,secondary,cellular,apr,1,80,1,success,0.68,94.115,-35.4,2.745,5202.7,457,yes
38,management,married,tertiary,cellular,oct,2,184,5,failure,-1.76,94.432,-35.3,3.601,5166.0,336,yes
50,management,married,tertiary,unknown,jun,1,-1,0,unknown,2.55,92.835,-42.8,4.923,5224.2,916,no
48,services,divorced,secondary,cellular,may,3,349,3,other,-0.75,94.272,-36.7,2.906,5106.5,1062,yes
30,blue-collar,married,primary,unknown,may,4,-1,0,unknown,0.99,92.827,-36.8,2.567,5121.6,126,no
46,blue-collar,married,primary,cellular,may,3,259,17,failure,0.14,94.23,-37.0,4.036,5222.3,142,no
40,unemployed,married,primary,cellular,feb,1,-1,0,unknown,1.4,93.882,-37.1,4.626,5233.0,171,no
45,admin.,married,secondary,cellular,aug,2,-1,0,unknown,0.93,93.275,-46.6,3.556,5274.4,102,no
46,unknown,married,unknown,cellular,aug,1,-1,0,unknown,0.21,93.883,-34.6,4.566,5223.9,343,no
46,management,divorced,tertiary,cellular,mar,2,-1,0,unknown,3.34,93.531,-46.3,2.439,5169.6,144,yes
41,admin.,married,secondary,cellular,jul,12,-1,0,unknown,1.91,94.37,-39.2,3.543,5242.0,76,no
26,admin.,single,secondary,cellular,apr,2,-1,0,unknown,1.97,93.19,-49.5,4.384,5097.3,238,no
36,technician,single,secondary,cellular,jan,2,266,2,failure,0.67,94.004,-40.4,4.43,5137.7,198,no
49,technician,married,secondary,cellular,may,1,342,4,failure,1.24,94.123,-42.6,3.192,5174.6,816,no
28,management,single,tertiary,telephone,aug,1,46,35,failure,0.99,93.654,-38.9,0.772,5206.8,361,no
28,student,single,secondary,unknown,may,1,-1,0,unknown,0.36,94.053,-46.4,3.496,5195.6,151,no
34,blue-collar,divorced,secondary,unknown,may,13,-1,0,unknown,1.08,93.037,-37.6,3.886,5169.8,102,no
35,management,married,tertiary,cellular,jun,1,386,1,failure,0.63,94.916,-42.3,4.72,5226.7,134,no
44,technician,married,secondary,cellular,aug,12,-1,0,unknown,-0.11,93.225,-42.3,3.728,5106.4,212,no
38,management,married,tertiary,cellular,may,1,367,2,failure,1.21,93.352,-40.3,4.083,5187.7,148,no
35,services,divorced,secondary,cellular,jul,1,-1,0,unknown,2.69,93.532,-37.5,1.68,5162.0,228,no
53,technician,married,tertiary,cellular,may,1,328,1,failure,1.19,93.335,-41.0,3.314,5107.7,55,no
30,services,married,unknown,unknown,may,2,-1,0,unknown,0.18,94.07,-40.6,3.293,5196.5,674,no
30,technician,single,secondary,unknown,may,2,-1,0,unknown,-1.44,93.547,-37.6,5.223,5124.7,614,no
34,admin.,single,secondary,cellular,nov,2,-1,0,unknown,-1.15,92.985,-41.2,2.142,5207.3,88,no
60,retired,married,primary,unknown,jun,1,-1,0,unknown,0.96,92.96,-40.7,4.185,5186.5,200,no
60,management,married,primary,telephone,feb,1,-1,0,unknown,0.12,93.347,-45.2,4.571,5223.7,447,no
30,blue-collar,married,secondary,unknown,jun,5,-1,0,unknown,0.15,93.821,-40.5,3.617,5173.8,148,no
34,blue-collar,married,secondary,unknown,may,3,-1,0,unknown,0.68,93.645,-32.2,2.086,5150.6,627,no
29,management,single,tertiary,unknown,jun,4,-1,0,unknown,1.86,93.87,-40.6,1.636,5166.9,91,no
57,technician,married,tertiary,unknown,jun,3,-1,0,unknown,1.2,94.671,-35.6,2.176,5200.1,174,no
37,technician,married,secondary,cellular,aug,4,-1,0,unknown,-1.03,93.691,-41.2,3.097,5178.4,154,no
46,self-employed,divorced,tertiary,cellular,apr,1,133,3,failure,3.12,93.598,-44.1,1.954,5160.1,463,no
36,technician,married,secondary,cellular,feb,2,-1,0,unknown,1.05,92.879,-44.8,2.005,5145.1,24,no
28,student,single,secondary,cellular,nov,1,97,2,failure,-0.93,93.899,-42.2,4.171,5187.9,487,yes
56,blue-collar,married,primary,unknown,may,1,-1,0,unknown,0.57,93.855,-40.7,2.327,5206.0,438,no
45,blue-collar,married,secondary,cellular,apr,1,-1,0,unknown,1.62,93.62,-40.0,3.142,5170.8,188,no
43,blue-collar,married,primary,cellular,feb,1,-1,0,unknown,1.26,93.208,-40.4,1.984,5150.9,237,no
29,technician,single,secondary,cellular,may,3,-1,0,unknown,-0.62,93.502,-47.1,4.326,5179.1,273,no
27,services,single,tertiary,cellular,may,3,-1,0,unknown,3.27,93.107,-35.4,4.506,5154.3,105,no
52,technician,divorced,secondary,cellular,aug,2,-1,0,unknown,1.25,93.575,-43.8,3.952,5118.1,117,no
57,services,married,secondary,cellular,may,7,285,3,failure,1.91,93.764,-45.7,4.019,5213.9,86,no
27,technician,married,tertiary,cellular,feb,1,-1,0,unknown,0.27,93.357,-38.4,2.995,5224.4,45,no
38,technician,single,tertiary,cellular,may,3,-1,0,unknown,-0.16,94.423,-38.7,2.926,5232.6,253,no
32,services,single,secondary,cellular,feb,1,-1,0,unknown,1.56,94.112,-46.9,2.592,5271.6,305,no
45,technician,married,secondary,telephone,jul,1,-1,0,unknown,0.44,92.892,-39.6,3.54,5203.2,27,no
54,management,married,tertiary,telephone,may,5,-1,0,unknown,-0.32,93.215,-49.7,5.137,5228.3,65,no
59,retired,married,primary,cellular,aug,2,-1,0,unknown,-0.84,93.596,-42.1,4.754,5130.8,256,no
29,student,single,secondary,cellular,dec,3,189,19,other,1.64,93.289,-43.4,2.854,5201.2,279,yes
37,technician,single,secondary,cellular,aug,6,-1,0,unknown,3.05,93.395,-37.5,3.094,5244.6,1149,yes
49,technician,divorced,secondary,unknown,may,8,-1,0,unknown,-0.38,93.821,-43.8,2.277,5153.9,230,no
39,blue-collar,married,primary,unknown,jun,3,-1,0,unknown,-1.42,93.957,-37.6,2.42,5138.4,320,no
57,retired,married,secondary,cellular,aug,2,-1,0,unknown,1.26,93.435,-36.6,5.947,5273.2,91,no
37,admin.,single,secondary,unknown,may,1,-1,0,unknown,-1.91,93.812,-40.3,2.767,5119.2,237,no
53,admin.,single,secondary,cellular,feb,1,92,1,success,-1.15,93.854,-46.9,2.976,5127.7,108,no
44,blue-collar,married,secondary,unknown,may,2,-1,0,unknown,-0.13,93.458,-41.3,4.262,5114.7,100,no
61,retired,divorced,primary,cellular,nov,1,-1,0,unknown,-0.42,94.097,-41.8,1.882,5143.3,342,yes
42,housemaid,married,primary,cellular,aug,2,-1,0,unknown,-1.02,92.597,-38.2,3.123,5169.4,133,no
28,admin.,divorced,secondary,unknown,may,2,-1,0,unknown,-1.42,93.952,-44.7,3.802,5181.8,442,yes
55,management,divorced,tertiary,cellular,feb,1,-1,0,unknown,-0.79,93.669,-39.4,3.33,5095.9,115,no
26,student,single,secondary,cellular,may,1,-1,0,unknown,0.43,93.827,-41.4,4.265,5278.9,620,no
47,blue-collar,married,secondary,unknown,jun,1,-1,0,unknown,-1.58,92.906,-34.9,4.507,5224.2,79,no
33,management,married,tertiary,unknown,jun,11,-1,0,unknown,0.54,93.946,-42.9,2.451,5228.1,101,no
36,technician,married,secondary,cellular,may,1,304,2,failure,1.58,95.133,-46.7,1.584,5195.4,179,no
33,blue-collar,married,secondary,cellular,jul,2,-1,0,unknown,0.01,92.753,-35.1,3.512,5125.8,332,no
30,blue-collar,single,secondary,cellular,jul,1,-1,0,unknown,-1.27,93.163,-42.5,2.092,5176.9,51,no
42,management,divorced,secondary,unknown,may,1,-1,0,unknown,1.93,93.744,-53.9,3.901,5167.4,112,no
35,blue-collar,married,secondary,telephone,may,6,-1,0,unknown,-0.65,93.428,-36.0,2.235,5180.8,155,no
41,technician,married,secondary,cellular,apr,2,-1,0,unknown,2.88,94.032,-38.8,3.394,5249.9,314,yes
27,technician,married,tertiary,telephone,feb,5,-1,0,unknown,1.99,94.317,-49.5,2.544,5100.5,24,no
34,admin.,married,secondary,cellular,may,4,364,22,other,-0.91,93.155,-41.9,3.57,5221.8,114,no
39,management,single,tertiary,cellular,jan,5,196,1,other,0.02,93.897,-46.8,4.129,5171.1,118,no
34,admin.,single,secondary,cellular,nov,1,-1,0,unknown,-0.0,93.524,-45.5,2.762,5172.5,73,no
37,technician,married,secondary,unknown,may,4,-1,0,unknown,-2.08,93.327,-46.8,4.18,5139.3,45,no
33,admin.,married,secondary,unknown,may,2,-1,0,unknown,-0.03,94.606,-46.2,3.284,5210.6,566,no
39,entrepreneur,married,secondary,unknown,jun,2,-1,0,unknown,2.71,93.571,-39.7,2.322,5105.2,76,no
25,management,single,tertiary,cellular,sep,2,114,2,failure,-0.22,93.469,-44.2,5.029,5156.8,267,yes
44,blue-collar,single,secondary,cellular,apr,1,-1,0,unknown,-2.21,93.388,-48.3,3.866,5296.8,442,no
21,technician,single,secondary,unknown,oct,1,-1,0,unknown,-0.75,93.387,-43.7,2.422,5152.7,5,no
47,technician,married,secondary,cellular,may,2,336,2,success,-0.64,93.879,-49.2,2.366,5139.2,778,no
60,technician,married,secondary,cellular,jul,2,-1,0,unknown,0.78,93.551,-40.8,2.419,5103.5,112,no
36,blue-collar,married,secondary,unknown,jun,1,-1,0,unknown,-0.24,94.154,-40.1,3.433,5119.8,351,no
48,entrepreneur,married,secondary,unknown,jun,9,-1,0,unknown,-0.92,93.711,-39.1,3.192,5095.4,60,no
47,services,married,secondary,cellular,aug,3,-1,0,unknown,-1.25,93.676,-37.4,2.453,5210.8,599,no
27,blue-collar,single,primary,cellular,may,4,301,2,success,0.56,93.989,-40.7,3.352,5194.0,276,no
45,technician,single,secondary,cellular,nov,1,-1,0,unknown,1.5,94.03,-35.6,2.59,5105.2,200,no
58,technician,married,unknown,unknown,may,1,-1,0,unknown,1.75,94.18,-41.5,3.895,5125.0,71,no
46,technician,married,secondary,cellular,aug,13,-1,0,unknown,2.0,94.265,-48.5,4.129,5215.4,7,no
41,blue-collar,divorced,primary,cellular,jul,5,-1,0,unknown,0.79,93.472,-30.5,2.592,5232.6,955,yes
32,management,married,tertiary,cellular,jul,1,-1,0,unknown,1.71,93.602,-42.4,3.585,5182.6,72,no
42,technician,married,secondary,unknown,jun,3,-1,0,unknown,-1.12,94.178,-44.3,4.861,5268.0,107,no
48,technician,married,secondary,cellular,jul,1,-1,0,unknown,0.83,94.963,-35.1,3.093,5153.5,112,no
51,entrepreneur,married,tertiary,cellular,jul,1,-1,0,unknown,1.09,93.644,-38.5,2.261,5155.7,42,no
55,housemaid,married,primary,cellular,aug,2,-1,0,unknown,-0.29,93.244,-33.3,2.711,5043.8,139,no
45,admin.,married,secondary,cellular,aug,1,-1,0,unknown,0.03,93.834,-34.3,3.29,5156.7,277,yes
34,admin.,married,secondary,unknown,jun,13,-1,0,unknown,0.66,93.298,-35.4,3.343,5316.0,65,no
41,services,divorced,secondary,unknown,may,1,-1,0,unknown,-1.0,93.454,-40.8,1.58,5234.3,133,no
67,retired,married,unknown,telephone,may,2,-1,0,unknown,0.28,92.611,-37.3,5.606,5113.3,77,no
27,technician,single,tertiary,cellular,aug,1,87,6,failure,1.79,93.684,-48.7,2.172,5189.2,217,yes
35,blue-collar,single,primary,unknown,may,2,-1,0,unknown,0.48,93.839,-44.7,2.584,5191.4,83,no
28,unemployed,married,secondary,unknown,may,1,-1,0,unknown,-1.13,93.284,-44.4,3.734,5213.7,371,no
59,retired,divorced,secondary,cellular,may,2,-1,0,unknown,-0.04,94.199,-33.7,2.698,5179.1,1060,yes
40,management,divorced,secondary,cellular,jul,4,-1,0,unknown,-0.9,93.976,-37.7,3.925,5255.4,140,no
51,blue-collar,married,primary,cellular,may,7,250,3,failure,0.49,94.345,-42.7,2.893,5161.2,157,no
31,management,married,tertiary,unknown,may,2,-1,0,unknown,2.18,93.834,-33.2,3.752,5162.3,389,no
39,technician,single,tertiary,cellular,apr,2,248,12,failure,1.24,93.729,-35.8,3.232,5249.5,204,no
47,entrepreneur,divorced,tertiary,unknown,jun,1,-1,0,unknown,-0.8,93.692,-44.0,2.712,5210.3,124,no
36,unemployed,single,primary,telephone,jul,6,-1,0,unknown,2.88,93.497,-44.1,3.541,5151.0,63,no
30,management,single,tertiary,cellular,feb,6,-1,0,unknown,-1.71,93.662,-39.1,3.527,5143.6,31,no
36,services,divorced,secondary,unknown,jun,3,-1,0,unknown,-0.33,93.91,-39.3,1.969,5187.5,250,no
48,management,married,tertiary,unknown,may,1,-1,0,unknown,-0.08,92.906,-41.2,2.43,5129.4,125,no
48,admin.,divorced,unknown,cellular,may,1,-1,0,unknown,0.74,93.32,-42.0,2.784,5203.9,243,no
28,admin.,single,secondary,cellular,may,5,-1,0,unknown,1.03,93.228,-44.2,3.065,5119.6,390,yes
54,entrepreneur,married,secondary,unknown,may,3,-1,0,unknown,1.08,93.894,-39.4,2.881,5166.5,44,no
32,admin.,married,secondary,unknown,may,3,-1,0,unknown,-2.9,93.372,-42.2,2.22,5224.9,200,no
37,self-employed,divorced,tertiary,unknown,jul,3,-1,0,unknown,0.55,93.724,-42.6,2.781,5126.8,426,no
42,technician,married,secondary,unknown,may,1,-1,0,unknown,1.48,93.98,-43.0,4.01,5176.5,833,no
29,admin.,single,unknown,unknown,may,3,-1,0,unknown,0.12,93.071,-41.2,1.895,5262.8,597,no
35,admin.,single,secondary,cellular,feb,2,-1,0,unknown,-1.08,93.165,-42.7,4.826,5226.1,418,no
37,entrepreneur,single,tertiary,unknown,may,2,-1,0,unknown,0.12,92.888,-40.6,3.143,5256.9,237,no
29,blue-collar,single,secondary,cellular,may,1,-1,0,unknown,-0.39,93.675,-38.4,4.564,5242.8,500,no
25,technician,divorced,tertiary,unknown,may,4,-1,0,unknown,-1.35,93.736,-36.2,2.347,5275.2,350,no
47,services,divorced,secondary,unknown,may,2,-1,0,unknown,-2.68,93.153,-42.5,1.964,5244.6,92,no
59,retired,married,secondary,cellular,aug,2,-1,0,unknown,2.59,93.647,-46.5,2.624,5185.7,185,no
32,technician,married,secondary,cellular,oct,1,805,4,other,1.34,93.877,-40.6,1.918,5252.8,289,yes
58,management,divorced,tertiary,unknown,may,2,-1,0,unknown,2.11,93.961,-40.8,4.402,5220.9,137,no
30,management,married,tertiary,cellular,may,6,169,3,failure,-1.04,94.161,-37.8,4.461,5102.4,255,no
53,blue-collar,married,primary,cellular,jul,1,-1,0,unknown,0.59,93.366,-38.6,3.688,5192.5,114,no
61,retired,married,secondary,cellular,oct,2,92,5,success,-1.01,93.041,-45.3,2.553,5194.1,212,no
36,services,single,secondary,unknown,jun,9,-1,0,unknown,2.73,93.375,-40.2,5.013,5169.2,256,no
29,blue-collar,married,secondary,cellular,apr,1,-1,0,unknown,2.06,93.288,-40.5,2.069,5157.7,357,no
57,retired,divorced,tertiary,cellular,nov,2,-1,0,unknown,1.2,94.173,-41.2,2.205,5178.4,130,no
26,blue-collar,single,secondary,unknown,may,5,-1,0,unknown,3.61,93.561,-43.5,3.909,5202.8,103,no
39,admin.,divorced,secondary,unknown,may,2,-1,0,unknown,0.82,93.856,-45.9,1.958,5177.1,611,no
58,retired,married,secondary,cellular,may,2,-1,0,unknown,1.11,94.113,-46.3,2.703,5251.5,229,no
34,management,married,tertiary,cellular,nov,1,162,2,failure,-0.89,94.321,-38.4,3.024,5133.7,358,yes
44,unemployed,single,primary,cellular,jul,2,-1,0,unknown,2.3,93.636,-40.2,4.065,5200.7,788,yes
51,admin.,married,secondary,cellular,aug,2,-1,0,unknown,0.96,93.793,-36.7,2.454,5165.4,359,no
35,services,single,secondary,unknown,jun,5,-1,0,unknown,1.5,94.207,-39.9,4.53,5210.5,43,no
68,retired,married,tertiary,cellular,aug,4,181,3,success,-0.61,94.149,-43.8,1.993,5141.9,392,yes
34,management,married,secondary,cellular,aug,4,-1,0,unknown,0.02,93.04,-42.2,3.213,5146.1,90,no
42,unemployed,married,secondary,unknown,may,1,-1,0,unknown,-0.06,93.985,-51.3,3.218,5199.0,13,no
28,blue-collar,married,secondary,unknown,may,2,-1,0,unknown,-1.34,93.135,-45.1,2.96,5193.7,132,no
32,admin.,single,tertiary,cellular,nov,1,182,1,failure,2.67,94.055,-36.6,2.859,5247.6,100,no
51,blue-collar,married,primary,cellular,aug,2,-1,0,unknown,0.34,94.463,-43.4,3.977,5128.3,186,no
56,blue-collar,married,primary,cellular,apr,2,-1,0,unknown,1.68,94.709,-38.5,3.039,5111.4,264,yes
28,admin.,married,secondary,cellular,feb,2,-1,0,unknown,-0.85,93.479,-45.2,2.806,5190.9,481,no
31,services,married,secondary,unknown,may,12,-1,0,unknown,-1.71,94.401,-39.2,4.478,5189.4,133,no
42,technician,married,secondary,cellular,feb,2,246,1,failure,1.15,93.189,-30.7,4.614,5146.4,187,no
45,blue-collar,married,secondary,unknown,may,5,-1,0,unknown,1.33,93.992,-39.0,3.985,5168.8,319,no
42,management,married,secondary,cellular,aug,6,-1,0,unknown,-0.3,94.256,-37.7,2.099,5163.2,117,no
42,technician,married,secondary,cellular,jul,5,-1,0,unknown,-0.45,93.873,-43.2,2.651,5196.4,216,no
46,technician,married,secondary,cellular,aug,2,-1,0,unknown,-0.73,95.001,-40.8,4.979,5197.9,84,no
35,blue-collar,single,secondary,cellular,may,1,347,6,failure,1.74,93.925,-43.8,3.73,5170.6,334,no
45,self-employed,married,secondary,cellular,nov,1,111,2,failure,0.03,93.84,-37.2,2.575,5144.0,180,no
33,management,single,tertiary,cellular,oct,1,-1,0,unknown,-0.88,93.839,-48.5,2.968,5176.0,59,no
44,services,married,secondary,cellular,jan,3,-1,0,unknown,-0.2,93.571,-39.7,3.188,5266.3,202,no
43,management,married,secondary,cellular,aug,18,-1,0,unknown,1.99,93.823,-35.5,5.439,5171.8,108,no
52,technician,married,unknown,cellular,nov,3,174,1,failure,-1.09,93.986,-38.1,5.109,5205.7,222,no
42,admin.,married,secondary,cellular,jul,4,-1,0,unknown,1.44,93.714,-46.6,4.7,5180.8,130,no
36,admin.,single,tertiary,cellular,apr,2,-1,0,unknown,-0.63,93.774,-43.9,3.221,5181.5,127,no
40,entrepreneur,married,primary,unknown,jun,2,-1,0,unknown,-0.42,93.962,-41.7,1.755,5140.6,160,no
39,blue-collar,married,primary,unknown,jun,16,-1,0,unknown,-1.09,94.626,-35.7,5.498,5105.4,264,no
33,management,single,tertiary,cellular,aug,4,-1,0,unknown,-0.45,93.883,-42.2,4.125,5115.6,127,no
45,blue-collar,married,primary,cellular,apr,2,-1,0,unknown,1.47,93.332,-39.9,3.996,5224.0,890,no
38,blue-collar,married,secondary,unknown,jun,5,-1,0,unknown,1.71,94.173,-43.0,3.902,5204.1,152,no
32,management,married,tertiary,cellular,jul,2,-1,0,unknown,-0.68,93.301,-44.8,3.602,5194.2,29,no
51,blue-collar,married,unknown,unknown,jun,13,-1,0,unknown,1.05,93.268,-43.9,4.414,5216.7,17,no
36,management,married,tertiary,cellular,nov,1,-1,0,unknown,-1.14,94.312,-41.1,4.215,5262.0,93,no
28,blue-collar,single,secondary,unknown,may,1,-1,0,unknown,2.58,93.378,-45.3,2.505,5172.1,66,no
32,technician,single,tertiary,unknown,may,2,-1,0,unknown,0.75,94.458,-35.8,0.567,5214.7,463,no
48,management,married,tertiary,cellular,aug,3,-1,0,unknown,-0.1,94.251,-38.2,2.463,5275.2,585,no
58,technician,married,primary,unknown,jun,3,-1,0,unknown,2.14,93.259,-38.5,3.172,5165.1,106,no
36,technician,married,secondary,cellular,aug,2,-1,0,unknown,0.81,93.813,-41.4,2.028,5147.4,65,no
39,services,married,secondary,cellular,jul,5,-1,0,unknown,-1.7,94.307,-44.1,5.03,5086.7,81,no
21,blue-collar,single,secondary,cellular,feb,2,-1,0,unknown,-0.83,93.93,-41.3,2.43,5177.7,92,yes
23,services,single,secondary,unknown,jun,1,-1,0,unknown,-0.19,93.628,-42.1,4.531,5209.3,768,yes
55,retired,married,primary,cellular,aug,4,-1,0,unknown,0.87,93.666,-37.3,2.472,5113.3,632,yes
37,blue-collar,married,primary,cellular,may,1,297,3,failure,0.94,93.767,-43.3,1.171,5042.1,569,no
42,management,married,secondary,telephone,jul,8,-1,0,unknown,0.34,93.698,-40.2,3.734,5257.7,130,no
83,housemaid,married,primary,cellular,sep,3,276,8,other,1.61,94.518,-43.4,1.783,5047.0,109,no
41,admin.,divorced,tertiary,cellular,jul,13,-1,0,unknown,1.29,93.945,-37.6,2.138,5165.3,108,no
49,blue-collar,married,primary,cellular,may,2,360,4,failure,-0.08,94.011,-48.9,6.145,5227.7,373,no
42,housemaid,single,secondary,cellular,apr,3,-1,0,unknown,-0.43,93.562,-34.8,1.802,5198.0,134,no
29,technician,single,secondary,cellular,jul,1,-1,0,unknown,1.51,93.506,-43.5,3.281,5194.3,203,no
38,technician,divorced,tertiary,unknown,jun,2,-1,0,unknown,-0.54,94.688,-41.3,4.687,5083.6,952,yes
36,blue-collar,married,primary,cellular,feb,2,-1,0,unknown,1.3,93.835,-33.0,1.752,5216.6,167,no
35,technician,single,secondary,unknown,may,2,-1,0,unknown,0.65,94.22,-42.9,2.043,5134.5,100,no
35,admin.,married,secondary,cellular,apr,1,21,1,failure,0.33,93.564,-50.9,5.401,5084.8,116,no
82,retired,married,tertiary,cellular,feb,7,-1,0,unknown,0.98,92.999,-42.1,3.716,5164.7,223,no
44,management,married,tertiary,cellular,aug,4,-1,0,unknown,0.95,93.921,-40.0,2.161,5208.3,130,no
29,blue-collar,divorced,secondary,cellular,apr,2,-1,0,unknown,-0.91,93.718,-44.3,4.094,5154.8,405,no
35,services,married,secondary,cellular,jul,2,407,3,success,0.21,92.583,-33.9,4.033,5123.8,815,yes
43,technician,married,secondary,cellular,aug,2,-1,0,unknown,-1.59,94.087,-42.7,3.124,5240.3,209,no
32,blue-collar,married,primary,telephone,feb,3,-1,0,unknown,0.05,93.847,-39.1,2.323,5181.4,35,no
49,unemployed,married,tertiary,cellular,nov,3,185,7,failure,-0.3,93.674,-44.6,2.401,5157.6,77,no
36,services,divorced,tertiary,cellular,may,1,367,6,other,0.66,93.264,-40.3,2.8,5170.0,69,no
38,admin.,married,secondary,cellular,feb,1,-1,0,unknown,-1.36,93.024,-38.6,4.35,5145.0,387,no
41,management,married,tertiary,telephone,nov,1,-1,0,unknown,-0.29,93.179,-41.1,5.095,5212.2,49,no
49,housemaid,married,secondary,cellular,dec,3,202,2,failure,1.03,94.137,-39.9,4.84,5198.4,62,no
39,unemployed,single,secondary,cellular,dec,8,203,1,success,-1.36,93.512,-46.5,1.725,5137.0,193,no
32,technician,single,secondary,cellular,jul,1,-1,0,unknown,-0.51,94.05,-47.9,4.884,5233.8,243,no
48,management,married,secondary,cellular,nov,2,-1,0,unknown,0.17,93.909,-45.8,2.072,5173.9,125,no
46,technician,single,secondary,unknown,aug,2,-1,0,unknown,1.47,94.336,-43.8,5.214,5198.9,69,no
49,blue-collar,married,primary,unknown,jun,1,-1,0,unknown,0.59,94.071,-35.3,6.106,5144.0,66,no
30,services,married,secondary,cellular,may,1,-1,0,unknown,2.3,93.492,-39.3,3.605,5266.0,66,no
30,admin.,married,secondary,cellular,may,1,-1,0,unknown,3.55,94.523,-44.2,3.509,5186.5,290,no
49,admin.,married,secondary,cellular,aug,3,-1,0,unknown,2.79,93.03,-37.6,4.228,5065.1,131,no
42,admin.,divorced,secondary,cellular,jan,1,-1,0,unknown,-0.93,93.174,-33.8,1.536,5116.5,931,yes
42,technician,married,tertiary,telephone,may,2,-1,0,unknown,1.91,94.759,-42.1,0.505,5088.6,360,no
57,unknown,married,unknown,unknown,may,4,-1,0,unknown,1.19,94.24,-41.4,3.597,5085.4,836,no
43,admin.,married,secondary,cellular,apr,1,-1,0,unknown,2.39,94.449,-37.4,2.873,5099.8,219,no
32,technician,single,tertiary,cellular,apr,2,-1,0,unknown,0.02,93.856,-46.0,4.265,5176.3,223,no
44,management,married,tertiary,cellular,aug,4,-1,0,unknown,-1.91,93.731,-42.0,2.957,5182.7,113,no
54,retired,divorced,tertiary,cellular,nov,1,-1,0,unknown,-2.0,93.256,-43.2,3.708,5177.9,257,no
50,admin.,married,secondary,cellular,may,8,182,4,success,0.77,93.849,-38.2,2.943,5204.5,196,yes
35,technician,married,secondary,cellular,aug,9,-1,0,unknown,3.08,92.819,-39.2,2.292,5164.5,17,no
32,services,single,secondary,cellular,nov,1,-1,0,unknown,-0.3,93.758,-43.0,3.122,5259.6,132,no
46,management,married,secondary,cellular,jul,2,-1,0,unknown,-0.53,92.5,-39.0,4.3,5278.8,597,no
54,management,married,tertiary,cellular,jul,1,-1,0,unknown,-0.84,93.132,-44.5,2.123,5277.1,381,no
52,unemployed,married,primary,telephone,jul,2,-1,0,unknown,1.99,93.356,-44.4,1.897,5164.0,694,yes
41,blue-collar,married,primary,cellular,jul,2,-1,0,unknown,-0.55,94.892,-38.1,2.202,5125.9,155,no
31,blue-collar,married,secondary,telephone,jul,1,-1,0,unknown,1.62,93.559,-43.1,2.975,5076.7,36,no
47,blue-collar,married,primary,cellular,may,2,-1,0,unknown,0.37,93.619,-39.4,3.22,5066.7,480,no
50,management,married,tertiary,cellular,oct,1,183,1,success,-0.5,93.577,-41.0,1.165,5175.5,170,yes
37,blue-collar,married,primary,unknown,jun,2,-1,0,unknown,0.62,93.313,-44.3,3.806,5128.6,172,no
36,management,married,tertiary,cellular,may,1,175,3,failure,-0.82,93.548,-42.8,4.333,5146.1,215,no
31,blue-collar,married,primary,cellular,apr,2,-1,0,unknown,-1.63,93.728,-42.3,1.746,5164.4,340,no
35,management,married,tertiary,cellular,may,2,88,4,success,-0.14,93.224,-42.8,2.542,5267.5,226,yes
42,blue-collar,married,unknown,unknown,jun,1,-1,0,unknown,0.01,94.165,-44.7,3.324,5225.2,220,no
60,admin.,divorced,secondary,cellular,may,1,91,1,failure,-1.0,93.141,-47.3,4.057,5177.8,136,no
38,self-employed,divorced,tertiary,cellular,may,1,342,1,failure,0.18,93.86,-43.9,3.249,5225.5,330,no
58,blue-collar,married,secondary,cellular,may,1,-1,0,unknown,1.24,94.683,-47.4,2.655,5168.9,201,no
31,blue-collar,single,secondary,unknown,may,5,-1,0,unknown,0.11,93.814,-45.8,3.819,5178.1,178,no
52,self-employed,married,secondary,cellular,may,2,-1,0,unknown,-1.88,93.833,-39.9,3.332,5260.0,164,no
54,admin.,married,secondary,unknown,may,2,-1,0,unknown,-0.4,94.007,-50.6,3.373,5060.9,45,no
27,unemployed,single,secondary,cellular,feb,5,-1,0,unknown,0.3,93.993,-37.2,2.596,5147.6,817,no
53,management,married,tertiary,cellular,aug,2,-1,0,unknown,1.4,93.957,-41.8,4.51,5270.7,958,no
47,blue-collar,married,primary,unknown,jun,1,-1,0,unknown,1.28,94.281,-38.9,3.556,5230.0,168,no
51,entrepreneur,married,secondary,cellular,jul,6,-1,0,unknown,1.8,93.381,-41.1,1.351,5174.6,123,no
25,student,single,tertiary,cellular,may,1,352,1,other,0.62,93.74,-49.7,3.28,5152.6,36,no
43,admin.,single,secondary,cellular,feb,2,-1,0,unknown,0.44,93.512,-46.6,3.337,5116.2,390,no
35,management,married,tertiary,cellular,apr,6,322,4,other,0.62,93.665,-36.1,2.69,5253.2,17,no
36,technician,married,unknown,cellular,jul,3,-1,0,unknown,1.11,94.206,-40.9,4.65,5160.1,396,no
29,management,single,tertiary,unknown,jun,2,-1,0,unknown,-1.46,93.674,-43.0,4.222,5231.5,223,no
37,management,married,tertiary,unknown,jun,2,-1,0,unknown,-0.52,93.46,-33.4,2.282,5097.8,95,no
39,blue-collar,married,primary,unknown,jun,1,-1,0,unknown,1.88,93.848,-42.8,3.925,5259.6,38,no
31,services,married,secondary,unknown,may,7,-1,0,unknown,1.57,92.925,-44.8,2.695,5241.3,123,no
56,management,married,tertiary,cellular,feb,1,-1,0,unknown,-1.19,93.692,-35.7,4.349,5177.8,139,no
36,services,single,secondary,cellular,jul,1,-1,0,unknown,0.63,93.783,-34.0,2.799,5114.4,258,no
36,blue-collar,divorced,secondary,cellular,jun,2,-1,0,unknown,-1.05,93.53,-41.4,2.247,5275.0,143,no
45,blue-collar,divorced,primary,cellular,jul,1,-1,0,unknown,2.48,94.309,-44.9,3.201,5124.7,758,no
33,services,divorced,secondary,cellular,apr,3,-1,0,unknown,-0.13,93.633,-38.9,2.45,5312.9,529,no
44,technician,married,secondary,unknown,jun,1,-1,0,unknown,0.77,94.169,-41.5,2.936,5160.0,197,no
45,blue-collar,married,secondary,cellular,aug,2,-1,0,unknown,0.94,94.637,-42.5,3.097,5153.6,166,no
31,services,single,tertiary,cellular,aug,1,103,2,failure,2.75,93.056,-37.9,4.532,5104.9,153,no
47,housemaid,single,primary,cellular,feb,1,-1,0,unknown,1.59,93.265,-45.6,3.869,5244.7,371,no
30,management,married,tertiary,cellular,aug,3,194,1,failure,0.46,93.306,-38.6,3.699,5147.9,134,no
35,technician,single,unknown,cellular,may,1,-1,0,unknown,1.54,93.822,-42.6,4.085,5221.3,163,no
26,management,single,tertiary,cellular,jul,1,-1,0,unknown,0.31,93.804,-44.6,3.185,5200.1,297,no
48,management,married,tertiary,cellular,aug,11,-1,0,unknown,1.95,93.331,-42.2,2.923,5103.8,41,no
35,technician,married,secondary,telephone,aug,5,-1,0,unknown,2.44,93.743,-45.8,3.772,5162.3,72,no
73,retired,married,secondary,cellular,apr,1,-1,0,unknown,1.45,93.814,-38.1,3.858,5147.5,420,no
39,entrepreneur,married,secondary,cellular,jul,3,-1,0,unknown,0.77,94.008,-46.0,4.84,5239.0,240,no
45,blue-collar,married,secondary,cellular,jul,2,-1,0,unknown,-0.53,93.04,-38.7,2.191,5019.6,25,no
29,blue-collar,single,secondary,unknown,may,2,-1,0,unknown,-1.04,93.625,-32.6,2.121,5259.5,185,no
37,management,single,tertiary,cellular,apr,1,336,3,failure,-0.26,93.591,-41.4,2.447,5147.9,135,no
32,admin.,married,secondary,cellular,jul,2,-1,0,unknown,0.96,93.681,-46.8,2.734,5192.6,151,no
27,management,single,tertiary,cellular,may,5,-1,0,unknown,-0.13,93.904,-45.9,2.955,5161.1,10,no
47,services,divorced,secondary,unknown,jun,1,-1,0,unknown,-1.19,94.158,-31.8,2.513,5073.2,63,no
31,services,single,secondary,cellular,nov,2,190,4,other,2.6,94.406,-45.6,2.134,5274.4,321,no
29,management,single,tertiary,cellular,apr,2,81,3,failure,2.43,94.198,-34.5,3.798,5257.0,65,yes
28,admin.,married,secondary,cellular,mar,1,285,1,success,-2.11,94.503,-38.5,2.02,5110.6,395,no
37,blue-collar,divorced,secondary,cellular,may,1,326,2,success,-1.49,93.392,-29.7,3.076,5204.6,326,no
30,self-employed,married,tertiary,unknown,jun,6,-1,0,unknown,-1.0,93.029,-33.3,1.242,5156.1,1449,yes
28,unemployed,single,secondary,cellular,jan,1,-1,0,unknown,-1.4,94.173,-42.1,2.826,5131.5,196,no
43,services,married,primary,unknown,may,2,-1,0,unknown,1.68,94.075,-38.2,5.303,5161.0,186,no
60,technician,married,secondary,cellular,may,2,263,4,failure,-1.18,93.258,-44.6,2.886,5215.5,545,yes
49,blue-collar,divorced,primary,cellular,jul,2,-1,0,unknown,-0.39,93.814,-47.6,3.562,5207.8,468,no
31,entrepreneur,single,tertiary,unknown,jun,1,-1,0,unknown,0.32,93.998,-40.7,3.079,5227.6,273,no
32,admin.,single,secondary,cellular,nov,2,-1,0,unknown,1.73,93.461,-43.3,2.611,5122.7,149,no
74,retired,married,primary,telephone,oct,1,-1,0,unknown,2.19,93.141,-39.2,4.28,5158.1,227,no
44,blue-collar,single,primary,unknown,may,3,-1,0,unknown,0.25,93.364,-39.1,3.66,5184.8,828,yes
63,retired,married,secondary,cellular,jan,1,-1,0,unknown,2.25,94.106,-44.7,3.174,5248.8,205,no
32,technician,married,secondary,cellular,aug,1,-1,0,unknown,-0.03,93.834,-36.6,4.299,5224.7,493,no
38,entrepreneur,married,secondary,unknown,may,5,-1,0,unknown,0.46,92.993,-54.6,4.196,5114.0,170,no
44,admin.,married,secondary,cellular,jul,2,-1,0,unknown,0.37,93.627,-36.6,4.535,5173.3,114,no
56,services,divorced,secondary,cellular,may,1,357,4,failure,-0.22,93.044,-44.1,4.447,5091.0,263,no
41,technician,divorced,secondary,cellular,aug,2,-1,0,unknown,0.27,93.515,-44.5,1.867,5308.1,173,no
35,blue-collar,single,primary,cellular,may,1,364,1,failure,0.46,94.516,-44.8,4.657,5189.2,213,no
46,admin.,married,secondary,telephone,jul,11,-1,0,unknown,-1.16,92.729,-37.8,2.178,5161.1,187,no
26,blue-collar,married,primary,cellular,jul,2,-1,0,unknown,-0.49,94.256,-42.3,4.068,5145.8,1288,no
69,services,married,unknown,cellular,jul,3,-1,0,unknown,0.92,93.554,-35.2,3.35,5225.1,837,no
37,management,married,tertiary,cellular,oct,2,-1,0,unknown,1.03,93.401,-37.5,6.062,5145.3,138,no
39,services,married,secondary,unknown,jun,4,-1,0,unknown,0.63,93.897,-48.1,4.007,5109.6,53,no
30,management,single,tertiary,cellular,nov,1,-1,0,unknown,-0.49,94.519,-38.9,4.065,5190.6,50,no
34,technician,single,secondary,cellular,may,1,-1,0,unknown,-0.19,93.487,-39.8,2.295,5220.7,53,no
38,blue-collar,single,unknown,unknown,may,1,-1,0,unknown,0.06,93.467,-37.0,2.886,5147.2,84,no
36,management,divorced,tertiary,cellular,aug,2,-1,0,unknown,2.84,93.587,-35.6,1.814,5189.0,131,no
38,technician,married,secondary,unknown,may,1,-1,0,unknown,1.33,94.083,-37.1,4.33,5051.1,97,no
29,technician,married,primary,cellular,jul,1,-1,0,unknown,-0.7,93.015,-40.8,4.366,5213.8,255,no
39,management,married,tertiary,cellular,aug,2,-1,0,unknown,0.18,95.24,-43.4,3.66,5125.9,386,no
42,management,married,tertiary,cellular,may,1,-1,0,unknown,0.37,94.005,-48.0,3.553,5210.1,1148,yes
28,blue-collar,single,secondary,cellular,may,2,-1,0,unknown,-0.65,92.916,-42.0,2.418,5211.9,554,yes
61,retired,married,secondary,cellular,sep,1,81,2,other,-1.01,93.341,-52.1,4.773,5127.8,336,no
31,services,married,secondary,unknown,may,3,-1,0,unknown,1.15,92.87,-39.8,2.834,5205.7,44,no
36,management,single,tertiary,cellular,may,1,-1,0,unknown,0.71,93.418,-39.0,1.401,5193.1,212,no
50,management,single,unknown,cellular,may,1,-1,0,unknown,-1.15,94.361,-43.5,3.785,5151.4,63,no
52,blue-collar,married,secondary,cellular,jul,3,-1,0,unknown,-1.04,93.14,-37.6,3.249,5206.6,1029,no
59,housemaid,married,primary,cellular,aug,2,-1,0,unknown,1.72,93.566,-41.8,5.19,5184.7,88,no
43,services,married,secondary,unknown,may,20,-1,0,unknown,1.17,93.515,-33.9,2.497,5254.1,14,no
27,technician,single,tertiary,cellular,aug,1,-1,0,unknown,-0.67,93.346,-38.0,3.529,5205.4,88,no
26,management,single,tertiary,cellular,may,2,100,1,success,0.4,93.717,-38.4,3.5,5112.9,210,no
39,technician,single,tertiary,cellular,mar,1,-1,0,unknown,0.86,93.751,-37.6,3.532,5158.3,281,yes
38,management,single,tertiary,cellular,nov,1,182,1,failure,-0.9,94.118,-37.1,2.74,5138.9,253,no
59,housemaid,married,primary,cellular,apr,1,86,1,failure,0.19,94.323,-38.9,4.058,5256.9,92,no
33,blue-collar,single,primary,cellular,may,4,353,1,failure,2.4,94.337,-36.8,3.71,5134.1,99,no
58,management,married,tertiary,unknown,jun,1,-1,0,unknown,-0.92,93.801,-39.1,4.348,5171.6,114,no
52,blue-collar,married,primary,cellular,aug,2,-1,0,unknown,-2.07,93.81,-46.6,2.256,5216.7,96,no
32,management,married,tertiary,unknown,may,1,-1,0,unknown,0.6,92.791,-38.3,2.568,5198.7,193,no
39,blue-collar,single,primary,unknown,may,1,-1,0,unknown,-0.49,93.376,-42.6,3.145,5139.8,183,no
28,blue-collar,married,secondary,unknown,jun,1,-1,0,unknown,1.35,93.655,-45.6,2.809,5225.1,210,no
27,admin.,single,secondary,unknown,jun,2,-1,0,unknown,0.72,94.197,-44.7,3.211,5176.9,672,no
53,admin.,married,secondary,cellular,jan,1,252,1,failure,-2.44,93.361,-40.8,3.948,5162.4,103,no
41,management,married,unknown,unknown,may,1,-1,0,unknown,2.27,93.484,-45.7,4.792,5258.4,285,no
59,management,married,tertiary,cellular,mar,2,188,6,other,-0.33,93.289,-52.2,4.428,5255.3,467,yes
48,blue-collar,divorced,primary,unknown,jun,2,-1,0,unknown,-0.43,93.496,-47.0,3.179,5090.4,248,no
56,management,married,tertiary,telephone,jul,1,-1,0,unknown,1.9,93.781,-37.3,4.286,5203.2,123,no
24,blue-collar,single,secondary,unknown,jun,3,-1,0,unknown,0.11,93.909,-30.8,5.259,5249.4,465,yes
30,management,single,secondary,cellular,aug,10,-1,0,unknown,2.36,93.325,-41.5,2.349,5211.8,514,no
53,blue-collar,married,secondary,unknown,may,2,-1,0,unknown,3.09,93.418,-40.6,1.534,5135.2,184,no
54,blue-collar,divorced,primary,telephone,may,1,183,2,success,2.27,94.063,-44.5,3.072,5117.9,414,yes
56,services,married,secondary,cellular,aug,2,-1,0,unknown,2.11,94.905,-46.6,4.269,5200.9,159,no
57,admin.,single,secondary,cellular,aug,1,-1,0,unknown,-0.2,93.454,-50.3,5.104,5160.9,1064,yes
30,management,single,tertiary,cellular,nov,1,-1,0,unknown,0.57,93.649,-46.1,2.17,5221.9,227,no
44,blue-collar,married,unknown,unknown,may,1,-1,0,unknown,1.06,93.473,-40.6,3.114,5203.6,483,yes
39,management,married,tertiary,cellular,may,2,331,6,other,-1.6,94.035,-40.3,3.892,5164.3,788,no
38,technician,single,tertiary,cellular,jul,2,-1,0,unknown,-1.17,93.869,-37.1,3.292,5203.3,378,no
22,student,single,secondary,telephone,feb,1,191,3,success,0.83,94.216,-44.1,3.228,5165.5,169,yes
35,admin.,single,secondary,unknown,may,3,-1,0,unknown,0.98,93.82,-45.5,3.152,5146.9,241,no
31,blue-collar,married,secondary,unknown,may,2,-1,0,unknown,1.3,93.013,-42.8,3.839,5126.6,611,no
29,student,single,tertiary,cellular,nov,1,186,7,success,1.71,93.883,-43.9,4.172,5115.8,204,no
27,admin.,married,secondary,cellular,apr,3,-1,0,unknown,0.9,93.08,-44.7,3.113,5082.7,1665,yes
40,admin.,divorced,secondary,cellular,jul,1,-1,0,unknown,-0.62,93.295,-35.9,5.305,5090.7,189,no
57,management,married,primary,unknown,jun,2,-1,0,unknown,-0.83,92.926,-40.7,2.659,5228.5,188,no
38,services,divorced,secondary,unknown,may,2,-1,0,unknown,-0.34,93.719,-39.5,5.384,5124.5,191,no
55,admin.,married,secondary,cellular,jun,2,-1,0,unknown,-0.31,94.002,-41.8,4.055,5075.2,94,yes
49,services,married,secondary,cellular,jul,11,-1,0,unknown,-1.43,93.75,-33.7,3.074,5224.9,93,no
51,technician,single,secondary,unknown,may,2,-1,0,unknown,-0.44,93.863,-44.5,3.467,5200.3,364,no
67,retired,divorced,secondary,cellular,nov,1,-1,0,unknown,-0.06,93.254,-39.7,2.796,5156.1,537,yes
46,blue-collar,married,secondary,cellular,aug,1,-1,0,unknown,-1.82,93.547,-48.6,3.609,5239.0,115,no
26,management,married,primary,unknown,may,1,-1,0,unknown,-0.3,92.82,-33.9,2.207,5203.6,275,no
30,blue-collar,single,primary,cellular,nov,1,-1,0,unknown,0.55,93.666,-42.3,2.901,5114.9,429,no
55,management,married,tertiary,unknown,may,1,-1,0,unknown,1.37,93.313,-34.7,5.288,5119.0,77,no
27,technician,married,secondary,cellular,may,4,-1,0,unknown,0.71,94.243,-41.7,0.534,5145.7,166,no
27,entrepreneur,single,tertiary,cellular,may,1,-1,0,unknown,0.11,93.908,-39.0,4.046,5223.7,1101,no
40,blue-collar,married,primary,cellular,apr,1,319,1,failure,1.67,93.714,-40.2,4.161,5191.1,326,no
46,management,married,tertiary,cellular,aug,8,-1,0,unknown,-0.38,92.852,-35.2,3.876,5216.7,87,no
33,management,divorced,tertiary,cellular,feb,8,267,1,other,0.95,93.443,-33.4,4.119,5232.1,26,no
38,housemaid,married,secondary,unknown,may,1,-1,0,unknown,-0.11,94.024,-41.5,3.802,5191.2,224,no
46,admin.,married,secondary,cellular,mar,1,-1,0,unknown,1.54,94.121,-45.1,2.937,5201.1,135,no
32,technician,single,tertiary,cellular,aug,1,-1,0,unknown,-0.0,93.395,-40.3,4.776,5150.2,79,no
27,housemaid,married,primary,cellular,jul,4,-1,0,unknown,2.37,93.898,-40.8,2.643,5242.5,64,no
50,admin.,married,secondary,unknown,jun,1,-1,0,unknown,0.26,93.789,-39.1,2.758,5240.1,23,no
35,blue-collar,married,primary,cellular,apr,1,-1,0,unknown,-0.35,94.314,-40.4,3.651,5075.9,106,no
32,blue-collar,single,secondary,cellular,apr,1,-1,0,unknown,1.64,94.126,-41.3,4.753,5159.8,517,no
36,services,single,secondary,cellular,jan,1,252,1,failure,0.52,95.11,-38.5,3.05,5078.6,706,no
46,management,divorced,secondary,cellular,aug,5,-1,0,unknown,-1.28,93.748,-42.9,3.848,5147.6,763,yes
29,management,single,tertiary,cellular,may,1,351,1,failure,0.69,93.678,-44.5,3.26,5231.3,155,no
50,management,married,unknown,unknown,jun,1,-1,0,unknown,0.59,93.999,-41.4,3.783,5294.6,561,no
35,technician,married,secondary,cellular,apr,1,-1,0,unknown,0.79,94.064,-41.5,5.4,5219.0,616,yes
42,entrepreneur,married,tertiary,unknown,may,2,-1,0,unknown,1.75,93.548,-40.5,2.934,5175.4,83,no
46,management,divorced,tertiary,cellular,jul,2,-1,0,unknown,2.25,93.901,-36.3,4.477,5187.6,5,no
35,admin.,married,secondary,unknown,may,1,-1,0,unknown,-0.37,93.233,-39.4,1.669,5153.6,124,no
29,management,married,tertiary,cellular,may,2,-1,0,unknown,1.78,93.145,-38.0,3.526,5145.9,667,yes
30,blue-collar,single,secondary,cellular,jul,2,-1,0,unknown,1.23,93.88,-47.1,3.334,5123.7,66,no
44,blue-collar,single,primary,telephone,jul,1,-1,0,unknown,0.64,93.139,-43.8,2.511,5108.0,564,no
27,admin.,divorced,secondary,unknown,may,1,-1,0,unknown,-1.13,93.272,-42.7,2.828,5133.1,104,no
30,management,single,tertiary,unknown,may,3,-1,0,unknown,-0.36,93.862,-40.6,4.839,5138.7,138,no
47,technician,divorced,tertiary,cellular,aug,4,-1,0,unknown,1.68,93.999,-46.6,3.261,5162.0,200,no
37,management,married,tertiary,unknown,sep,1,-1,0,unknown,1.29,93.923,-42.0,3.018,5147.9,11,no
47,admin.,married,secondary,unknown,may,5,-1,0,unknown,1.5,94.148,-47.7,5.673,5215.0,145,no
46,technician,married,secondary,cellular,nov,5,-1,0,unknown,-1.15,93.633,-36.4,3.587,5193.6,162,no
32,technician,married,tertiary,cellular,aug,3,-1,0,unknown,-0.16,93.868,-45.3,3.838,5307.7,277,no
30,student,single,tertiary,cellular,feb,1,-1,0,unknown,-0.16,93.52,-40.3,3.031,5203.2,38,no
46,blue-collar,divorced,secondary,unknown,may,1,-1,0,unknown,1.55,94.173,-46.2,3.184,5224.1,257,no
28,technician,single,tertiary,cellular,feb,21,-1,0,unknown,0.95,94.028,-47.3,1.941,5214.1,253,yes
39,housemaid,married,secondary,cellular,jul,4,-1,0,unknown,-1.13,93.676,-44.9,2.824,5108.3,218,no
51,services,married,primary,unknown,jun,2,-1,0,unknown,-0.8,93.967,-37.3,2.813,5155.4,112,no
46,management,married,tertiary,cellular,mar,2,184,4,success,-0.02,94.251,-41.5,4.482,5198.7,910,yes
46,unemployed,divorced,primary,cellular,nov,1,-1,0,unknown,1.95,93.293,-42.1,2.122,5139.1,344,no
46,services,married,secondary,cellular,jan,2,-1,0,unknown,-0.8,93.963,-37.3,3.783,5194.1,83,no
27,student,single,secondary,unknown,may,2,-1,0,unknown,0.53,93.746,-40.3,4.459,5141.6,332,no
55,blue-collar,divorced,primary,cellular,may,2,360,1,failure,1.68,92.547,-41.4,3.124,5099.6,854,yes
58,unknown,married,unknown,unknown,jun,1,-1,0,unknown,-1.52,93.749,-32.3,3.543,5247.5,55,no
56,blue-collar,married,primary,cellular,aug,4,-1,0,unknown,-1.84,93.338,-42.0,3.764,5228.8,1231,yes
51,management,married,tertiary,cellular,apr,1,-1,0,unknown,-0.29,93.524,-37.5,2.743,5168.1,113,yes
48,technician,married,secondary,cellular,aug,4,-1,0,unknown,0.08,93.187,-32.4,2.747,5190.8,231,no
22,blue-collar,single,secondary,cellular,jun,2,91,1,success,1.36,94.062,-44.5,2.78,5280.4,126,yes
37,blue-collar,married,secondary,unknown,may,2,-1,0,unknown,1.83,94.704,-41.6,3.501,5136.6,69,no
34,management,married,tertiary,telephone,may,5,-1,0,unknown,0.07,94.102,-33.7,4.111,5235.3,21,no
34,services,married,secondary,cellular,may,1,182,6,success,1.54,92.962,-38.0,1.989,5148.1,152,yes
57,management,married,tertiary,cellular,may,2,365,2,failure,-1.05,94.175,-39.7,2.532,5144.2,169,no
32,blue-collar,single,secondary,cellular,nov,2,-1,0,unknown,0.77,94.288,-46.1,3.059,5096.0,126,no
35,technician,married,secondary,cellular,aug,7,-1,0,unknown,-0.06,93.648,-38.7,3.376,5157.6,153,no
40,self-employed,married,secondary,cellular,jul,16,-1,0,unknown,-1.15,93.319,-42.8,1.966,5138.7,78,no
41,technician,married,secondary,unknown,may,2,-1,0,unknown,-0.28,94.248,-37.7,2.659,5158.7,210,no
46,blue-collar,married,secondary,cellular,jul,1,-1,0,unknown,0.01,93.853,-34.3,3.918,5201.8,154,no
41,technician,married,tertiary,cellular,aug,3,-1,0,unknown,1.95,94.329,-42.3,3.747,5237.5,193,yes
53,retired,divorced,tertiary,cellular,aug,2,428,2,success,-0.94,92.827,-37.9,3.595,5157.7,343,yes
26,admin.,single,secondary,cellular,jul,2,-1,0,unknown,-0.55,93.295,-38.8,4.143,5116.5,157,no
28,self-employed,married,secondary,cellular,jul,3,-1,0,unknown,0.79,93.408,-41.7,3.65,5201.4,164,no
53,management,married,tertiary,cellular,nov,3,97,7,success,1.13,94.292,-45.5,4.972,5213.7,166,yes
34,technician,married,secondary,cellular,aug,10,-1,0,unknown,-1.09,94.472,-46.0,3.89,5091.7,1374,yes
49,unemployed,married,primary,cellular,nov,2,-1,0,unknown,0.49,93.625,-45.1,2.959,5163.0,184,no
52,admin.,married,secondary,telephone,feb,1,-1,0,unknown,3.02,93.461,-39.5,3.482,5197.7,35,no
41,blue-collar,married,secondary,cellular,jul,2,-1,0,unknown,0.82,93.229,-42.6,5.711,5174.8,559,no
39,technician,married,secondary,cellular,aug,6,-1,0,unknown,-0.59,94.832,-35.4,3.956,5244.4,94,no
36,blue-collar,married,primary,unknown,jun,1,-1,0,unknown,-0.99,92.856,-45.1,2.544,5135.9,920,yes
33,technician,married,secondary,cellular,apr,1,272,2,failure,2.23,95.23,-34.6,3.951,5122.9,137,no
44,services,divorced,secondary,unknown,may,4,-1,0,unknown,1.1,93.497,-46.8,3.432,5153.3,235,no
35,technician,single,secondary,cellular,aug,4,-1,0,unknown,2.84,93.942,-40.7,3.817,5261.0,92,no
42,blue-collar,married,unknown,telephone,jul,3,-1,0,unknown,-0.34,93.288,-40.7,3.463,5100.3,329,no
58,retired,married,secondary,unknown,jun,1,-1,0,unknown,1.3,93.765,-36.8,2.015,5216.0,80,no
59,retired,married,primary,cellular,dec,1,186,2,success,-0.11,93.356,-37.3,1.333,5084.3,467,yes
40,blue-collar,married,primary,cellular,apr,1,-1,0,unknown,-0.03,94.661,-48.8,5.098,5154.0,76,no
37,services,married,secondary,unknown,may,3,-1,0,unknown,-0.05,93.419,-37.3,2.293,5187.0,352,no
77,retired,married,tertiary,cellular,jun,5,-1,0,unknown,0.61,93.798,-46.5,3.412,5183.5,108,no
42,management,married,tertiary,cellular,may,2,89,5,success,1.15,94.411,-40.3,4.946,5244.8,176,yes
31,technician,single,tertiary,cellular,aug,3,-1,0,unknown,-0.36,93.695,-39.8,2.705,5219.3,111,no
53,services,divorced,secondary,cellular,may,3,174,7,other,-0.55,93.934,-38.9,2.356,5174.9,959,yes
53,management,divorced,tertiary,unknown,may,1,-1,0,unknown,-0.72,93.838,-40.3,2.253,5180.6,217,no
57,management,married,primary,cellular,apr,2,-1,0,unknown,0.39,93.878,-44.9,1.012,5148.2,159,no
57,housemaid,divorced,primary,unknown,may,14,-1,0,unknown,-0.64,93.525,-40.6,3.654,5170.2,26,no
46,admin.,married,secondary,cellular,aug,2,-1,0,unknown,-0.9,93.622,-41.3,3.713,5259.8,175,no
54,management,divorced,tertiary,cellular,nov,2,-1,0,unknown,1.2,94.088,-38.2,3.843,5242.0,101,no
59,retired,married,secondary,unknown,jun,2,-1,0,unknown,0.12,93.465,-45.0,3.178,5282.2,1199,no
43,services,married,secondary,telephone,nov,1,-1,0,unknown,0.56,93.662,-41.3,3.008,5156.6,68,no
47,blue-collar,married,primary,unknown,may,1,-1,0,unknown,0.67,94.112,-44.1,4.568,5145.6,113,no
36,blue-collar,single,secondary,unknown,may,2,-1,0,unknown,1.73,93.757,-39.5,4.467,5192.1,445,no
48,blue-collar,divorced,secondary,cellular,may,1,-1,0,unknown,2.34,93.75,-32.1,4.14,5142.6,127,no
39,unemployed,single,secondary,telephone,may,2,-1,0,unknown,-0.51,93.503,-43.6,3.508,5130.2,23,no
26,technician,married,secondary,unknown,may,1,-1,0,unknown,-2.38,93.306,-41.4,2.171,5204.0,713,no
32,management,single,tertiary,cellular,aug,2,191,2,success,-1.69,93.896,-34.8,5.007,5181.6,623,yes
42,unemployed,divorced,secondary,unknown,may,1,-1,0,unknown,4.22,93.371,-40.0,3.449,5246.9,262,no
32,technician,married,tertiary,cellular,jul,4,-1,0,unknown,0.96,93.719,-39.2,2.385,5229.6,52,no
40,services,divorced,secondary,cellular,jul,1,-1,0,unknown,0.85,93.88,-35.0,3.889,5170.1,186,no
56,blue-collar,married,secondary,telephone,may,2,-1,0,unknown,-1.21,94.533,-30.8,3.35,5178.9,93,no
46,entrepreneur,married,tertiary,cellular,aug,6,-1,0,unknown,2.09,93.941,-41.2,2.142,5151.1,604,yes
39,management,single,tertiary,cellular,may,2,-1,0,unknown,0.46,93.494,-49.9,2.334,5206.2,182,yes
30,services,single,secondary,unknown,jun,2,-1,0,unknown,-1.13,92.937,-42.1,2.882,5070.8,126,no
32,housemaid,divorced,secondary,cellular,apr,2,-1,0,unknown,0.56,94.187,-40.2,4.157,5250.3,266,no
38,management,single,tertiary,unknown,jun,1,-1,0,unknown,3.38,93.454,-38.5,2.692,5079.3,156,no
30,management,single,secondary,cellular,nov,1,-1,0,unknown,2.14,94.996,-43.9,3.961,5145.0,86,no
58,retired,married,secondary,unknown,may,1,-1,0,unknown,-1.47,94.073,-39.8,3.864,5178.8,118,no
58,self-employed,divorced,secondary,unknown,may,2,-1,0,unknown,0.75,93.615,-43.4,4.63,5117.9,154,no
41,blue-collar,married,primary,unknown,jun,3,-1,0,unknown,0.48,94.335,-42.5,2.704,5186.7,683,yes
62,retired,married,secondary,cellular,apr,1,188,1,success,0.26,93.894,-46.8,3.625,5184.8,147,no
31,management,married,tertiary,unknown,nov,1,-1,0,unknown,-0.97,93.5,-36.4,2.277,5196.8,268,yes
39,blue-collar,single,secondary,cellular,feb,8,-1,0,unknown,0.9,93.073,-43.9,2.953,5144.9,14,no
38,blue-collar,divorced,primary,unknown,jun,2,-1,0,unknown,-0.96,94.491,-40.5,2.899,5121.2,49,no
58,blue-collar,married,primary,cellular,aug,2,-1,0,unknown,0.27,92.573,-52.7,4.505,5129.3,281,no
31,blue-collar,married,secondary,cellular,apr,2,152,2,failure,-0.56,93.28,-42.9,1.24,5213.6,211,no
44,technician,single,secondary,unknown,jul,2,-1,0,unknown,-0.31,94.093,-47.2,4.535,5230.2,723,no
50,blue-collar,married,primary,cellular,aug,4,-1,0,unknown,0.19,93.495,-38.4,2.99,5243.6,50,no
30,blue-collar,married,secondary,unknown,may,6,-1,0,unknown,1.79,93.634,-43.7,4.476,5177.0,272,no
31,blue-collar,single,secondary,cellular,jul,1,-1,0,unknown,0.41,92.86,-36.3,3.375,5205.8,174,no
48,management,married,secondary,cellular,nov,4,-1,0,unknown,1.29,93.447,-34.4,3.729,5176.8,20,no
56,self-employed,married,primary,unknown,may,2,-1,0,unknown,-0.31,94.407,-42.3,2.212,5269.9,212,no
26,student,single,unknown,cellular,jan,1,-1,0,unknown,3.72,93.887,-46.6,3.211,5105.3,177,no
32,technician,married,tertiary,cellular,may,1,278,2,failure,-0.4,93.791,-38.5,3.677,5198.3,44,no
57,admin.,married,secondary,cellular,feb,1,-1,0,unknown,-1.98,93.855,-36.1,2.251,5168.2,369,yes
50,blue-collar,married,secondary,cellular,jul,1,-1,0,unknown,0.24,93.47,-36.7,3.457,5103.6,82,no
41,student,single,secondary,unknown,sep,1,107,2,success,-0.36,93.861,-41.4,2.393,5213.9,22,no
31,services,married,tertiary,unknown,jul,1,-1,0,unknown,0.29,93.509,-40.7,3.621,5242.7,173,no
36,admin.,married,tertiary,cellular,aug,1,-1,0,unknown,0.63,93.478,-33.8,4.214,5098.0,576,yes
60,retired,married,unknown,cellular,jul,1,-1,0,unknown,1.04,93.642,-39.6,3.349,5054.6,119,no
37,management,married,tertiary,unknown,jun,3,-1,0,unknown,2.2,93.058,-35.8,3.904,5163.1,153,no
45,blue-collar,married,secondary,cellular,aug,2,-1,0,unknown,1.05,94.033,-37.8,1.823,5174.4,140,no
63,retired,married,secondary,telephone,feb,2,-1,0,unknown,-0.4,94.301,-42.0,1.614,5172.4,233,yes
44,admin.,married,secondary,cellular,jul,4,-1,0,unknown,-0.23,94.266,-44.0,2.402,5240.3,72,no
59,management,married,primary,unknown,jun,3,-1,0,unknown,0.16,93.655,-35.4,2.391,5140.1,72,no
33,admin.,single,tertiary,cellular,may,2,-1,0,unknown,-0.02,93.815,-39.8,3.096,5272.7,59,no
38,blue-collar,married,secondary,unknown,jun,3,-1,0,unknown,-1.54,93.047,-46.1,2.236,5202.8,80,no
46,technician,single,secondary,unknown,may,2,-1,0,unknown,0.65,93.669,-40.2,5.249,5101.5,206,no
28,admin.,single,secondary,cellular,jun,1,-1,0,unknown,-1.11,93.729,-42.8,2.919,5073.2,29,no
44,blue-collar,married,primary,cellular,nov,1,-1,0,unknown,-0.68,93.188,-35.1,4.327,5195.9,100,no
37,management,divorced,tertiary,cellular,jul,5,-1,0,unknown,0.79,93.551,-42.7,3.673,5184.0,514,yes
32,blue-collar,married,secondary,cellular,nov,1,-1,0,unknown,0.21,93.014,-31.8,4.223,5121.6,253,no
37,services,married,primary,cellular,may,2,168,3,failure,-0.61,92.998,-34.5,3.556,5238.6,222,no
53,blue-collar,married,secondary,unknown,may,32,-1,0,unknown,0.27,93.698,-42.9,4.266,5254.9,241,no
58,blue-collar,married,primary,cellular,aug,2,-1,0,unknown,1.69,93.54,-41.1,2.205,5250.1,156,no
43,blue-collar,married,unknown,cellular,apr,2,322,3,failure,2.19,93.261,-37.3,3.899,5175.1,191,no
29,technician,married,secondary,cellular,jul,1,-1,0,unknown,-0.56,94.266,-37.4,4.128,5149.5,260,no
43,blue-collar,married,primary,unknown,may,1,-1,0,unknown,1.42,93.364,-42.1,3.854,5170.4,592,no
34,services,married,secondary,unknown,jun,3,-1,0,unknown,0.1,93.997,-43.5,4.119,5171.8,109,no
46,management,married,tertiary,cellular,may,9,168,2,other,-1.15,93.96,-39.2,3.476,5255.5,83,no
58,retired,married,primary,cellular,aug,8,-1,0,unknown,-0.08,93.105,-39.4,3.335,5172.3,76,no
52,technician,married,secondary,cellular,jul,1,-1,0,unknown,0.93,93.478,-43.7,2.931,5229.5,53,no
54,retired,married,secondary,unknown,jun,1,-1,0,unknown,-1.25,93.838,-44.1,5.791,5077.0,487,no
35,admin.,single,secondary,cellular,may,1,175,4,failure,-0.2,92.756,-39.7,5.236,5129.7,357,no
51,retired,divorced,primary,cellular,jul,2,-1,0,unknown,0.37,94.825,-41.1,2.98,5242.2,212,no
22,services,single,secondary,unknown,may,1,-1,0,unknown,1.41,93.418,-41.5,2.921,5171.9,70,no
48,blue-collar,married,secondary,cellular,feb,1,-1,0,unknown,0.47,93.246,-42.8,4.398,5158.9,62,no
26,management,single,tertiary,unknown,sep,1,-1,0,unknown,-0.63,93.229,-35.7,3.11,5101.5,6,no
35,technician,married,secondary,cellular,jul,2,-1,0,unknown,0.81,93.805,-39.7,5.525,5196.0,271,no
33,technician,single,secondary,cellular,jul,4,-1,0,unknown,0.74,93.796,-38.2,1.956,5135.3,105,no
34,technician,married,secondary,cellular,aug,3,-1,0,unknown,1.28,93.082,-42.6,3.429,5182.5,270,no
28,entrepreneur,single,tertiary,cellular,apr,1,-1,0,unknown,-0.58,94.281,-45.6,4.663,5217.0,170,no
34,unemployed,married,secondary,cellular,may,1,-1,0,unknown,1.59,93.755,-33.3,3.252,5284.7,172,no
35,services,married,tertiary,cellular,jul,2,-1,0,unknown,2.31,93.939,-41.8,2.422,5218.7,134,no
44,blue-collar,married,secondary,unknown,may,2,-1,0,unknown,-0.69,94.417,-49.0,2.229,5224.9,1236,no
39,services,married,secondary,cellular,jul,1,-1,0,unknown,0.5,93.93,-49.5,2.04,5086.3,114,no
33,management,divorced,tertiary,cellular,aug,2,-1,0,unknown,0.27,94.534,-39.4,3.993,5174.4,305,no
33,management,single,tertiary,cellular,apr,1,-1,0,unknown,1.73,93.311,-45.3,3.456,5218.4,104,no
31,admin.,single,secondary,cellular,jul,2,-1,0,unknown,-1.17,94.471,-43.0,2.84,5205.0,1056,no
50,admin.,married,secondary,cellular,apr,3,338,3,failure,-0.14,93.681,-46.1,3.431,5149.2,77,no
33,management,married,tertiary,cellular,sep,1,-1,0,unknown,1.15,93.384,-41.0,3.652,5149.8,333,no
34,services,divorced,secondary,cellular,may,1,344,1,failure,-0.1,94.114,-37.7,2.867,5212.9,89,no
31,blue-collar,married,secondary,unknown,may,1,-1,0,unknown,-1.04,93.522,-39.5,2.524,5203.3,204,no
43,entrepreneur,single,secondary,cellular,jul,2,-1,0,unknown,1.55,94.394,-52.0,2.346,5231.3,173,no
34,management,married,tertiary,cellular,aug,8,-1,0,unknown,0.83,93.764,-38.0,0.977,5250.0,235,no
30,admin.,married,secondary,cellular,nov,3,133,1,failure,-0.93,93.803,-36.5,1.927,5200.1,86,no
48,self-employed,married,tertiary,cellular,jan,1,-1,0,unknown,-0.38,93.531,-39.8,4.166,5162.0,223,no
27,blue-collar,single,primary,unknown,may,1,-1,0,unknown,1.78,93.424,-33.6,3.397,5130.3,576,no
31,self-employed,single,tertiary,telephone,feb,1,-1,0,unknown,0.4,93.613,-38.4,5.113,5257.3,1541,yes
42,self-employed,married,secondary,cellular,aug,4,-1,0,unknown,-0.48,93.932,-47.1,4.04,5114.9,94,no
47,admin.,married,secondary,cellular,aug,2,-1,0,unknown,3.12,93.605,-44.3,2.857,5210.9,260,no
49,blue-collar,divorced,primary,unknown,may,7,-1,0,unknown,1.93,93.764,-44.1,2.529,5173.7,550,no
28,student,single,tertiary,cellular,mar,2,-1,0,unknown,-2.13,93.772,-45.3,2.202,5133.7,70,no
64,retired,married,tertiary,telephone,mar,4,179,4,success,1.56,94.04,-41.6,4.13,5117.9,341,yes
36,management,single,tertiary,cellular,may,2,342,1,failure,4.19,93.104,-45.5,3.15,5193.9,855,yes
35,admin.,single,secondary,cellular,may,1,-1,0,unknown,1.76,93.748,-38.0,3.374,5189.8,173,no
34,technician,single,tertiary,cellular,aug,2,-1,0,unknown,-0.02,93.575,-43.5,4.292,5213.1,116,no
43,technician,divorced,secondary,cellular,nov,1,-1,0,unknown,0.1,93.863,-44.1,3.952,5167.5,80,no
33,admin.,divorced,secondary,unknown,may,5,-1,0,unknown,1.59,95.005,-42.2,3.562,5321.3,74,no
59,management,divorced,secondary,cellular,aug,2,-1,0,unknown,0.37,93.02,-32.6,3.459,5239.5,125,no
35,services,divorced,secondary,cellular,nov,1,-1,0,unknown,-2.37,93.608,-34.2,3.74,5192.8,47,no
40,admin.,single,secondary,unknown,may,3,-1,0,unknown,-0.46,93.134,-41.3,2.937,5232.5,383,no
55,self-employed,married,secondary,unknown,may,2,-1,0,unknown,1.97,93.943,-39.2,2.872,5238.4,210,no
48,services,married,secondary,cellular,jul,2,-1,0,unknown,1.12,93.412,-39.9,2.399,5196.4,533,no
30,entrepreneur,single,secondary,cellular,jul,6,-1,0,unknown,-0.76,93.247,-37.5,3.462,5244.7,358,no
31,management,single,tertiary,cellular,apr,1,452,1,other,-0.11,93.539,-48.7,3.143,5205.8,345,no
58,management,married,tertiary,cellular,jul,4,-1,0,unknown,0.94,93.332,-35.2,1.998,5108.8,85,no
29,admin.,single,secondary,cellular,apr,2,-1,0,unknown,1.47,92.822,-42.0,4.276,5178.3,119,no
40,technician,married,tertiary,unknown,may,1,-1,0,unknown,-0.42,93.619,-40.7,2.644,5139.5,198,no
35,housemaid,single,tertiary,unknown,jun,1,-1,0,unknown,-0.17,93.785,-45.5,3.285,5254.8,227,no
44,services,divorced,secondary,unknown,jun,30,-1,0,unknown,0.25,92.92,-40.2,2.638,5160.2,19,no
29,management,married,tertiary,cellular,may,2,-1,0,unknown,0.11,94.106,-38.2,3.164,5247.1,256,yes
31,management,married,tertiary,cellular,apr,2,-1,0,unknown,2.74,93.343,-39.0,3.256,5137.6,546,no
43,unemployed,divorced,secondary,cellular,apr,1,-1,0,unknown,1.15,93.191,-43.9,5.316,5118.8,323,yes
42,services,married,secondary,unknown,jun,11,-1,0,unknown,0.73,94.31,-39.6,5.692,5055.9,521,no
28,self-employed,single,tertiary,cellular,jan,2,-1,0,unknown,-0.19,92.702,-40.3,3.113,5198.7,409,yes
38,services,married,secondary,unknown,jun,3,-1,0,unknown,-0.94,94.401,-39.6,4.287,5218.5,61,no
24,admin.,single,secondary,cellular,may,1,-1,0,unknown,0.17,93.237,-42.8,3.001,5239.6,145,no
40,admin.,single,secondary,unknown,may,1,-1,0,unknown,1.69,92.586,-37.2,5.066,5198.2,170,no
30,technician,married,secondary,telephone,nov,1,-1,0,unknown,-2.77,94.2,-44.2,3.154,5127.8,47,no
33,management,single,primary,unknown,may,1,-1,0,unknown,-0.7,93.187,-45.9,3.806,5077.2,151,no
25,technician,single,tertiary,cellular,jun,2,-1,0,unknown,-1.02,94.721,-52.9,3.547,5295.8,96,no
59,blue-collar,single,primary,cellular,jul,2,-1,0,unknown,-3.47,93.554,-39.7,2.474,5123.4,16,no
38,blue-collar,married,primary,cellular,may,2,296,2,failure,1.05,94.247,-38.2,4.838,5258.0,585,no
37,management,single,tertiary,cellular,aug,2,-1,0,unknown,0.6,94.061,-33.1,3.236,5061.7,160,no
56,retired,married,primary,cellular,aug,2,101,2,success,-0.64,94.057,-47.9,1.977,5116.2,320,yes
59,blue-collar,married,secondary,telephone,jul,6,-1,0,unknown,0.4,93.627,-39.1,4.128,5139.5,107,no
56,unemployed,divorced,tertiary,cellular,jul,6,-1,0,unknown,1.05,93.759,-39.8,3.641,5169.1,1259,no
37,blue-collar,married,primary,cellular,may,3,352,1,other,1.84,94.202,-35.7,4.697,5139.3,189,no
44,technician,single,tertiary,cellular,sep,1,99,1,failure,0.94,93.442,-41.2,5.412,5274.2,444,yes
39,blue-collar,single,tertiary,cellular,aug,1,131,1,success,0.68,93.86,-44.0,2.699,5124.3,248,no
29,management,married,secondary,cellular,apr,1,-1,0,unknown,-1.33,93.855,-35.5,3.988,5059.3,80,no
32,technician,single,secondary,unknown,may,1,-1,0,unknown,1.47,92.658,-40.9,2.964,5229.1,198,no
38,blue-collar,married,primary,unknown,jun,2,-1,0,unknown,-0.29,92.5,-36.2,3.17,5160.0,176,no
49,technician,married,secondary,unknown,may,2,-1,0,unknown,1.08,93.961,-40.5,3.971,5179.0,130,no
52,admin.,married,tertiary,cellular,aug,4,-1,0,unknown,0.39,93.872,-44.6,3.467,5125.2,97,no
34,technician,single,tertiary,cellular,aug,7,-1,0,unknown,0.9,93.442,-38.4,4.798,5194.1,75,no
29,management,married,tertiary,cellular,may,2,-1,0,unknown,-0.97,93.911,-49.9,3.326,5243.3,126,no
48,entrepreneur,married,secondary,cellular,jul,1,-1,0,unknown,-1.58,93.794,-42.1,2.628,5125.0,191,no
57,unemployed,married,primary,telephone,nov,1,-1,0,unknown,1.45,93.789,-36.9,3.788,5228.7,126,no
42,unemployed,married,secondary,unknown,jun,1,-1,0,unknown,1.35,92.622,-39.1,4.426,5256.2,158,no
38,blue-collar,married,secondary,telephone,apr,1,139,2,failure,-0.19,93.932,-46.3,3.315,5212.3,169,no
34,unemployed,married,secondary,cellular,may,1,-1,0,unknown,-0.96,93.203,-43.9,4.134,5218.2,370,no
52,management,married,tertiary,cellular,may,4,-1,0,unknown,0.84,93.29,-40.3,3.396,5119.8,94,no
30,unemployed,single,secondary,telephone,feb,5,-1,0,unknown,-0.52,93.108,-46.5,3.189,5213.6,193,no
30,services,married,tertiary,cellular,feb,1,234,1,other,1.5,93.433,-36.5,5.426,5118.2,155,no
57,housemaid,married,tertiary,cellular,oct,1,194,1,success,-0.63,94.196,-41.8,2.495,5207.1,207,yes
22,housemaid,single,secondary,unknown,may,4,-1,0,unknown,0.89,94.203,-37.5,4.76,5277.9,181,no
28,blue-collar,married,primary,unknown,may,24,-1,0,unknown,1.66,94.776,-46.1,3.772,5363.2,17,no
56,blue-collar,married,primary,unknown,may,2,-1,0,unknown,0.03,94.348,-40.4,4.286,5186.3,428,no
59,technician,married,secondary,cellular,aug,2,-1,0,unknown,-0.93,93.719,-39.0,3.937,5139.0,62,no
34,admin.,single,primary,cellular,may,1,-1,0,unknown,-1.47,93.821,-42.4,2.582,5167.9,329,no
60,self-employed,married,tertiary,cellular,aug,2,-1,0,unknown,-1.87,94.126,-41.0,2.926,5272.6,80,no
39,services,married,secondary,cellular,jan,2,245,6,failure,3.81,93.09,-44.8,3.805,5142.0,211,no
49,self-employed,married,secondary,cellular,aug,4,-1,0,unknown,0.34,93.092,-40.3,2.302,5186.8,61,no
42,services,married,unknown,cellular,nov,1,-1,0,unknown,2.43,93.447,-39.3,5.008,5203.1,45,no
31,admin.,married,secondary,cellular,apr,4,-1,0,unknown,1.7,94.733,-44.4,3.343,5218.4,213,no
44,services,divorced,secondary,unknown,may,1,-1,0,unknown,1.29,93.402,-39.0,3.842,5170.4,160,no
32,management,single,tertiary,cellular,jul,1,-1,0,unknown,1.45,92.941,-42.4,2.86,5232.9,53,no
57,services,single,secondary,unknown,jun,5,-1,0,unknown,-1.22,93.194,-44.3,2.924,5069.2,666,no
34,services,married,secondary,unknown,may,1,-1,0,unknown,0.03,94.299,-42.5,4.314,5157.8,124,no
41,blue-collar,married,secondary,unknown,may,1,-1,0,unknown,0.3,93.896,-39.0,4.15,5216.0,276,no
25,management,single,tertiary,cellular,jul,1,-1,0,unknown,0.02,93.395,-42.7,3.253,5167.4,342,no
44,blue-collar,married,primary,cellular,may,2,-1,0,unknown,0.31,94.169,-44.7,4.09,5236.3,164,no
51,housemaid,married,unknown,cellular,apr,2,266,3,other,-0.19,93.909,-43.9,1.385,5103.5,251,yes
42,technician,single,secondary,cellular,aug,2,-1,0,unknown,0.78,92.903,-42.5,4.757,5165.8,152,no
42,self-employed,single,tertiary,cellular,aug,3,-1,0,unknown,-0.91,93.991,-33.5,2.087,5170.7,104,no
50,services,married,secondary,cellular,aug,1,430,1,failure,0.07,94.68,-39.1,4.094,5142.1,399,yes
35,services,married,secondary,telephone,jul,1,-1,0,unknown,0.69,92.493,-38.7,3.054,5132.4,42,no
43,unemployed,married,secondary,unknown,may,5,-1,0,unknown,0.36,93.91,-47.9,2.67,5242.0,88,no
50,admin.,married,secondary,cellular,aug,4,-1,0,unknown,1.82,92.569,-42.4,3.688,5202.0,119,no
44,blue-collar,married,primary,cellular,may,2,363,1,failure,-0.11,93.187,-35.9,3.86,5115.9,165,no
49,technician,married,tertiary,cellular,jul,1,-1,0,unknown,0.27,94.111,-41.0,3.466,5110.8,123,no
65,retired,married,secondary,cellular,apr,1,-1,0,unknown,1.47,93.993,-35.5,3.744,5153.6,450,yes
32,management,married,tertiary,cellular,aug,4,-1,0,unknown,1.49,94.043,-45.7,1.857,5221.5,97,no
28,services,single,secondary,cellular,jan,1,-1,0,unknown,1.23,93.642,-37.3,3.334,5057.8,248,no
27,student,single,tertiary,cellular,oct,1,-1,0,unknown,0.33,94.784,-40.8,3.92,5150.3,99,no
34,admin.,divorced,secondary,cellular,jul,1,-1,0,unknown,-0.06,92.775,-40.2,3.106,5102.3,268,no
42,services,single,tertiary,cellular,aug,2,90,4,failure,0.28,93.382,-34.8,4.163,5200.5,176,yes
46,technician,married,secondary,unknown,jun,1,-1,0,unknown,2.71,92.964,-37.1,1.98,5132.1,117,no
28,admin.,single,secondary,cellular,may,1,-1,0,unknown,0.93,93.954,-41.9,3.876,5165.8,329,no
45,blue-collar,married,secondary,unknown,may,2,-1,0,unknown,-0.56,93.902,-42.0,3.785,5177.1,112,no
42,management,married,tertiary,unknown,may,1,-1,0,unknown,0.73,93.901,-38.9,4.253,5150.5,238,no
56,retired,married,primary,cellular,aug,3,-1,0,unknown,-1.91,93.252,-38.1,2.87,5206.7,142,no
57,admin.,married,primary,cellular,apr,1,346,2,failure,0.12,92.553,-37.0,4.18,5241.1,207,no
31,technician,single,secondary,cellular,may,1,-1,0,unknown,-0.08,93.73,-41.0,4.285,5298.0,94,no
30,self-employed,married,tertiary,cellular,aug,2,93,4,success,-0.44,94.249,-35.0,2.919,5199.7,475,yes
35,blue-collar,married,primary,cellular,may,1,-1,0,unknown,1.04,93.444,-48.0,4.527,5121.9,73,no
45,management,married,tertiary,cellular,nov,1,-1,0,unknown,-0.66,92.826,-42.7,4.093,5275.3,157,no
39,technician,married,unknown,cellular,may,3,-1,0,unknown,0.28,93.805,-40.0,5.012,5116.3,106,no
56,unemployed,married,secondary,unknown,jun,3,-1,0,unknown,1.06,93.909,-40.6,3.8,5194.7,72,no
30,technician,single,tertiary,cellular,aug,8,-1,0,unknown,0.3,93.182,-36.3,4.402,5135.1,276,no
34,blue-collar,married,secondary,telephone,nov,1,182,2,failure,-0.08,92.71,-42.1,3.01,5129.4,46,no
44,entrepreneur,married,tertiary,unknown,jun,1,-1,0,unknown,-0.19,93.477,-34.5,2.732,5244.8,467,no
38,blue-collar,married,primary,cellular,may,5,-1,0,unknown,-2.78,94.284,-44.0,3.752,5133.7,22,no
45,admin.,single,secondary,unknown,jun,1,-1,0,unknown,1.43,93.338,-50.2,2.636,5253.7,158,no
31,admin.,married,secondary,cellular,may,1,352,4,failure,-2.66,93.381,-41.1,2.42,5180.9,152,no
35,admin.,married,secondary,cellular,may,1,-1,0,unknown,-1.14,93.544,-41.0,4.216,5119.8,58,no
29,management,married,tertiary,cellular,may,3,-1,0,unknown,-0.07,93.1,-40.1,3.181,5200.6,473,yes
39,blue-collar,married,primary,unknown,jun,1,-1,0,unknown,2.22,93.095,-33.1,4.023,5164.5,89,no
68,retired,married,unknown,telephone,jun,1,-1,0,unknown,0.73,93.697,-45.1,4.674,5229.1,149,no
70,retired,married,primary,cellular,nov,1,-1,0,unknown,-1.42,93.899,-48.4,4.333,5266.6,112,no
25,admin.,single,tertiary,unknown,jun,1,-1,0,unknown,-1.6,93.617,-37.9,3.727,5112.2,579,no
27,services,single,secondary,unknown,jul,1,-1,0,unknown,-0.54,93.879,-44.1,2.835,5112.4,253,no
37,admin.,single,secondary,cellular,feb,1,174,2,other,1.11,94.036,-40.3,3.695,5167.5,129,yes
57,entrepreneur,married,secondary,unknown,may,1,-1,0,unknown,4.11,94.42,-47.7,3.437,5134.2,112,no
38,management,married,tertiary,cellular,feb,1,-1,0,unknown,1.3,93.725,-41.3,4.975,5233.2,138,no
27,student,single,secondary,cellular,jan,1,-1,0,unknown,1.8,93.8,-39.6,4.117,5139.2,503,no
60,retired,married,unknown,cellular,aug,2,-1,0,unknown,-0.09,94.183,-45.8,4.584,5194.2,106,no
46,blue-collar,married,primary,unknown,jun,13,-1,0,unknown,-1.39,93.808,-42.7,4.672,5126.3,94,no
31,services,single,secondary,cellular,apr,1,-1,0,unknown,0.61,93.865,-37.9,3.122,5217.6,325,yes
35,management,single,tertiary,cellular,aug,2,-1,0,unknown,1.29,93.365,-38.1,5.286,5204.3,168,no
67,retired,married,primary,cellular,oct,1,-1,0,unknown,2.92,93.862,-43.6,4.955,5170.9,1118,no
53,management,married,tertiary,cellular,aug,6,-1,0,unknown,0.21,93.278,-35.8,3.347,5193.3,85,no
49,housemaid,married,secondary,cellular,aug,2,-1,0,unknown,0.98,93.067,-50.1,4.398,5186.9,118,no
51,blue-collar,divorced,secondary,cellular,may,1,170,5,failure,1.09,93.574,-51.0,4.914,5228.2,134,no
50,blue-collar,married,primary,cellular,aug,6,-1,0,unknown,2.19,94.076,-39.1,2.769,5257.7,256,no
37,blue-collar,married,secondary,cellular,may,1,-1,0,unknown,1.7,93.851,-47.2,3.095,5248.7,153,no
34,blue-collar,single,secondary,unknown,may,1,-1,0,unknown,0.08,93.798,-45.3,3.706,5078.7,290,no
29,admin.,married,secondary,unknown,may,2,-1,0,unknown,2.22,94.484,-37.6,3.648,5183.9,314,no
42,blue-collar,divorced,primary,cellular,jul,3,-1,0,unknown,0.36,93.939,-41.6,4.134,5193.2,434,yes
47,blue-collar,married,secondary,cellular,aug,3,-1,0,unknown,1.1,94.436,-36.2,3.794,5198.9,68,no
36,management,married,tertiary,unknown,jun,3,-1,0,unknown,1.22,94.025,-56.9,3.702,5196.7,599,no
42,blue-collar,divorced,secondary,cellular,may,1,-1,0,unknown,0.0,93.173,-37.8,5.204,5190.1,133,no
60,blue-collar,married,primary,unknown,may,4,-1,0,unknown,0.33,94.312,-36.1,4.613,5170.4,125,no
38,services,married,secondary,cellular,may,1,343,5,failure,-0.73,93.623,-41.0,3.853,5218.5,262,no
39,admin.,divorced,secondary,cellular,jul,27,-1,0,unknown,2.64,92.855,-45.7,4.613,5072.3,16,no
32,admin.,married,secondary,unknown,jun,3,-1,0,unknown,1.0,93.671,-43.3,2.155,5199.7,381,no
32,blue-collar,married,primary,cellular,apr,3,335,1,other,1.12,93.563,-40.1,2.719,5162.3,295,no
38,admin.,married,secondary,cellular,apr,2,-1,0,unknown,-0.16,93.977,-48.2,2.753,5180.4,69,no
58,services,married,secondary,cellular,aug,4,-1,0,unknown,0.03,94.375,-33.0,1.701,5106.8,384,no
34,blue-collar,married,secondary,unknown,may,2,-1,0,unknown,-0.47,93.239,-43.0,3.746,5151.0,134,no
37,management,married,tertiary,cellular,jul,2,419,1,failure,1.47,94.498,-43.8,4.776,5210.7,128,no
59,housemaid,married,primary,cellular,aug,4,-1,0,unknown,0.35,93.969,-42.7,4.448,5168.1,129,no
40,technician,single,secondary,cellular,aug,2,-1,0,unknown,1.36,93.137,-41.4,3.617,5070.1,125,no
51,admin.,married,secondary,cellular,apr,5,-1,0,unknown,2.95,93.355,-39.5,2.354,5168.5,104,no
58,unemployed,married,tertiary,cellular,feb,8,-1,0,unknown,-1.5,93.975,-40.8,2.64,5198.4,19,no
61,management,married,tertiary,cellular,apr,1,-1,0,unknown,-1.91,93.931,-42.3,3.389,5233.4,190,yes
39,blue-collar,married,primary,unknown,jun,4,-1,0,unknown,-0.4,93.479,-43.8,2.821,5189.6,112,no
48,technician,divorced,secondary,unknown,jun,1,-1,0,unknown,0.28,93.948,-46.6,3.149,5231.5,58,no
40,unemployed,single,secondary,unknown,may,1,-1,0,unknown,0.1,92.955,-43.1,3.862,5243.3,43,no
38,management,married,tertiary,cellular,feb,2,-1,0,unknown,0.03,94.233,-37.2,2.805,5036.8,214,no
56,entrepreneur,married,tertiary,telephone,nov,1,-1,0,unknown,-2.18,93.948,-43.5,2.357,5151.8,167,no
29,admin.,married,secondary,cellular,may,1,-1,0,unknown,-1.84,93.033,-44.4,2.424,5182.1,58,no
27,blue-collar,married,secondary,unknown,may,2,-1,0,unknown,1.97,94.057,-41.2,1.666,5222.6,207,no
39,blue-collar,married,secondary,cellular,jul,2,-1,0,unknown,2.6,93.253,-48.2,1.505,5103.3,178,no
48,management,married,secondary,cellular,aug,8,-1,0,unknown,-1.55,93.15,-43.0,3.607,5251.1,208,no
43,blue-collar,divorced,primary,cellular,apr,2,146,1,failure,0.7,93.395,-38.1,3.45,5161.6,199,no
24,admin.,married,secondary,unknown,jun,4,-1,0,unknown,-0.73,92.782,-39.7,3.736,5157.0,622,no
49,management,divorced,tertiary,cellular,may,2,350,2,failure,0.89,93.818,-39.7,2.746,5172.4,288,no
47,blue-collar,married,secondary,cellular,oct,1,-1,0,unknown,-0.19,94.102,-43.5,3.057,5142.9,98,yes
59,retired,married,secondary,telephone,jul,2,-1,0,unknown,-0.18,93.926,-45.5,3.52,5105.7,498,no
36,technician,married,secondary,cellular,aug,2,-1,0,unknown,1.46,92.818,-34.6,3.77,5107.7,175,no
57,blue-collar,married,secondary,cellular,jul,8,-1,0,unknown,-0.26,93.747,-41.4,4.131,5185.0,157,no
48,technician,married,secondary,unknown,jun,4,-1,0,unknown,2.66,93.616,-47.4,3.504,5204.8,524,no
27,management,single,tertiary,unknown,jun,1,-1,0,unknown,1.32,93.777,-38.6,2.058,5174.3,49,no
39,blue-collar,married,secondary,cellular,may,2,-1,0,unknown,-1.47,94.325,-38.8,4.185,5230.9,98,no
53,blue-collar,married,secondary,unknown,may,4,-1,0,unknown,0.54,93.64,-39.4,2.288,5112.6,134,no
55,technician,married,tertiary,cellular,apr,2,-1,0,unknown,1.08,93.581,-41.8,1.878,5105.6,387,yes
53,blue-collar,married,primary,unknown,jul,1,-1,0,unknown,1.09,92.579,-39.2,5.294,5067.7,212,no
35,technician,married,secondary,telephone,jan,3,-1,0,unknown,2.44,94.959,-45.1,1.682,5205.0,653,no
30,blue-collar,married,secondary,cellular,may,3,-1,0,unknown,0.16,93.11,-33.5,2.199,5161.1,102,no
31,management,single,tertiary,cellular,nov,4,-1,0,unknown,-0.06,93.078,-41.2,3.079,5198.2,251,no
37,services,married,secondary,cellular,jul,6,-1,0,unknown,1.31,93.793,-41.3,4.132,5136.7,88,no
46,management,single,tertiary,unknown,jul,1,-1,0,unknown,0.52,94.041,-42.0,3.102,5179.6,68,no
28,entrepreneur,married,secondary,unknown,may,2,-1,0,unknown,-0.31,94.292,-45.7,3.23,5185.4,394,no
59,unemployed,divorced,secondary,telephone,feb,1,-1,0,unknown,1.75,92.912,-46.5,4.725,5140.6,251,no
56,retired,married,secondary,cellular,aug,4,-1,0,unknown,0.09,94.046,-42.1,3.423,5152.0,110,no
53,services,married,secondary,cellular,aug,2,-1,0,unknown,-0.23,94.079,-38.6,5.155,5128.9,168,no
44,retired,divorced,primary,unknown,may,1,-1,0,unknown,-0.24,94.555,-42.3,2.607,5256.0,124,no
34,technician,single,secondary,unknown,jun,3,-1,0,unknown,0.74,93.514,-30.5,4.775,5102.1,102,no
45,blue-collar,married,secondary,unknown,jun,24,-1,0,unknown,0.25,93.905,-40.0,3.412,5283.7,145,no
46,management,divorced,secondary,cellular,nov,1,-1,0,unknown,0.43,94.025,-41.5,3.697,5201.8,273,no
39,management,married,tertiary,cellular,aug,4,-1,0,unknown,-0.25,93.221,-41.0,3.493,5188.8,157,no
33,management,married,tertiary,unknown,may,4,-1,0,unknown,-1.47,93.643,-41.5,3.093,5250.6,342,no
50,admin.,married,secondary,cellular,aug,2,-1,0,unknown,-0.34,93.108,-41.0,2.981,5200.8,358,no
32,blue-collar,single,secondary,unknown,sep,1,-1,0,unknown,2.24,94.435,-46.7,3.711,5179.7,11,no
58,housemaid,married,primary,unknown,jun,1,-1,0,unknown,-1.44,94.512,-40.7,3.049,5223.2,37,no
38,technician,married,tertiary,unknown,may,4,-1,0,unknown,-1.09,92.805,-40.2,1.549,5109.5,96,no
33,services,single,secondary,telephone,may,2,-1,0,unknown,1.06,93.527,-43.1,2.764,5202.6,317,no
54,management,married,tertiary,cellular,oct,2,94,1,success,-0.07,94.448,-38.2,4.034,5307.1,194,yes
42,admin.,married,secondary,unknown,may,24,-1,0,unknown,-0.16,93.061,-43.8,4.277,5250.4,21,no
29,blue-collar,married,secondary,cellular,apr,2,343,3,other,-0.95,93.555,-39.7,2.735,5166.5,172,no
51,management,married,tertiary,cellular,jul,1,-1,0,unknown,-1.45,93.427,-45.8,2.519,5162.6,234,no
49,blue-collar,married,primary,cellular,jul,3,-1,0,unknown,1.96,92.409,-38.6,3.287,5336.8,491,yes
48,management,married,tertiary,cellular,jan,4,50,4,other,-0.73,93.964,-44.5,3.538,5223.9,122,no
46,blue-collar,married,primary,unknown,jun,4,-1,0,unknown,1.07,93.726,-42.5,1.493,5106.8,110,no
61,housemaid,married,primary,telephone,dec,1,-1,0,unknown,-0.49,94.094,-43.6,1.077,5167.4,237,no
53,admin.,single,secondary,cellular,may,1,370,1,failure,-2.3,93.678,-38.2,4.537,5203.5,305,no
30,technician,single,secondary,unknown,may,2,-1,0,unknown,-0.05,93.742,-46.4,3.453,5168.4,67,no
34,admin.,single,secondary,unknown,may,1,-1,0,unknown,0.19,93.21,-50.0,3.169,5208.7,297,no
79,retired,divorced,secondary,telephone,feb,2,181,1,failure,-1.99,94.395,-36.3,3.346,5241.6,105,no
39,management,married,secondary,unknown,may,2,-1,0,unknown,1.11,93.242,-42.3,4.516,5180.2,1168,no
28,unemployed,single,tertiary,cellular,may,1,336,2,failure,-0.04,93.409,-45.5,0.582,5169.1,911,no
55,management,married,tertiary,cellular,apr,2,-1,0,unknown,0.61,93.36,-45.8,3.316,5140.7,222,yes
32,blue-collar,married,secondary,cellular,may,5,-1,0,unknown,2.87,93.898,-45.5,3.461,5242.1,20,no
39,blue-collar,single,primary,cellular,apr,1,39,2,success,0.39,92.999,-34.3,4.422,5129.5,620,no
43,self-employed,married,primary,cellular,aug,4,-1,0,unknown,-0.03,93.472,-44.3,4.889,5163.4,362,no
34,unknown,married,secondary,cellular,nov,2,-1,0,unknown,-0.45,93.587,-39.1,2.702,5193.4,50,no
58,services,married,secondary,cellular,aug,5,-1,0,unknown,-0.98,95.146,-44.0,3.399,5175.8,202,no
45,technician,single,unknown,telephone,jul,2,-1,0,unknown,-0.29,93.116,-42.3,4.798,5172.2,6,no
34,admin.,married,secondary,cellular,oct,2,-1,0,unknown,0.27,93.883,-36.3,2.492,5147.2,401,yes
26,technician,single,secondary,cellular,jan,1,-1,0,unknown,1.95,93.572,-40.4,3.54,5108.1,89,no
52,blue-collar,married,primary,cellular,aug,3,-1,0,unknown,0.64,93.592,-43.5,3.121,5174.0,82,no
55,housemaid,married,primary,unknown,jun,1,-1,0,unknown,-0.58,94.178,-42.5,2.794,5158.2,64,no
37,blue-collar,married,primary,unknown,jun,1,-1,0,unknown,0.07,93.808,-42.6,1.948,5083.4,80,no
31,unemployed,single,tertiary,unknown,may,2,-1,0,unknown,0.26,93.601,-41.0,3.795,5140.3,480,no
40,self-employed,married,secondary,cellular,aug,6,-1,0,unknown,1.01,94.355,-40.3,2.509,5155.3,55,no
32,blue-collar,married,secondary,cellular,apr,1,334,1,other,0.48,94.408,-40.0,2.227,5100.9,179,no
48,management,single,tertiary,unknown,jun,2,-1,0,unknown,1.56,93.993,-35.4,4.189,5194.8,34,no
28,unemployed,married,secondary,unknown,jun,2,-1,0,unknown,2.55,93.807,-38.1,2.081,5190.7,606,no
50,admin.,married,secondary,unknown,jun,2,-1,0,unknown,0.18,92.596,-45.2,3.033,5072.1,626,no
42,technician,married,secondary,cellular,feb,2,-1,0,unknown,-1.97,93.136,-36.6,2.953,5128.1,765,no
30,blue-collar,married,primary,telephone,jul,10,-1,0,unknown,2.13,93.729,-42.2,2.631,5150.4,207,no
51,blue-collar,married,primary,cellular,nov,1,195,1,failure,0.73,92.14,-37.6,4.187,5165.3,174,no
37,management,married,tertiary,cellular,jul,2,182,3,success,1.22,93.709,-36.8,2.777,5152.4,268,yes
36,services,married,secondary,cellular,feb,5,-1,0,unknown,2.37,94.248,-42.0,3.528,5180.6,220,no
26,blue-collar,single,secondary,unknown,may,1,-1,0,unknown,-0.02,93.756,-50.5,4.142,5076.6,174,no
29,admin.,single,secondary,cellular,may,1,345,1,other,-0.52,93.468,-44.3,4.477,5234.0,84,no
56,blue-collar,single,secondary,cellular,jul,3,-1,0,unknown,0.62,93.74,-37.8,1.676,5185.5,819,yes
34,technician,divorced,secondary,cellular,jul,2,-1,0,unknown,0.03,93.859,-46.0,4.457,5158.4,81,no
30,management,single,tertiary,unknown,may,2,-1,0,unknown,1.01,94.047,-47.0,2.674,5258.0,73,no
34,management,married,tertiary,telephone,nov,2,-1,0,unknown,2.88,93.646,-41.6,2.506,5228.0,34,no
31,blue-collar,single,secondary,telephone,may,3,-1,0,unknown,0.22,92.653,-45.9,3.731,5210.7,185,no
40,self-employed,married,tertiary,cellular,oct,1,136,8,other,0.62,93.789,-50.4,4.198,5204.0,138,no
50,services,married,secondary,unknown,jun,2,-1,0,unknown,0.32,94.167,-40.8,2.523,5134.2,53,no
48,unemployed,married,primary,cellular,nov,2,-1,0,unknown,-0.89,93.972,-42.5,3.19,5062.0,213,no
30,blue-collar,married,secondary,cellular,jul,2,-1,0,unknown,1.69,93.248,-37.1,4.361,5180.0,220,no
42,admin.,married,unknown,cellular,may,3,-1,0,unknown,1.77,94.101,-46.6,1.364,5141.6,116,no
44,admin.,married,secondary,unknown,jun,2,-1,0,unknown,2.41,94.344,-36.9,3.99,5298.8,271,no
59,blue-collar,married,secondary,unknown,jun,5,-1,0,unknown,1.51,93.754,-40.3,3.033,5215.5,92,no
53,blue-collar,divorced,primary,telephone,nov,1,92,1,success,-0.45,93.843,-40.8,2.566,5123.7,241,yes
44,blue-collar,married,secondary,unknown,may,2,-1,0,unknown,-1.14,93.343,-44.0,1.944,5092.7,452,no
65,housemaid,married,primary,cellular,mar,1,-1,0,unknown,-0.94,93.058,-38.8,3.515,5136.2,323,yes
33,management,married,tertiary,cellular,nov,1,-1,0,unknown,2.56,93.395,-34.9,3.346,5127.3,87,no
39,admin.,single,secondary,cellular,jan,2,-1,0,unknown,0.09,93.418,-42.6,3.514,5151.4,107,no
32,technician,single,secondary,cellular,jul,1,-1,0,unknown,-1.28,94.29,-38.9,3.082,5172.9,110,no
45,blue-collar,married,unknown,unknown,may,3,-1,0,unknown,-1.24,94.217,-46.4,2.925,5195.6,204,no
40,services,married,secondary,cellular,jul,2,-1,0,unknown,0.77,92.651,-41.8,3.679,5157.8,39,no
41,technician,single,tertiary,cellular,nov,1,-1,0,unknown,-0.14,92.939,-44.1,3.588,5211.2,164,no
33,technician,married,tertiary,cellular,aug,20,-1,0,unknown,-1.08,93.608,-43.5,4.089,5197.9,15,no
55,technician,divorced,secondary,cellular,may,1,-1,0,unknown,1.55,94.279,-40.7,3.694,5242.8,176,no
43,services,married,secondary,cellular,nov,3,-1,0,unknown,-1.1,93.786,-44.7,5.186,5120.7,165,no
39,services,married,primary,cellular,may,1,-1,0,unknown,2.16,93.598,-37.0,2.589,5261.3,628,no
31,services,married,secondary,cellular,jul,1,-1,0,unknown,-0.2,93.742,-39.9,2.044,5234.9,359,no
29,entrepreneur,married,secondary,unknown,jun,3,-1,0,unknown,2.85,93.759,-35.2,1.504,5182.6,205,no
29,entrepreneur,single,secondary,cellular,jan,3,-1,0,unknown,0.02,94.062,-48.2,2.274,5227.3,413,no
46,blue-collar,married,primary,cellular,may,2,353,58,other,0.92,93.343,-35.4,3.67,5182.2,523,yes
30,management,single,tertiary,cellular,jan,1,-1,0,unknown,0.04,93.963,-38.0,2.616,5291.9,66,no
76,retired,married,secondary,telephone,nov,2,-1,0,unknown,2.66,93.795,-40.9,3.162,5213.9,345,no
33,technician,married,tertiary,unknown,may,1,-1,0,unknown,-1.42,93.876,-44.6,3.75,5242.2,139,no
33,blue-collar,married,secondary,cellular,apr,1,-1,0,unknown,2.32,93.272,-48.2,3.839,5183.7,377,no
23,services,married,secondary,unknown,may,5,-1,0,unknown,2.13,93.955,-47.4,1.957,5171.4,90,no
27,management,single,tertiary,cellular,aug,3,91,1,failure,-0.19,92.633,-42.1,1.542,5238.7,171,no
38,entrepreneur,married,secondary,unknown,jun,2,-1,0,unknown,-0.91,94.093,-36.8,3.118,5157.5,143,no
31,blue-collar,married,primary,unknown,may,4,-1,0,unknown,-1.77,93.06,-47.2,2.803,5203.4,245,no
60,unemployed,married,secondary,cellular,may,3,279,4,success,0.75,93.699,-41.9,2.946,5257.9,173,yes
37,management,single,tertiary,cellular,apr,5,150,7,failure,-1.22,94.133,-33.9,1.769,5267.4,885,yes
52,entrepreneur,single,unknown,unknown,jun,2,-1,0,unknown,0.52,94.254,-50.4,5.289,5138.0,9,no
39,management,single,tertiary,cellular,nov,1,-1,0,unknown,-1.75,92.92,-40.0,5.39,5077.2,248,no
33,blue-collar,married,primary,cellular,may,2,-1,0,unknown,-0.03,93.626,-35.7,4.45,5157.7,217,no
43,services,married,secondary,unknown,may,1,-1,0,unknown,3.34,93.785,-40.8,3.591,5221.2,129,no
32,blue-collar,single,secondary,unknown,jun,2,-1,0,unknown,0.01,93.287,-37.6,3.856,5211.3,67,no
59,management,single,secondary,unknown,may,1,-1,0,unknown,-0.3,94.34,-44.4,3.107,5257.3,485,no
30,technician,single,tertiary,cellular,apr,1,-1,0,unknown,1.55,93.073,-40.6,3.476,5054.4,375,yes
42,self-employed,married,secondary,cellular,feb,1,189,16,other,0.72,93.494,-35.6,2.071,5197.9,183,no
37,technician,single,tertiary,cellular,nov,1,-1,0,unknown,-0.58,93.98,-46.4,3.197,5143.3,37,no
31,admin.,single,secondary,cellular,jul,1,-1,0,unknown,1.26,93.493,-44.6,4.133,5113.3,230,no
42,unemployed,single,secondary,cellular,jul,4,-1,0,unknown,1.76,92.498,-44.5,3.956,5199.4,145,no
33,blue-collar,married,secondary,cellular,may,3,367,4,other,-1.24,94.233,-34.5,1.905,5199.6,51,no
34,services,single,secondary,cellular,may,1,-1,0,unknown,0.31,92.623,-40.3,3.58,5156.9,672,yes
30,technician,divorced,secondary,cellular,aug,5,-1,0,unknown,2.44,92.991,-43.5,4.083,5238.3,65,no
54,unemployed,single,tertiary,cellular,jul,1,-1,0,unknown,-0.74,94.084,-39.5,1.632,5212.7,101,no
46,technician,divorced,unknown,unknown,may,5,-1,0,unknown,-1.03,93.654,-41.3,1.78,5193.5,158,no
22,student,single,secondary,cellular,may,1,-1,0,unknown,-2.38,93.45,-43.3,2.991,5220.4,105,no
31,self-employed,married,secondary,cellular,oct,1,152,6,failure,0.22,94.202,-37.3,3.614,5159.7,845,no
33,blue-collar,married,primary,cellular,apr,1,-1,0,unknown,0.56,93.52,-40.1,2.466,5239.4,222,no
36,blue-collar,divorced,secondary,cellular,may,7,360,4,other,-0.85,94.651,-47.7,3.358,5114.5,34,no
56,blue-collar,married,secondary,cellular,nov,1,-1,0,unknown,0.87,93.989,-38.9,5.27,5179.2,70,no
51,unemployed,married,secondary,telephone,jan,2,-1,0,unknown,1.57,94.528,-43.8,2.685,5108.2,237,no
50,admin.,married,secondary,unknown,jun,3,-1,0,unknown,-0.24,94.028,-38.1,4.319,5159.8,417,no
24,student,single,secondary,cellular,nov,2,92,3,failure,-1.17,93.932,-38.9,2.252,5077.9,256,yes
35,technician,divorced,secondary,cellular,aug,4,-1,0,unknown,-0.46,94.025,-50.4,4.166,5193.0,250,no
30,management,single,tertiary,cellular,aug,4,-1,0,unknown,0.64,93.2,-44.2,4.827,5214.3,103,no
48,management,married,tertiary,cellular,oct,2,-1,0,unknown,0.99,93.761,-39.3,1.087,5162.8,1226,yes
36,admin.,divorced,tertiary,cellular,jan,2,2,1,other,1.06,94.306,-36.2,3.318,5220.7,60,no
59,blue-collar,single,primary,unknown,may,1,-1,0,unknown,-0.24,94.414,-36.7,2.173,5201.7,123,no
35,blue-collar,married,primary,cellular,may,2,-1,0,unknown,0.05,94.176,-38.8,4.163,5162.0,97,no
49,services,single,secondary,cellular,jan,1,-1,0,unknown,0.91,93.594,-42.7,3.738,5143.3,197,no
36,technician,single,tertiary,cellular,aug,12,-1,0,unknown,-1.22,94.143,-40.0,2.068,5204.3,29,no
41,management,married,tertiary,cellular,nov,1,-1,0,unknown,-1.48,93.844,-39.9,2.048,5112.5,112,no
43,technician,single,tertiary,cellular,aug,2,-1,0,unknown,0.28,93.432,-36.7,3.566,5182.6,97,no
20,student,single,secondary,cellular,aug,1,-1,0,unknown,-0.06,92.758,-40.6,3.224,5174.8,203,no
45,management,married,primary,telephone,jul,4,-1,0,unknown,-1.26,94.063,-43.1,4.536,5146.2,145,no
26,blue-collar,single,secondary,cellular,jul,2,-1,0,unknown,0.26,93.273,-45.2,3.067,5324.1,36,no
57,technician,married,secondary,unknown,may,2,-1,0,unknown,-1.0,93.452,-38.7,4.551,5142.8,200,no
35,admin.,single,secondary,cellular,jul,10,-1,0,unknown,0.73,94.229,-44.6,3.32,5187.5,48,no
31,blue-collar,married,secondary,cellular,apr,2,340,2,other,0.01,92.76,-44.0,3.594,5200.6,542,no
45,technician,single,tertiary,cellular,aug,4,-1,0,unknown,-0.88,93.772,-44.6,2.37,5337.7,773,yes
34,management,married,tertiary,cellular,jul,4,-1,0,unknown,0.19,93.986,-41.1,3.967,5263.6,118,no
33,technician,divorced,secondary,cellular,nov,5,-1,0,unknown,1.73,93.648,-46.1,4.059,5206.1,167,no
32,blue-collar,divorced,primary,cellular,jul,2,-1,0,unknown,1.28,93.196,-43.8,3.399,5137.1,129,no
40,management,married,secondary,cellular,may,1,104,2,failure,0.55,93.734,-42.1,2.724,5110.9,135,no
41,technician,single,secondary,unknown,may,3,-1,0,unknown,-0.12,93.579,-44.6,4.406,5193.6,329,no
45,admin.,married,secondary,cellular,aug,1,364,1,other,-0.19,93.608,-39.4,3.239,5227.8,356,yes
49,blue-collar,married,secondary,cellular,may,2,-1,0,unknown,-0.52,93.489,-39.4,3.511,5119.9,349,no
42,technician,married,secondary,cellular,nov,2,-1,0,unknown,2.26,94.754,-36.3,3.539,5257.9,75,no
32,technician,single,secondary,cellular,aug,2,-1,0,unknown,1.11,93.932,-44.3,1.68,5224.4,210,no
25,technician,single,secondary,cellular,may,2,-1,0,unknown,-1.59,93.768,-35.8,1.423,5224.8,186,no
27,services,single,secondary,cellular,jul,2,-1,0,unknown,0.16,93.078,-44.2,2.493,5289.9,606,no
54,housemaid,married,unknown,unknown,jun,1,-1,0,unknown,3.1,93.243,-40.0,2.69,5123.5,83,no
38,management,married,tertiary,unknown,jul,8,-1,0,unknown,0.66,94.148,-41.2,4.789,5159.5,717,no
33,technician,married,secondary,cellular,may,1,-1,0,unknown,2.43,93.296,-37.0,1.197,5238.9,380,no
40,technician,married,secondary,telephone,oct,1,-1,0,unknown,-1.34,94.267,-46.9,1.295,5134.2,19,no
30,management,single,tertiary,cellular,aug,3,-1,0,unknown,0.74,94.022,-45.8,3.801,5141.9,179,no
45,unemployed,married,secondary,cellular,may,1,-1,0,unknown,0.32,94.636,-40.5,3.031,5202.6,195,no
30,blue-collar,married,secondary,unknown,may,2,-1,0,unknown,1.59,94.187,-43.4,3.362,5223.6,281,no
43,admin.,single,secondary,unknown,may,1,-1,0,unknown,1.79,93.874,-39.3,3.356,5105.3,127,no
37,technician,single,secondary,cellular,nov,3,139,6,failure,-1.55,93.111,-45.2,3.18,5133.3,104,no
32,technician,single,tertiary,cellular,aug,4,-1,0,unknown,1.07,93.438,-36.7,3.669,5084.1,234,no
35,admin.,single,secondary,cellular,jul,1,-1,0,unknown,0.01,92.857,-43.1,1.865,5157.4,84,no
48,unemployed,married,secondary,telephone,jul,3,-1,0,unknown,-0.02,93.729,-40.5,3.213,5208.0,135,no
46,housemaid,married,secondary,cellular,may,3,183,1,success,1.37,93.381,-37.8,3.436,5123.0,181,yes
44,blue-collar,single,secondary,unknown,jun,7,-1,0,unknown,1.03,94.281,-40.0,2.782,5197.4,179,no
30,self-employed,single,tertiary,unknown,jun,4,-1,0,unknown,1.9,92.338,-43.9,3.512,5129.4,142,no
53,admin.,married,secondary,cellular,aug,1,-1,0,unknown,-1.11,93.079,-45.4,3.958,5156.6,222,no
47,blue-collar,married,primary,unknown,may,1,-1,0,unknown,0.28,93.176,-44.9,4.983,5194.1,207,no
59,self-employed,married,unknown,cellular,aug,2,-1,0,unknown,0.17,93.466,-38.5,2.832,5200.2,171,no
31,admin.,married,secondary,telephone,oct,1,-1,0,unknown,0.38,94.399,-44.5,3.269,5171.2,60,no
41,entrepreneur,single,secondary,cellular,jul,1,-1,0,unknown,0.21,93.161,-44.3,4.698,5159.5,1204,yes
35,management,married,tertiary,cellular,nov,4,-1,0,unknown,0.27,93.587,-42.6,2.469,5185.9,223,no
41,admin.,married,secondary,cellular,nov,1,-1,0,unknown,0.98,93.609,-47.8,4.417,5154.6,77,no
51,blue-collar,divorced,primary,unknown,may,1,-1,0,unknown,-1.68,93.462,-46.6,2.769,5300.7,181,no
31,management,married,tertiary,cellular,may,1,-1,0,unknown,-0.79,93.882,-41.9,3.756,5278.4,67,no
53,blue-collar,married,secondary,unknown,jun,2,-1,0,unknown,-1.16,93.664,-42.4,3.103,5249.6,360,no
42,management,married,tertiary,cellular,nov,2,-1,0,unknown,-0.95,94.434,-36.1,4.5,5161.1,709,yes
58,retired,married,tertiary,cellular,aug,2,-1,0,unknown,1.18,95.345,-42.7,3.955,5175.1,138,no
41,technician,married,secondary,unknown,may,1,-1,0,unknown,2.12,93.757,-30.5,2.764,5258.8,145,no
43,technician,single,secondary,cellular,jul,2,-1,0,unknown,-0.55,93.6,-37.5,3.911,5208.9,94,no
57,technician,married,tertiary,cellular,aug,5,-1,0,unknown,-1.34,93.144,-48.3,2.676,5200.9,242,no
58,admin.,married,secondary,unknown,may,1,-1,0,unknown,1.94,93.309,-44.0,4.677,5198.5,180,no
35,blue-collar,married,unknown,unknown,jun,1,-1,0,unknown,0.04,93.529,-36.1,4.61,5055.6,537,yes
37,management,single,tertiary,cellular,mar,1,152,2,success,0.5,93.979,-43.9,3.862,5202.2,313,yes
48,entrepreneur,married,tertiary,cellular,feb,4,-1,0,unknown,0.12,94.025,-36.4,2.376,5163.1,37,no
30,blue-collar,married,secondary,unknown,may,2,-1,0,unknown,1.38,92.537,-41.6,3.194,5282.7,526,no
34,admin.,divorced,secondary,cellular,jul,1,-1,0,unknown,0.15,93.232,-41.4,2.796,5223.5,641,yes
52,technician,divorced,secondary,unknown,jun,3,-1,0,unknown,0.4,93.872,-44.1,2.925,5096.3,492,no
59,retired,divorced,tertiary,unknown,jun,2,-1,0,unknown,-0.53,92.93,-44.4,2.399,5185.4,517,no
57,retired,married,primary,unknown,jun,2,-1,0,unknown,0.38,94.205,-45.0,3.879,5115.3,259,no
26,services,single,tertiary,cellular,jun,1,181,10,failure,0.0,94.176,-38.4,3.854,5242.7,563,yes
38,technician,single,secondary,unknown,may,1,-1,0,unknown,1.16,92.683,-37.7,4.507,5075.2,185,no
32,technician,married,secondary,cellular,feb,8,174,9,other,2.28,93.727,-43.3,3.868,5264.7,12,no
80,housemaid,married,secondary,telephone,apr,2,393,4,failure,-0.74,92.75,-44.4,3.011,5195.4,224,no
35,blue-collar,single,unknown,cellular,jul,4,-1,0,unknown,-0.33,94.147,-37.6,3.245,5247.8,92,no
50,management,married,tertiary,unknown,may,1,-1,0,unknown,1.68,93.103,-42.6,2.79,5132.0,323,no
35,management,married,primary,cellular,nov,2,-1,0,unknown,1.25,93.722,-44.1,4.282,5219.8,518,no
32,management,married,tertiary,unknown,nov,1,-1,0,unknown,-1.97,93.258,-46.9,1.659,5224.2,76,no
35,unemployed,single,secondary,cellular,jul,3,-1,0,unknown,2.19,93.06,-37.9,3.674,5109.7,299,no
46,management,married,secondary,unknown,jun,1,-1,0,unknown,0.09,93.372,-39.3,3.167,5253.3,483,no
24,student,single,secondary,unknown,jun,1,-1,0,unknown,-0.23,94.449,-43.1,1.779,5201.1,283,no
41,entrepreneur,married,primary,unknown,jun,10,-1,0,unknown,-0.1,94.032,-32.3,5.444,5129.5,79,no
48,retired,single,primary,unknown,jun,16,-1,0,unknown,0.11,94.027,-42.3,3.31,5175.4,9,no
60,retired,married,primary,cellular,jan,1,-1,0,unknown,0.07,93.235,-37.5,4.683,5196.9,194,no
32,admin.,single,secondary,cellular,feb,1,-1,0,unknown,1.24,93.248,-40.3,1.621,5191.4,88,no
31,technician,single,tertiary,cellular,feb,1,-1,0,unknown,2.02,92.859,-38.7,4.381,5218.4,39,no
29,management,married,tertiary,unknown,may,1,-1,0,unknown,-0.39,92.42,-44.2,3.379,5154.5,58,no
53,management,divorced,secondary,telephone,dec,1,-1,0,unknown,-1.18,92.883,-37.3,1.646,5122.8,119,yes
37,blue-collar,married,primary,unknown,jun,1,-1,0,unknown,0.93,93.752,-42.9,3.44,5143.6,323,no
49,technician,married,secondary,cellular,aug,4,-1,0,unknown,0.37,94.131,-44.6,5.026,5177.7,90,no
43,self-employed,married,tertiary,cellular,aug,3,-1,0,unknown,-0.04,93.523,-43.8,2.526,5215.0,358,no
48,retired,single,primary,cellular,jul,1,-1,0,unknown,0.68,93.504,-45.2,2.17,5233.3,177,no
29,technician,married,tertiary,cellular,jan,2,-1,0,unknown,-0.69,93.26,-37.8,3.16,5146.6,103,no
28,services,single,secondary,cellular,feb,1,206,2,other,0.07,94.332,-45.8,5.441,5149.9,188,no
42,blue-collar,single,primary,unknown,may,1,-1,0,unknown,2.27,93.982,-39.0,4.435,5161.3,158,no
31,services,married,secondary,telephone,feb,1,274,2,failure,0.32,93.803,-44.2,2.982,5053.1,136,no
37,technician,divorced,secondary,cellular,jul,1,-1,0,unknown,0.98,93.669,-43.3,3.904,5223.2,46,no
27,services,single,secondary,cellular,jul,1,-1,0,unknown,0.84,93.045,-43.6,2.948,5150.3,1027,yes
55,admin.,married,secondary,cellular,apr,1,151,1,failure,-0.62,94.226,-32.3,4.226,5172.0,85,no
47,blue-collar,married,primary,cellular,nov,4,190,1,failure,-0.83,93.522,-44.9,2.554,5187.9,661,no
34,entrepreneur,married,tertiary,cellular,jul,10,-1,0,unknown,0.88,93.927,-40.0,4.057,5194.1,127,no
37,blue-collar,single,secondary,unknown,may,1,-1,0,unknown,1.13,94.286,-38.1,3.959,5245.9,74,no
36,technician,single,secondary,cellular,aug,13,-1,0,unknown,1.64,94.175,-40.4,3.247,5182.0,8,no
41,management,single,secondary,telephone,nov,4,-1,0,unknown,1.13,94.51,-45.0,3.46,5193.2,661,no
32,services,married,secondary,cellular,jan,1,-1,0,unknown,0.46,93.495,-42.9,3.273,5122.2,140,no
34,technician,married,secondary,unknown,may,2,-1,0,unknown,0.51,93.464,-35.5,3.91,5175.1,184,no
23,services,single,secondary,cellular,mar,1,92,2,other,1.18,93.013,-31.9,4.107,5092.3,236,yes
46,blue-collar,married,primary,cellular,aug,3,-1,0,unknown,0.3,94.113,-44.1,3.615,5208.5,136,no
41,management,single,tertiary,cellular,aug,1,-1,0,unknown,-0.35,94.096,-40.2,4.235,5153.4,149,no
39,housemaid,married,secondary,telephone,jul,1,-1,0,unknown,-1.4,93.618,-33.4,3.148,5103.8,120,no
69,retired,married,secondary,cellular,jul,3,-1,0,unknown,0.94,94.053,-38.9,3.461,5150.7,967,yes
45,technician,married,secondary,unknown,jun,1,-1,0,unknown,-1.71,95.051,-40.9,4.841,5226.0,442,no
37,management,married,secondary,cellular,aug,15,-1,0,unknown,0.46,94.398,-42.5,3.522,5102.4,246,no
59,retired,married,secondary,cellular,aug,6,-1,0,unknown,0.47,93.914,-39.1,3.27,5169.2,86,no
25,blue-collar,single,secondary,cellular,apr,4,187,6,success,0.94,94.533,-33.7,4.424,5243.7,295,yes
49,management,married,tertiary,cellular,aug,4,-1,0,unknown,-0.03,93.856,-45.5,4.511,5193.3,379,no
38,services,married,primary,cellular,jul,7,-1,0,unknown,0.7,93.505,-44.4,3.513,5103.9,169,no
58,retired,married,secondary,unknown,jun,1,-1,0,unknown,1.04,93.559,-45.8,5.141,5192.4,651,no
39,services,married,secondary,unknown,may,2,-1,0,unknown,1.46,93.922,-49.6,3.823,5191.6,212,no
40,technician,single,secondary,unknown,may,1,-1,0,unknown,0.51,94.414,-40.1,3.176,5213.5,73,no
42,services,married,secondary,cellular,mar,4,-1,0,unknown,0.68,93.791,-43.9,3.685,5209.1,712,yes
30,blue-collar,single,secondary,cellular,jul,2,-1,0,unknown,0.79,93.76,-39.7,2.813,5153.5,86,no
57,blue-collar,married,primary,cellular,aug,2,-1,0,unknown,0.6,92.894,-46.4,4.375,5249.2,1134,yes
31,technician,married,secondary,cellular,jul,3,-1,0,unknown,1.27,93.348,-41.9,3.665,5183.3,266,no
33,admin.,divorced,secondary,cellular,may,2,350,3,failure,-0.47,93.451,-41.6,2.362,5247.4,186,no
32,management,single,tertiary,cellular,aug,6,-1,0,unknown,0.34,94.12,-37.2,3.605,5151.3,203,no
52,services,married,secondary,telephone,nov,2,188,1,failure,-0.3,93.755,-36.3,2.695,5154.4,102,no
36,management,married,tertiary,cellular,feb,2,-1,0,unknown,0.31,94.439,-39.8,4.52,5086.9,280,no
39,admin.,divorced,tertiary,cellular,feb,1,-1,0,unknown,-0.32,93.663,-39.4,1.312,5172.2,327,no
36,unemployed,married,secondary,telephone,feb,6,-1,0,unknown,0.38,93.808,-38.8,3.727,5168.6,18,no
38,technician,married,tertiary,cellular,aug,1,-1,0,unknown,-2.04,94.182,-39.7,2.971,5204.5,220,no
38,blue-collar,married,secondary,unknown,jun,15,-1,0,unknown,0.91,93.711,-49.3,3.463,5201.3,270,no
37,management,divorced,tertiary,unknown,may,3,-1,0,unknown,1.35,93.286,-41.1,4.385,5128.6,564,no
38,technician,married,secondary,cellular,jul,8,-1,0,unknown,-0.07,93.822,-39.3,2.442,5179.9,376,no
34,blue-collar,married,primary,unknown,may,4,-1,0,unknown,1.27,94.132,-42.6,2.154,5264.8,713,no
45,admin.,married,secondary,cellular,may,2,352,2,failure,-0.52,93.613,-43.0,2.752,5265.8,262,no
35,management,divorced,tertiary,cellular,nov,1,-1,0,unknown,-0.08,93.678,-42.9,3.445,5249.0,1554,yes
46,admin.,married,secondary,unknown,may,3,-1,0,unknown,-1.02,92.878,-40.9,4.506,5223.7,646,yes
36,technician,single,secondary,cellular,may,1,370,1,failure,-0.59,93.206,-42.1,4.719,5175.2,134,no
41,management,married,secondary,cellular,jul,3,-1,0,unknown,-1.01,94.565,-39.8,3.06,5280.0,630,no
29,self-employed,married,tertiary,cellular,jul,4,-1,0,unknown,-1.05,93.983,-41.2,3.09,5159.7,73,no
54,management,single,tertiary,cellular,jun,1,-1,0,unknown,0.62,93.665,-51.6,3.546,5171.4,147,no
40,blue-collar,single,primary,cellular,jul,4,-1,0,unknown,-0.92,93.739,-37.6,3.733,5140.8,106,no
47,retired,married,secondary,unknown,jun,1,-1,0,unknown,3.79,93.387,-33.4,3.188,5060.2,529,no
36,technician,single,tertiary,cellular,aug,3,-1,0,unknown,0.61,93.955,-43.8,3.89,5106.3,459,no
40,blue-collar,married,secondary,unknown,may,1,-1,0,unknown,0.05,93.692,-38.1,3.41,5178.8,87,no
66,retired,single,tertiary,cellular,oct,2,-1,0,unknown,-0.52,94.266,-42.0,3.674,5130.5,79,no
53,admin.,married,tertiary,cellular,aug,1,-1,0,unknown,0.66,93.08,-37.2,1.186,5120.2,114,no
32,admin.,divorced,tertiary,cellular,may,3,168,1,failure,1.6,93.782,-39.0,3.73,5109.3,103,no
42,technician,single,secondary,cellular,jul,1,-1,0,unknown,-0.22,93.829,-44.3,3.667,5213.6,177,no
57,retired,married,primary,cellular,aug,2,-1,0,unknown,-0.02,93.392,-44.2,4.287,5193.5,118,no
26,services,married,secondary,unknown,jul,1,-1,0,unknown,0.26,94.107,-42.3,1.64,5185.5,149,no
56,housemaid,divorced,tertiary,unknown,jun,2,-1,0,unknown,0.08,93.661,-41.1,2.155,5178.7,57,no
65,management,married,tertiary,cellular,jan,1,196,1,other,-0.85,94.182,-38.8,4.95,5288.3,131,no
38,services,married,unknown,telephone,nov,2,-1,0,unknown,-0.92,93.596,-43.3,2.92,5143.1,55,no
54,technician,married,secondary,telephone,nov,1,94,8,failure,-0.62,93.843,-44.1,3.398,5210.6,986,no
35,technician,single,secondary,cellular,jan,3,270,40,other,-0.32,92.497,-44.1,2.413,5241.2,502,no
32,services,single,secondary,unknown,may,1,-1,0,unknown,1.62,93.85,-42.2,3.143,5114.0,315,no
39,management,married,tertiary,cellular,aug,6,-1,0,unknown,1.16,94.174,-43.8,4.099,5162.9,714,no
45,unemployed,single,primary,cellular,jul,2,-1,0,unknown,0.01,93.943,-38.6,3.14,5201.0,286,no
27,admin.,single,secondary,cellular,aug,1,442,2,failure,1.25,93.984,-45.3,5.235,5190.0,75,no
42,entrepreneur,married,tertiary,cellular,feb,1,-1,0,unknown,1.28,93.226,-32.7,3.518,5198.4,446,no
50,services,married,secondary,cellular,aug,2,-1,0,unknown,-0.16,93.724,-36.4,2.122,5188.3,203,no
49,technician,married,secondary,cellular,aug,3,410,2,success,-1.29,94.085,-46.0,5.535,5154.7,161,no
45,management,married,unknown,unknown,may,63,-1,0,unknown,2.6,92.755,-37.2,4.009,5286.4,124,no
38,blue-collar,married,secondary,unknown,may,2,-1,0,unknown,-1.21,93.639,-47.3,3.31,5034.9,130,no
58,blue-collar,married,primary,cellular,aug,10,-1,0,unknown,0.67,93.844,-42.5,5.055,5132.0,171,no
33,blue-collar,single,secondary,unknown,jun,25,-1,0,unknown,3.31,94.048,-43.7,3.797,5224.7,27,no
34,management,married,secondary,unknown,may,2,-1,0,unknown,2.47,93.424,-45.6,3.249,5192.6,305,no
24,admin.,single,secondary,cellular,jul,1,-1,0,unknown,-0.27,94.494,-36.6,3.266,5229.2,338,no
38,services,married,secondary,unknown,may,2,-1,0,unknown,-0.5,93.916,-41.6,3.91,5107.3,408,no
35,blue-collar,married,secondary,cellular,nov,1,-1,0,unknown,-1.09,93.362,-39.2,3.622,5206.7,113,no
29,admin.,married,secondary,cellular,jul,4,-1,0,unknown,-1.69,93.487,-47.1,6.098,5291.3,384,no
59,management,married,tertiary,cellular,jul,6,-1,0,unknown,0.67,93.46,-39.2,3.942,5227.0,70,no
51,blue-collar,married,primary,unknown,may,1,-1,0,unknown,0.67,93.52,-45.1,3.737,5202.0,47,no
59,retired,married,secondary,cellular,apr,2,-1,0,unknown,0.32,93.93,-43.7,1.965,5172.9,645,no
48,blue-collar,married,secondary,cellular,aug,2,-1,0,unknown,-0.21,92.466,-37.3,4.255,5184.8,127,no
31,management,single,tertiary,cellular,aug,6,-1,0,unknown,2.61,94.949,-39.3,3.392,5132.7,120,no
55,admin.,married,secondary,cellular,jul,1,82,2,failure,-0.55,93.293,-40.2,3.099,5181.0,105,no
54,management,married,tertiary,cellular,aug,9,-1,0,unknown,0.88,93.545,-40.6,2.856,5231.8,240,no
30,technician,single,secondary,unknown,may,1,-1,0,unknown,-1.44,93.609,-43.1,2.198,5099.3,108,no
37,admin.,single,secondary,cellular,may,2,289,5,failure,-0.04,93.558,-40.1,3.862,5189.1,28,no
41,blue-collar,married,primary,cellular,may,1,-1,0,unknown,0.28,93.783,-36.9,3.079,5136.2,102,no
53,housemaid,married,primary,unknown,jun,3,-1,0,unknown,0.53,94.114,-42.2,3.128,5189.9,155,no
58,admin.,married,secondary,telephone,nov,3,-1,0,unknown,-0.36,93.194,-43.3,2.844,5103.2,214,no
61,retired,divorced,secondary,cellular,may,3,-1,0,unknown,0.57,94.197,-45.4,3.576,5254.1,272,no
52,blue-collar,single,unknown,cellular,feb,2,-1,0,unknown,-0.72,93.678,-43.4,3.815,5219.4,168,no
58,technician,married,unknown,cellular,feb,4,274,2,failure,0.68,93.672,-39.0,3.935,5224.4,109,no
75,retired,divorced,secondary,telephone,oct,1,431,2,failure,-0.52,94.463,-36.7,4.786,5129.2,250,no
77,retired,married,primary,telephone,sep,1,208,2,other,-1.05,93.398,-40.9,4.187,5191.4,663,no
49,services,divorced,secondary,unknown,may,1,-1,0,unknown,1.44,93.844,-47.6,3.586,5237.3,150,no
35,blue-collar,married,primary,unknown,may,3,-1,0,unknown,1.35,94.181,-39.0,3.983,5247.9,282,no
43,management,married,tertiary,cellular,aug,8,-1,0,unknown,0.73,93.113,-35.4,3.918,5149.4,63,no
31,technician,single,secondary,cellular,aug,3,-1,0,unknown,0.2,93.797,-48.4,2.442,5106.4,709,no
25,management,single,unknown,unknown,may,2,-1,0,unknown,0.85,93.336,-35.1,3.119,5121.6,65,no
69,housemaid,married,primary,cellular,aug,2,118,2,failure,2.82,94.067,-35.8,3.493,5191.0,197,no
29,student,single,secondary,cellular,jul,1,-1,0,unknown,0.11,94.229,-39.1,4.976,5103.0,180,no
46,blue-collar,married,primary,cellular,jul,1,-1,0,unknown,0.18,94.237,-34.4,3.745,5097.1,407,no
35,management,married,secondary,cellular,jul,2,415,1,failure,-0.66,94.326,-43.2,3.65,5087.6,287,yes
41,management,married,tertiary,unknown,may,1,-1,0,unknown,0.64,93.755,-35.7,3.367,5213.5,161,no
35,blue-collar,married,secondary,cellular,apr,2,-1,0,unknown,-1.23,93.271,-29.5,4.018,5205.8,738,no
40,technician,single,primary,unknown,may,1,-1,0,unknown,-0.74,94.519,-46.3,2.98,5152.8,146,no
39,admin.,married,unknown,unknown,jun,5,-1,0,unknown,0.25,93.681,-34.5,4.365,5103.7,17,no
72,retired,married,secondary,telephone,apr,3,-1,0,unknown,0.59,93.657,-35.6,3.028,5209.4,122,no
41,technician,married,secondary,unknown,may,1,-1,0,unknown,0.51,93.743,-41.6,3.57,5141.9,204,no
30,technician,divorced,tertiary,unknown,may,2,-1,0,unknown,-0.15,93.801,-42.1,2.001,5195.4,381,no
30,blue-collar,single,secondary,cellular,jul,2,-1,0,unknown,0.74,93.489,-38.0,3.457,5188.1,768,no
32,services,single,secondary,unknown,jun,5,-1,0,unknown,0.96,93.344,-35.7,4.36,5142.8,85,no
33,technician,single,secondary,cellular,aug,12,-1,0,unknown,-0.2,93.383,-45.9,3.006,5165.1,196,no
27,services,single,secondary,cellular,feb,3,-1,0,unknown,0.58,93.84,-39.5,4.121,5263.2,416,yes
49,technician,divorced,secondary,unknown,jun,1,-1,0,unknown,0.32,92.993,-41.6,1.361,5167.2,68,no
51,management,single,tertiary,cellular,nov,3,-1,0,unknown,0.14,93.236,-46.9,4.175,5153.7,168,no
60,blue-collar,married,primary,unknown,may,2,-1,0,unknown,0.33,92.955,-41.5,4.142,5089.2,43,no
34,admin.,single,secondary,cellular,nov,1,174,2,failure,0.19,93.082,-41.7,2.678,5155.1,214,no
56,retired,divorced,secondary,telephone,jul,1,-1,0,unknown,0.19,93.607,-30.7,0.994,5106.7,27,no
33,unemployed,married,tertiary,cellular,jun,1,301,6,failure,0.34,93.175,-45.7,2.594,5112.9,92,no
27,services,single,secondary,cellular,may,1,309,9,failure,0.53,93.261,-42.5,3.434,5251.3,276,no
43,blue-collar,married,secondary,unknown,may,2,-1,0,unknown,0.36,93.015,-44.9,3.928,5190.1,160,no
55,management,married,tertiary,cellular,nov,4,-1,0,unknown,0.56,94.024,-38.9,3.009,5216.6,277,no
28,technician,single,tertiary,unknown,may,3,-1,0,unknown,-1.69,93.464,-37.0,3.186,5277.1,167,no
48,blue-collar,married,secondary,unknown,may,1,-1,0,unknown,0.35,93.423,-46.1,3.592,5215.4,144,no
32,management,married,tertiary,cellular,jul,3,-1,0,unknown,0.49,94.184,-37.1,2.782,5139.0,738,no
40,management,married,primary,unknown,jun,7,-1,0,unknown,0.31,93.707,-41.6,4.212,5103.3,94,no
29,management,single,tertiary,cellular,mar,2,-1,0,unknown,-0.83,93.788,-42.0,3.408,5246.7,265,no
31,self-employed,married,tertiary,cellular,jan,1,-1,0,unknown,2.83,93.399,-42.9,2.867,5186.3,184,no
23,student,single,secondary,cellular,may,2,184,9,failure,-1.04,94.06,-42.2,3.725,5099.3,538,yes
55,retired,married,secondary,cellular,aug,2,-1,0,unknown,-0.42,94.314,-50.9,2.743,5162.6,417,no
31,blue-collar,married,secondary,unknown,jun,1,-1,0,unknown,-0.19,94.754,-33.3,1.224,5246.4,527,no
41,blue-collar,married,secondary,unknown,may,8,-1,0,unknown,0.15,93.177,-47.9,3.462,5152.1,75,no
37,admin.,married,secondary,unknown,may,2,-1,0,unknown,-0.34,93.802,-49.9,3.569,5160.4,279,no
45,blue-collar,married,unknown,unknown,jun,1,-1,0,unknown,1.93,92.409,-31.0,5.087,5181.1,420,no
34,unemployed,single,tertiary,unknown,may,3,-1,0,unknown,0.65,93.676,-47.1,2.847,5229.2,101,no
38,technician,married,secondary,cellular,aug,10,-1,0,unknown,-0.07,93.974,-34.1,3.088,5230.9,176,no
25,blue-collar,single,unknown,cellular,apr,1,317,12,failure,-1.89,93.885,-40.1,4.405,5178.4,493,no
42,technician,divorced,tertiary,cellular,jun,1,389,3,failure,0.85,93.716,-45.4,3.194,5171.4,300,yes
38,management,divorced,tertiary,cellular,may,4,-1,0,unknown,0.32,93.634,-42.6,0.895,5192.5,922,yes
54,retired,married,primary,cellular,jul,2,-1,0,unknown,-0.41,93.648,-49.1,3.018,5184.5,159,no
45,entrepreneur,married,secondary,cellular,nov,2,126,2,failure,1.33,93.942,-37.4,3.617,5232.1,652,yes
37,management,married,primary,telephone,jan,1,-1,0,unknown,-1.18,94.435,-43.1,3.768,5139.9,46,no
39,management,married,secondary,unknown,jun,5,-1,0,unknown,0.13,93.082,-39.0,3.773,5181.1,303,no
52,technician,married,unknown,cellular,aug,1,-1,0,unknown,-1.2,92.892,-40.5,0.743,5012.2,88,no
32,management,single,tertiary,unknown,may,7,-1,0,unknown,-0.5,94.07,-42.5,1.716,5204.7,151,no
38,technician,divorced,secondary,cellular,apr,1,-1,0,unknown,-1.18,93.429,-41.0,4.105,5156.8,867,no
43,services,divorced,secondary,unknown,may,1,-1,0,unknown,0.46,94.952,-35.9,2.133,5127.6,132,no
48,blue-collar,married,primary,unknown,jun,6,-1,0,unknown,1.69,93.264,-36.4,3.447,5246.2,257,no
61,management,married,secondary,cellular,aug,2,-1,0,unknown,0.51,92.628,-42.2,3.14,5113.7,331,no
25,technician,single,secondary,cellular,aug,1,-1,0,unknown,1.94,94.138,-48.2,3.175,5247.9,121,no
55,retired,married,secondary,telephone,may,2,360,6,other,0.88,94.158,-36.8,4.834,5203.4,79,no
28,housemaid,single,tertiary,cellular,feb,2,-1,0,unknown,0.4,92.996,-37.2,3.508,5191.0,135,no
49,blue-collar,married,secondary,telephone,feb,6,-1,0,unknown,0.53,93.161,-41.7,5.391,5093.1,260,no
31,technician,married,secondary,unknown,may,1,-1,0,unknown,-0.49,93.602,-42.4,3.625,5139.8,247,no
32,technician,married,secondary,cellular,aug,10,-1,0,unknown,3.32,94.223,-48.1,4.294,5129.8,56,no
31,services,single,secondary,unknown,may,1,-1,0,unknown,-0.13,94.689,-39.4,3.328,5181.9,157,no
34,admin.,single,secondary,cellular,dec,3,200,6,success,-0.41,93.786,-43.4,2.187,5228.8,94,no
60,retired,divorced,secondary,cellular,may,2,-1,0,unknown,0.87,93.511,-45.2,2.853,5127.9,655,yes
31,blue-collar,married,secondary,cellular,may,2,267,1,failure,-1.07,94.178,-45.2,4.52,5146.4,228,yes
26,blue-collar,single,secondary,cellular,jan,2,258,2,failure,-0.51,94.463,-36.2,4.006,5176.9,148,no
57,services,divorced,secondary,cellular,jul,2,-1,0,unknown,1.68,93.991,-40.4,4.404,5190.1,445,no
37,entrepreneur,married,tertiary,unknown,jun,7,-1,0,unknown,0.74,93.678,-42.0,4.163,5160.4,42,no
46,management,married,tertiary,unknown,jun,1,-1,0,unknown,-1.3,93.551,-43.9,3.911,5126.1,127,no
42,technician,married,secondary,cellular,nov,3,93,6,success,-0.89,93.389,-47.9,3.019,5147.3,227,yes
56,services,divorced,tertiary,unknown,may,5,-1,0,unknown,1.83,93.793,-43.9,4.874,5135.7,263,no
50,services,married,secondary,cellular,jul,4,-1,0,unknown,-1.14,93.403,-44.5,2.019,5221.4,59,no
27,technician,married,secondary,unknown,feb,1,-1,0,unknown,-0.48,94.053,-42.1,4.978,5058.7,889,no
60,management,married,primary,cellular,jan,2,-1,0,unknown,2.1,94.284,-32.3,4.559,5147.2,374,no
52,management,married,tertiary,telephone,feb,1,-1,0,unknown,0.44,93.449,-34.2,2.895,5102.1,48,no
34,services,single,secondary,cellular,jul,5,-1,0,unknown,0.02,93.622,-46.9,3.78,5192.7,56,no
31,management,single,tertiary,cellular,jan,3,256,51,failure,1.92,93.513,-47.6,3.932,5090.9,68,no
33,technician,married,secondary,cellular,aug,3,-1,0,unknown,0.21,93.491,-35.3,3.046,5207.6,419,no
41,technician,married,secondary,cellular,nov,2,-1,0,unknown,2.98,93.314,-39.1,2.907,5206.8,401,no
69,retired,divorced,secondary,cellular,oct,4,96,2,success,1.56,93.729,-36.1,4.773,5167.1,138,no
51,technician,married,secondary,cellular,jul,6,-1,0,unknown,1.52,94.371,-41.0,3.523,5174.5,179,no
39,admin.,married,secondary,cellular,jul,11,-1,0,unknown,2.62,93.454,-46.6,4.977,5169.8,13,no
26,management,married,tertiary,cellular,jul,1,-1,0,unknown,-0.95,93.612,-41.6,3.204,5244.9,522,no
42,self-employed,married,tertiary,unknown,jun,1,-1,0,unknown,1.49,93.476,-39.2,4.134,5140.5,322,no
53,services,married,tertiary,cellular,aug,2,-1,0,unknown,0.92,93.691,-33.7,3.233,5165.8,133,no
43,blue-collar,married,primary,unknown,may,8,-1,0,unknown,1.09,94.186,-42.5,2.585,5102.8,90,no
36,technician,married,tertiary,cellular,may,2,21,3,failure,2.09,94.101,-41.7,2.406,5269.4,117,yes
30,admin.,divorced,secondary,cellular,jul,2,-1,0,unknown,1.05,94.303,-33.3,3.616,5205.0,658,yes
32,services,married,secondary,unknown,may,1,-1,0,unknown,1.05,93.686,-35.8,4.201,5120.4,144,no
29,technician,married,secondary,cellular,apr,1,-1,0,unknown,-0.9,92.85,-40.4,2.337,5123.2,88,no
30,management,divorced,tertiary,cellular,may,1,-1,0,unknown,0.85,93.482,-39.8,3.701,5213.6,686,no
33,management,married,tertiary,cellular,aug,4,-1,0,unknown,2.03,93.696,-40.2,3.147,5230.0,181,no
47,self-employed,married,tertiary,cellular,jul,14,-1,0,unknown,-2.15,93.318,-46.1,2.276,5148.4,408,no
33,unemployed,married,tertiary,cellular,apr,1,-1,0,unknown,0.71,94.229,-43.1,2.474,5108.1,670,no
32,unemployed,single,tertiary,unknown,may,1,-1,0,unknown,1.33,93.86,-44.7,1.008,5162.5,139,no
25,blue-collar,single,secondary,cellular,jul,4,-1,0,unknown,0.93,93.866,-38.8,2.229,5081.2,172,no
32,services,single,secondary,cellular,nov,1,-1,0,unknown,0.86,94.662,-41.4,2.304,5191.2,150,no
30,technician,single,secondary,cellular,may,1,303,1,failure,2.13,92.822,-36.9,3.377,5155.9,362,no
49,technician,divorced,secondary,unknown,jun,1,-1,0,unknown,0.7,93.951,-44.2,3.635,5143.4,253,no
58,entrepreneur,married,primary,unknown,jun,2,-1,0,unknown,-0.47,93.926,-40.1,2.822,5079.4,172,no
44,blue-collar,married,primary,unknown,feb,1,-1,0,unknown,-0.55,94.176,-37.7,3.674,5217.0,66,no
31,management,married,tertiary,cellular,feb,2,238,7,other,-0.58,93.916,-42.1,2.752,5055.4,572,yes
31,management,divorced,tertiary,cellular,mar,2,106,1,failure,1.04,93.984,-31.0,4.583,5144.7,112,yes
27,blue-collar,married,primary,cellular,jul,1,-1,0,unknown,-1.32,92.897,-43.6,4.078,5116.7,41,no
46,technician,married,tertiary,unknown,may,3,-1,0,unknown,-0.59,93.668,-41.9,4.325,5139.2,243,no
32,admin.,single,secondary,unknown,may,12,-1,0,unknown,-0.44,94.217,-42.2,2.47,5127.3,255,no
39,management,married,secondary,cellular,aug,3,-1,0,unknown,-0.05,92.658,-37.1,5.077,5219.6,63,no
34,management,single,tertiary,cellular,aug,22,-1,0,unknown,3.25,93.804,-45.5,3.697,5195.8,108,no
33,technician,married,secondary,unknown,may,3,-1,0,unknown,0.96,92.825,-50.3,2.6,5094.4,42,no
47,technician,single,secondary,cellular,jul,3,-1,0,unknown,-0.77,93.985,-42.6,4.754,5189.7,973,yes
27,student,single,secondary,unknown,may,2,-1,0,unknown,1.06,94.033,-40.1,1.773,5142.5,93,no
47,admin.,single,secondary,telephone,may,3,334,3,other,3.69,93.782,-36.5,2.465,5087.5,58,no
42,housemaid,married,primary,cellular,feb,1,198,1,failure,0.52,93.801,-36.9,3.798,5197.7,97,no
33,management,married,tertiary,unknown,may,2,-1,0,unknown,-0.34,93.613,-43.1,3.611,5105.6,418,no
52,blue-collar,married,secondary,unknown,may,7,-1,0,unknown,-2.0,92.33,-36.6,2.879,5240.4,40,no
48,management,married,tertiary,unknown,jun,5,-1,0,unknown,0.56,93.956,-34.5,3.157,5138.4,300,no
35,technician,divorced,secondary,cellular,may,1,-1,0,unknown,0.47,93.915,-42.6,4.71,5203.5,954,yes
50,management,married,tertiary,cellular,sep,1,92,4,success,0.89,92.28,-43.9,3.234,5213.4,188,no
55,blue-collar,married,primary,cellular,jul,1,-1,0,unknown,0.55,93.884,-38.4,3.316,5163.1,115,no
35,unemployed,single,secondary,cellular,jul,3,-1,0,unknown,-0.2,93.434,-42.2,3.742,5227.8,740,no
26,unemployed,single,tertiary,cellular,feb,3,-1,0,unknown,-0.4,94.305,-41.4,2.758,5082.7,123,no
29,blue-collar,married,secondary,cellular,jul,1,-1,0,unknown,1.05,94.524,-41.4,4.136,5130.9,627,yes
38,admin.,married,tertiary,cellular,jul,2,-1,0,unknown,-0.95,93.691,-43.9,3.724,5208.2,129,no
34,management,married,tertiary,cellular,sep,5,92,6,success,2.48,94.135,-41.4,1.618,5129.2,164,yes
35,services,married,tertiary,cellular,nov,2,-1,0,unknown,0.95,93.891,-42.4,2.933,5184.8,111,no
35,management,married,secondary,cellular,aug,2,-1,0,unknown,-0.04,94.206,-43.3,5.076,5118.7,92,no
32,technician,single,secondary,cellular,aug,2,-1,0,unknown,1.99,94.13,-43.0,3.268,5185.8,105,no
36,management,married,tertiary,cellular,apr,2,-1,0,unknown,0.41,93.826,-44.5,2.583,5222.6,214,no
39,blue-collar,married,primary,unknown,jun,2,-1,0,unknown,0.61,93.768,-42.7,1.696,5170.7,337,no
39,blue-collar,married,primary,cellular,may,1,-1,0,unknown,1.13,94.616,-36.2,4.93,5118.7,290,no
45,unemployed,divorced,secondary,cellular,may,2,169,1,failure,1.39,93.704,-39.9,2.987,5113.2,156,no
53,technician,married,secondary,cellular,jan,1,-1,0,unknown,3.76,93.832,-40.7,3.32,5165.5,558,no
31,services,married,secondary,cellular,nov,2,-1,0,unknown,-1.08,93.399,-41.2,2.642,5285.7,214,no
39,blue-collar,married,secondary,cellular,nov,2,-1,0,unknown,-1.0,93.834,-44.2,4.345,5134.8,63,no
31,technician,single,secondary,cellular,jan,2,160,2,other,1.25,93.155,-40.7,3.72,5162.5,293,no
31,admin.,single,secondary,cellular,nov,1,-1,0,unknown,-0.83,94.408,-42.4,3.135,5225.8,234,yes
44,admin.,married,primary,unknown,may,1,-1,0,unknown,-1.11,93.414,-42.1,6.075,5097.1,234,no
27,admin.,single,secondary,unknown,may,2,-1,0,unknown,0.47,93.626,-44.5,2.755,5261.0,311,no
26,blue-collar,single,secondary,cellular,may,1,364,2,other,1.69,93.087,-42.1,4.325,5277.1,16,no
32,blue-collar,married,primary,unknown,may,4,-1,0,unknown,3.26,93.686,-45.4,5.125,5207.1,84,no
54,technician,single,tertiary,unknown,jun,20,-1,0,unknown,-0.21,94.024,-46.0,2.34,5214.5,18,no
59,housemaid,married,primary,telephone,jul,2,-1,0,unknown,0.14,94.343,-32.0,4.302,5135.8,67,no
40,technician,married,secondary,cellular,jul,3,-1,0,unknown,0.1,93.341,-37.2,2.388,5198.0,175,no
28,management,married,secondary,cellular,may,2,-1,0,unknown,0.38,93.135,-44.4,3.474,5243.7,123,no
53,admin.,married,secondary,cellular,nov,1,-1,0,unknown,2.13,93.012,-36.5,4.139,5141.8,85,no
32,management,married,primary,unknown,may,1,-1,0,unknown,0.68,93.598,-40.4,4.352,5130.7,101,no
32,management,married,tertiary,cellular,aug,4,-1,0,unknown,1.11,94.516,-42.2,2.822,5256.1,67,no
38,entrepreneur,married,tertiary,cellular,jul,2,-1,0,unknown,0.08,94.013,-41.9,3.315,5060.5,532,yes
36,management,married,tertiary,cellular,aug,3,-1,0,unknown,0.08,94.24,-39.5,4.132,5142.7,243,no
60,admin.,married,unknown,unknown,may,1,-1,0,unknown,-0.57,94.778,-43.3,2.385,5173.6,140,no
34,blue-collar,married,secondary,unknown,may,1,-1,0,unknown,1.17,93.58,-40.6,4.027,5218.8,266,no
50,admin.,married,secondary,cellular,may,1,369,2,failure,3.0,92.673,-38.1,2.573,5290.6,124,no
36,blue-collar,married,secondary,cellular,may,2,-1,0,unknown,-0.08,92.854,-46.4,4.701,5142.6,777,no
30,technician,single,tertiary,cellular,apr,1,-1,0,unknown,-2.13,93.418,-41.2,3.078,5198.2,308,no
41,management,married,tertiary,cellular,jul,8,-1,0,unknown,-1.95,92.798,-38.9,4.194,5220.5,81,no
46,blue-collar,married,primary,cellular,nov,1,-1,0,unknown,2.85,93.604,-41.0,3.884,5262.2,332,no
25,management,single,tertiary,cellular,sep,1,-1,0,unknown,0.78,93.311,-47.2,3.588,5167.0,274,no
32,blue-collar,married,secondary,unknown,may,3,-1,0,unknown,-0.87,94.276,-42.6,3.037,5168.4,246,no
60,technician,married,secondary,telephone,feb,4,-1,0,unknown,0.42,93.294,-33.2,3.148,5209.9,172,no
30,technician,single,secondary,cellular,may,2,354,1,failure,1.96,93.628,-34.0,2.397,5266.7,199,no
29,technician,single,secondary,unknown,jun,2,-1,0,unknown,0.47,93.949,-40.1,2.804,5229.4,312,no
51,self-employed,divorced,secondary,unknown,jun,2,-1,0,unknown,0.4,93.033,-44.2,3.66,5160.6,51,no
42,entrepreneur,divorced,secondary,cellular,may,1,-1,0,unknown,-0.53,93.869,-39.1,3.981,5227.0,580,yes
36,management,married,secondary,cellular,aug,2,-1,0,unknown,-0.16,93.312,-43.9,3.097,5099.7,250,no
58,retired,married,primary,unknown,may,1,-1,0,unknown,0.21,93.543,-45.2,2.443,5109.9,144,no
42,blue-collar,married,secondary,unknown,jun,6,-1,0,unknown,-0.23,94.234,-36.1,3.25,5078.1,10,no
28,student,married,secondary,cellular,may,3,-1,0,unknown,1.96,94.003,-45.2,3.1,5187.4,171,no
45,blue-collar,married,secondary,unknown,oct,1,-1,0,unknown,1.39,93.885,-42.9,3.485,5212.5,676,yes
37,technician,single,tertiary,unknown,jul,2,-1,0,unknown,-0.55,94.701,-40.1,4.456,5214.5,30,no
60,retired,divorced,secondary,cellular,jul,10,-1,0,unknown,-0.85,93.65,-42.1,3.286,5164.8,112,no
48,admin.,divorced,unknown,unknown,may,1,-1,0,unknown,-0.5,94.182,-39.1,4.15,5175.0,280,no
55,retired,married,secondary,cellular,jan,1,-1,0,unknown,1.95,93.686,-36.5,2.787,5056.1,636,no
46,technician,married,secondary,cellular,jul,1,276,2,other,-0.96,93.668,-40.1,3.378,5089.7,1148,yes
42,technician,married,tertiary,unknown,may,2,-1,0,unknown,1.81,93.487,-41.5,2.769,5228.7,162,no
38,admin.,married,secondary,unknown,jun,1,-1,0,unknown,2.01,93.858,-41.3,4.355,5221.9,214,no
35,admin.,married,secondary,unknown,may,1,-1,0,unknown,0.69,93.576,-43.1,4.337,5235.9,223,no
49,technician,married,secondary,cellular,aug,4,-1,0,unknown,0.58,93.684,-39.9,1.867,5260.2,513,no
34,blue-collar,married,primary,cellular,may,2,-1,0,unknown,-1.0,94.308,-45.3,2.891,5193.9,481,no
46,technician,married,primary,cellular,feb,2,268,1,failure,0.74,93.773,-40.9,3.045,5258.2,80,no
51,technician,single,tertiary,cellular,nov,2,171,7,failure,-0.13,94.147,-39.5,2.542,5146.5,126,no
39,technician,married,secondary,cellular,feb,1,241,1,failure,0.15,94.659,-41.1,3.36,5155.8,221,no
45,services,married,secondary,cellular,jul,8,-1,0,unknown,0.01,93.675,-43.5,4.761,5185.7,95,no
