user_id,day,variant,device,traffic_source,age,session_minutes,pages_viewed,prior_visits_30d,discount_pct,is_weekend,converted,order_value
15,1,B,desktop,social,26,2.02,5,3,0,0,0,0.0
18,1,B,desktop,social,33,4.71,13,2,0,0,0,0.0
30,1,A,desktop,direct,41,3.85,9,2,10,0,0,0.0
33,1,B,mobile,ads,32,3.09,7,5,10,0,0,0.0
42,1,A,mobile,ads,38,3.48,6,2,5,0,0,0.0
60,1,A,mobile,ads,19,3.45,13,4,10,0,0,0.0
87,1,B,desktop,direct,22,2.95,7,2,0,0,0,0.0
188,1,A,mobile,direct,29,6.96,9,3,0,0,0,0.0
329,1,B,mobile,direct,45,2.31,5,2,5,0,0,0.0
334,1,A,desktop,ads,31,2.45,7,3,0,0,0,0.0
438,1,A,desktop,ads,16,4.75,5,3,0,0,1,72.45
451,1,B,desktop,search,29,5.48,8,2,5,0,0,0.0
467,1,A,mobile,search,42,3.34,7,2,10,0,0,0.0
470,1,A,desktop,ads,27,4.01,7,4,0,0,0,0.0
510,1,A,mobile,direct,34,1.93,4,2,5,0,0,0.0
626,1,B,mobile,ads,37,3.38,6,5,5,0,0,0.0
645,1,A,mobile,direct,32,2.75,7,5,10,0,0,0.0
649,1,B,mobile,search,34,2.11,11,2,0,0,1,94.48
657,1,A,mobile,direct,38,3.07,2,8,10,0,0,0.0
667,1,B,mobile,social,19,1.83,8,3,5,0,0,0.0
682,1,B,mobile,search,29,2.55,5,6,5,0,0,0.0
714,1,A,mobile,ads,34,3.75,5,0,0,0,0,0.0
750,1,A,mobile,social,34,5.5,8,0,0,0,0,0.0
845,1,A,mobile,social,43,3.1,8,5,0,0,0,0.0
846,1,A,desktop,search,43,4.65,4,3,0,0,0,0.0
850,1,B,mobile,ads,25,1.69,3,4,0,0,0,0.0
866,1,A,mobile,ads,33,3.9,5,7,10,0,0,0.0
908,1,A,mobile,search,23,3.05,5,1,0,0,0,0.0
956,1,B,desktop,social,16,4.62,6,3,5,0,1,76.19
1007,1,B,mobile,direct,48,2.85,6,4,5,0,0,0.0
1055,1,A,desktop,social,35,4.05,8,3,5,0,0,0.0
1060,1,B,mobile,social,25,3.03,5,0,15,0,0,0.0
1081,1,B,desktop,direct,36,2.68,10,3,0,0,0,0.0
1085,1,A,desktop,direct,33,3.42,9,6,0,0,0,0.0
1107,1,B,mobile,social,16,4.02,4,3,0,0,0,0.0
1154,1,B,mobile,direct,31,6.62,6,2,0,0,0,0.0
1156,1,B,desktop,direct,38,3.71,4,2,0,0,1,74.57
1170,1,A,desktop,search,21,5.81,7,4,5,0,0,0.0
1226,1,A,desktop,ads,33,5.89,5,3,5,0,0,0.0
1260,1,B,mobile,ads,39,2.43,8,4,5,0,0,0.0
1262,1,B,mobile,ads,31,2.1,9,4,0,0,0,0.0
1341,1,A,mobile,ads,19,3.01,8,7,0,0,0,0.0
1353,1,B,desktop,direct,40,0.8,4,3,0,0,0,0.0
1430,1,B,mobile,ads,26,6.36,7,3,15,0,0,0.0
1486,1,A,desktop,search,32,4.73,8,1,0,0,0,0.0
1516,1,A,desktop,search,40,3.93,6,2,5,0,0,0.0
1519,1,B,mobile,search,27,5.48,8,5,10,0,0,0.0
1533,1,A,mobile,ads,24,3.39,6,2,15,0,0,0.0
1566,1,A,desktop,social,48,1.97,4,2,5,0,0,0.0
1575,1,B,mobile,search,37,5.12,6,2,5,0,0,0.0
1705,1,A,mobile,search,37,3.84,9,5,0,0,0,0.0
1710,1,B,desktop,direct,18,5.11,5,2,0,0,1,65.98
1724,1,B,mobile,ads,28,3.7,6,2,5,0,0,0.0
1727,1,B,mobile,search,32,4.83,6,2,10,0,0,0.0
1757,1,A,mobile,ads,42,4.54,5,2,5,0,1,55.51
1779,1,B,desktop,search,34,3.95,7,5,5,0,0,0.0
1946,1,A,desktop,direct,37,6.12,3,4,0,0,1,82.83
1987,1,A,desktop,search,26,3.67,3,4,5,0,0,0.0
1992,1,B,desktop,search,23,2.26,5,5,0,0,0,0.0
2039,1,B,mobile,social,31,5.41,13,2,0,0,1,63.67
2085,1,B,mobile,social,29,3.18,4,3,0,0,0,0.0
2152,1,B,desktop,direct,32,6.18,5,1,0,0,0,0.0
2190,1,B,desktop,search,39,3.79,5,2,15,0,0,0.0
2323,1,B,mobile,social,20,6.89,6,3,0,0,1,147.71
2359,1,B,desktop,ads,28,5.09,5,1,0,0,0,0.0
2383,1,A,desktop,social,30,3.63,9,3,0,0,0,0.0
2401,1,B,desktop,ads,35,2.84,8,2,5,0,0,0.0
2408,1,B,desktop,search,18,3.52,5,4,10,0,0,0.0
2421,1,A,desktop,direct,43,3.18,11,8,0,0,0,0.0
2427,1,A,mobile,social,20,1.46,7,3,10,0,0,0.0
2440,1,A,mobile,ads,26,4.52,8,3,10,0,0,0.0
2596,1,B,mobile,search,45,2.85,7,4,10,0,0,0.0
2668,1,A,desktop,ads,38,4.39,10,1,0,0,0,0.0
2744,1,B,mobile,ads,38,2.99,5,2,5,0,0,0.0
2762,1,A,mobile,ads,24,4.3,6,3,0,0,1,55.6
2797,1,A,mobile,search,21,5.43,6,1,0,0,0,0.0
2847,1,A,desktop,ads,41,4.19,4,1,5,0,0,0.0
2878,1,A,desktop,ads,16,4.29,6,2,0,0,0,0.0
2895,1,B,mobile,search,35,2.18,7,6,5,0,1,95.87
2962,1,A,mobile,search,23,3.67,5,4,0,0,1,56.27
3036,1,B,desktop,social,40,2.42,5,4,0,0,0,0.0
3037,1,B,desktop,search,16,6.15,8,2,10,0,1,37.16
3081,1,A,mobile,ads,16,3.88,5,3,10,0,0,0.0
3118,1,B,desktop,search,23,2.89,8,3,0,0,0,0.0
3179,1,A,mobile,social,31,2.23,6,3,15,0,1,69.29
3217,1,A,mobile,direct,25,0.99,7,6,5,0,1,121.55
3230,1,B,mobile,ads,46,2.28,5,4,5,0,1,54.66
3249,1,B,mobile,ads,35,4.91,6,4,10,0,1,129.81
3266,1,A,desktop,social,35,4.17,4,5,0,0,0,0.0
3318,1,B,mobile,ads,32,4.64,8,5,0,0,0,0.0
3331,1,A,desktop,search,27,3.41,4,3,0,0,0,0.0
3339,1,A,mobile,ads,27,3.99,9,4,10,0,0,0.0
3356,1,A,desktop,direct,25,2.98,6,4,0,0,0,0.0
3362,1,A,desktop,direct,30,2.67,5,5,0,0,0,0.0
3368,1,B,desktop,ads,42,6.12,3,2,0,0,0,0.0
3444,1,A,mobile,direct,33,3.63,9,3,5,0,0,0.0
3463,1,A,mobile,ads,28,3.94,5,0,5,0,0,0.0
3483,1,A,desktop,ads,25,0.4,4,2,5,0,1,83.54
3542,1,A,mobile,search,39,4.81,4,7,5,0,0,0.0
3545,1,A,mobile,search,33,7.12,10,0,5,0,0,0.0
3562,1,A,mobile,search,21,2.33,5,2,0,0,0,0.0
3575,1,A,mobile,ads,22,3.8,5,4,10,0,0,0.0
66,2,B,mobile,ads,44,5.19,10,4,5,0,1,136.85
71,2,A,desktop,search,40,2.8,7,2,5,0,0,0.0
140,2,B,desktop,social,41,1.42,4,1,5,0,1,52.82
151,2,A,desktop,social,30,3.92,5,5,10,0,1,76.09
166,2,A,mobile,direct,30,5.15,7,5,0,0,1,32.73
209,2,B,desktop,search,35,7.15,5,2,10,0,1,94.17
213,2,B,mobile,search,33,0.45,8,2,0,0,0,0.0
219,2,A,mobile,ads,39,3.97,8,5,0,0,0,0.0
229,2,B,mobile,search,37,4.28,8,4,0,0,0,0.0
254,2,B,mobile,ads,29,4.76,7,2,10,0,0,0.0
287,2,A,mobile,search,33,2.34,9,0,5,0,0,0.0
313,2,B,mobile,direct,22,4.4,7,4,5,0,0,0.0
408,2,A,mobile,ads,38,3.44,6,1,0,0,0,0.0
508,2,B,mobile,search,39,6.1,7,2,0,0,0,0.0
570,2,A,desktop,social,29,2.8,5,3,5,0,0,0.0
628,2,A,desktop,ads,25,6.28,7,4,0,0,0,0.0
656,2,B,mobile,ads,34,4.81,6,3,5,0,0,0.0
699,2,A,desktop,ads,35,2.01,6,5,0,0,0,0.0
715,2,A,mobile,search,28,4.03,6,5,10,0,1,18.09
767,2,A,mobile,search,32,4.49,5,5,0,0,0,0.0
791,2,B,mobile,direct,26,3.83,6,4,0,0,0,0.0
820,2,A,desktop,search,21,1.99,6,5,5,0,0,0.0
907,2,A,mobile,search,32,3.88,6,5,0,0,0,0.0
911,2,A,desktop,ads,44,3.26,6,0,5,0,0,0.0
912,2,B,desktop,ads,43,3.57,5,2,5,0,0,0.0
948,2,B,mobile,ads,16,3.75,9,2,0,0,1,69.31
961,2,B,desktop,search,24,3.81,6,2,0,0,0,0.0
963,2,B,mobile,ads,31,2.25,5,3,10,0,1,28.36
991,2,B,mobile,social,24,2.01,6,4,5,0,0,0.0
996,2,A,mobile,ads,27,2.18,5,0,0,0,0,0.0
1040,2,B,desktop,social,37,0.85,6,4,10,0,0,0.0
1119,2,B,desktop,ads,36,2.54,8,2,0,0,0,0.0
1185,2,A,mobile,search,32,1.08,5,5,15,0,1,53.19
1198,2,B,desktop,search,26,1.88,8,1,0,0,1,46.81
1245,2,B,desktop,ads,26,4.87,6,2,0,0,0,0.0
1340,2,A,mobile,search,26,5.17,6,0,0,0,0,0.0
1392,2,A,desktop,ads,44,4.95,6,1,5,0,0,0.0
1394,2,B,desktop,ads,39,4.45,7,4,0,0,0,0.0
1413,2,B,mobile,ads,32,1.57,6,3,0,0,0,0.0
1453,2,B,desktop,social,16,4.07,10,2,10,0,0,0.0
1468,2,A,desktop,ads,29,4.22,6,3,0,0,1,95.22
1469,2,A,mobile,ads,23,3.6,7,2,0,0,0,0.0
1473,2,B,mobile,ads,29,1.97,3,3,10,0,0,0.0
1497,2,B,desktop,ads,52,2.34,3,3,0,0,0,0.0
1569,2,A,desktop,search,33,4.81,9,2,0,0,0,0.0
1622,2,B,mobile,ads,41,0.46,6,4,5,0,0,0.0
1650,2,B,mobile,social,37,1.77,6,3,0,0,0,0.0
1662,2,B,desktop,social,23,2.02,6,1,0,0,1,69.74
1704,2,A,mobile,ads,45,4.98,6,3,5,0,0,0.0
1737,2,A,desktop,social,32,4.52,3,5,0,0,0,0.0
1770,2,B,mobile,search,20,2.55,9,2,0,0,0,0.0
1772,2,B,desktop,search,41,6.87,6,5,0,0,1,118.87
1778,2,A,mobile,search,22,4.09,7,1,0,0,0,0.0
1789,2,A,mobile,ads,17,5.46,5,1,0,0,0,0.0
1827,2,A,mobile,direct,31,8.1,8,3,0,0,0,0.0
1835,2,A,mobile,ads,24,5.61,3,2,0,0,0,0.0
1855,2,B,mobile,social,47,3.94,7,4,0,0,1,52.29
1868,2,A,mobile,social,31,4.96,7,2,0,0,0,0.0
1870,2,B,desktop,search,43,2.91,3,2,0,0,0,0.0
1871,2,B,mobile,social,16,3.44,4,2,5,0,0,0.0
1876,2,A,desktop,search,40,3.9,9,5,0,0,1,30.01
1931,2,B,mobile,social,24,2.98,5,4,5,0,1,87.84
1957,2,B,desktop,direct,41,3.21,8,4,5,0,0,0.0
2016,2,B,desktop,ads,26,2.98,9,3,0,0,1,99.02
2051,2,B,desktop,social,41,4.37,8,1,0,0,0,0.0
2069,2,B,mobile,direct,33,3.22,6,3,0,0,0,0.0
2080,2,B,mobile,social,25,4.97,5,5,0,0,1,39.64
2106,2,B,desktop,ads,35,5.85,4,2,0,0,0,0.0
2121,2,B,mobile,ads,29,2.5,4,1,0,0,1,68.84
2166,2,B,mobile,ads,30,4.6,5,1,5,0,1,54.88
2202,2,B,desktop,ads,29,3.77,4,3,0,0,0,0.0
2218,2,A,desktop,social,35,3.77,7,2,5,0,0,0.0
2232,2,B,mobile,search,25,2.26,6,0,5,0,0,0.0
2239,2,B,desktop,search,27,5.36,10,3,0,0,1,31.13
2367,2,A,desktop,ads,20,2.86,7,0,10,0,0,0.0
2429,2,A,mobile,ads,34,5.44,6,4,0,0,1,28.09
2437,2,A,mobile,social,26,2.6,9,2,5,0,0,0.0
2475,2,B,mobile,search,34,2.99,10,0,0,0,1,134.14
2529,2,B,desktop,search,19,2.81,6,2,0,0,0,0.0
2531,2,B,desktop,social,55,3.74,6,3,0,0,0,0.0
2535,2,B,mobile,search,39,1.37,6,4,5,0,0,0.0
2586,2,B,mobile,ads,21,4.81,6,6,0,0,0,0.0
2603,2,A,mobile,social,33,4.63,7,4,0,0,0,0.0
2678,2,A,mobile,search,35,2.82,5,1,10,0,1,71.34
2755,2,B,mobile,ads,30,2.43,4,4,5,0,0,0.0
2775,2,B,mobile,search,37,1.35,11,3,10,0,0,0.0
2794,2,B,mobile,direct,27,3.42,10,5,5,0,0,0.0
2808,2,B,desktop,search,28,4.99,6,3,0,0,1,77.77
3005,2,A,mobile,ads,24,2.43,11,5,5,0,0,0.0
3066,2,B,desktop,ads,22,3.57,7,4,10,0,0,0.0
3084,2,A,mobile,social,34,1.7,6,4,5,0,0,0.0
3167,2,B,mobile,search,28,4.15,8,3,5,0,1,38.46
3286,2,B,mobile,direct,40,3.4,9,7,10,0,0,0.0
3355,2,A,desktop,ads,29,6.02,4,7,10,0,0,0.0
3405,2,A,mobile,social,36,3.61,7,3,0,0,0,0.0
3433,2,B,desktop,search,33,4.42,7,0,10,0,0,0.0
3442,2,B,mobile,search,29,2.79,2,2,0,0,0,0.0
3465,2,A,mobile,search,39,4.3,7,5,0,0,1,98.81
3478,2,B,desktop,search,24,4.43,9,1,5,0,0,0.0
3485,2,A,mobile,direct,26,4.83,5,5,0,0,0,0.0
3552,2,B,mobile,ads,38,3.82,5,1,5,0,0,0.0
3565,2,A,desktop,ads,25,5.8,4,3,10,0,0,0.0
3588,2,A,mobile,ads,37,3.65,6,4,10,0,0,0.0
27,3,A,mobile,ads,44,5.19,7,4,15,0,0,0.0
28,3,B,mobile,direct,38,4.18,9,0,15,0,1,76.61
43,3,B,mobile,search,36,4.86,6,1,0,0,0,0.0
57,3,B,desktop,ads,25,3.79,5,1,5,0,0,0.0
70,3,B,desktop,ads,41,2.83,9,4,0,0,0,0.0
147,3,A,mobile,search,36,5.28,8,1,0,0,0,0.0
170,3,A,mobile,social,24,2.96,10,2,0,0,1,113.18
205,3,B,desktop,ads,33,4.18,7,5,0,0,0,0.0
216,3,B,desktop,ads,39,2.75,7,1,10,0,1,90.06
225,3,B,desktop,direct,32,0.9,3,2,0,0,0,0.0
330,3,A,mobile,ads,34,3.92,5,4,15,0,1,94.16
361,3,B,desktop,social,24,2.85,6,5,5,0,0,0.0
395,3,A,mobile,search,39,4.32,3,1,5,0,0,0.0
434,3,A,desktop,search,40,4.02,7,6,0,0,0,0.0
468,3,A,mobile,social,37,2.47,6,2,0,0,0,0.0
503,3,A,desktop,search,36,4.65,6,5,0,0,0,0.0
506,3,B,desktop,search,31,2.96,9,4,0,0,0,0.0
584,3,B,mobile,direct,22,2.53,6,6,0,0,0,0.0
617,3,A,desktop,social,29,3.41,9,2,0,0,0,0.0
639,3,A,mobile,ads,22,3.27,10,3,15,0,0,0.0
644,3,A,desktop,search,37,3.05,5,2,0,0,0,0.0
651,3,A,desktop,social,29,7.05,3,2,0,0,0,0.0
710,3,B,desktop,direct,27,5.47,3,4,10,0,0,0.0
769,3,A,mobile,direct,27,3.82,8,2,10,0,0,0.0
781,3,B,desktop,ads,32,1.24,6,4,0,0,1,99.74
806,3,B,desktop,search,39,4.92,10,4,5,0,0,0.0
833,3,A,desktop,social,30,3.58,9,2,10,0,0,0.0
863,3,B,desktop,social,40,2.78,5,4,0,0,0,0.0
879,3,B,mobile,search,31,3.84,3,2,0,0,0,0.0
909,3,B,desktop,ads,23,4.04,5,2,5,0,1,29.61
953,3,B,mobile,social,47,2.39,9,3,5,0,0,0.0
1001,3,B,mobile,direct,21,5.46,5,4,0,0,1,32.47
1074,3,A,mobile,ads,27,4.94,10,5,5,0,0,0.0
1097,3,B,mobile,search,27,4.46,7,4,5,0,1,106.28
1117,3,A,mobile,search,38,4.27,6,2,0,0,1,120.42
1151,3,A,desktop,ads,40,3.97,6,2,0,0,1,24.73
1193,3,A,mobile,ads,36,3.08,4,4,5,0,0,0.0
1212,3,B,mobile,search,21,3.82,5,2,5,0,1,102.47
1225,3,A,mobile,social,32,3.74,12,3,5,0,0,0.0
1251,3,A,desktop,ads,30,3.73,4,5,0,0,0,0.0
1254,3,A,mobile,ads,33,3.41,4,1,0,0,0,0.0
1267,3,A,mobile,direct,36,4.33,4,4,0,0,0,0.0
1274,3,A,desktop,search,16,2.48,11,4,15,0,1,61.91
1285,3,A,desktop,search,18,5.23,8,4,0,0,1,35.87
1293,3,B,desktop,ads,29,4.55,5,5,5,0,1,151.6
1296,3,A,desktop,search,37,4.42,6,2,0,0,1,70.15
1298,3,A,desktop,direct,59,1.03,8,4,0,0,0,0.0
1328,3,B,desktop,direct,20,4.54,8,4,10,0,0,0.0
1347,3,B,mobile,social,41,3.47,5,1,0,0,0,0.0
1391,3,B,desktop,ads,28,3.47,5,2,5,0,0,0.0
1410,3,B,mobile,direct,28,5.2,9,2,5,0,0,0.0
1530,3,A,mobile,direct,30,3.61,7,1,0,0,1,28.32
1535,3,B,desktop,search,34,3.52,7,3,0,0,0,0.0
1548,3,B,desktop,social,43,5.22,6,3,5,0,0,0.0
1584,3,A,mobile,direct,45,0.89,5,1,5,0,0,0.0
1588,3,A,mobile,ads,46,0.98,8,5,0,0,0,0.0
1600,3,A,mobile,direct,40,2.52,4,4,0,0,0,0.0
1626,3,A,desktop,search,37,2.89,5,2,5,0,0,0.0
1627,3,B,mobile,search,23,3.16,8,1,5,0,0,0.0
1661,3,B,mobile,direct,35,1.58,5,2,0,0,0,0.0
1896,3,A,mobile,social,25,4.33,9,5,5,0,0,0.0
1921,3,B,desktop,ads,16,5.06,7,3,10,0,0,0.0
2112,3,A,desktop,direct,38,4.07,8,5,5,0,0,0.0
2115,3,B,mobile,social,27,5.11,6,4,5,0,1,66.72
2118,3,B,mobile,search,26,5.03,10,1,0,0,0,0.0
2157,3,B,mobile,search,22,5.13,8,1,0,0,0,0.0
2179,3,A,desktop,search,27,2.03,5,7,15,0,0,0.0
2186,3,B,mobile,direct,38,3.48,10,2,0,0,0,0.0
2206,3,B,mobile,search,29,1.51,9,6,10,0,0,0.0
2263,3,B,mobile,direct,35,3.17,7,5,0,0,0,0.0
2292,3,A,mobile,search,16,0.97,6,4,0,0,0,0.0
2295,3,A,mobile,ads,16,2.2,5,4,5,0,0,0.0
2302,3,A,mobile,ads,38,0.4,6,2,0,0,0,0.0
2320,3,B,mobile,ads,32,3.71,7,5,10,0,0,0.0
2377,3,B,mobile,social,32,3.93,6,5,0,0,1,26.24
2412,3,A,mobile,social,41,0.4,6,2,5,0,0,0.0
2443,3,A,mobile,direct,36,0.78,6,1,5,0,0,0.0
2483,3,B,desktop,ads,29,3.98,12,7,5,0,0,0.0
2489,3,A,mobile,search,24,2.93,13,6,5,0,0,0.0
2555,3,B,desktop,social,28,1.84,11,4,5,0,1,73.95
2571,3,B,mobile,ads,21,2.32,10,4,5,0,0,0.0
2575,3,B,desktop,ads,35,2.59,8,3,10,0,1,148.03
2588,3,B,mobile,direct,38,5.56,4,5,5,0,1,64.46
2666,3,B,desktop,social,24,4.86,4,1,10,0,0,0.0
2694,3,B,desktop,ads,30,2.83,4,1,5,0,0,0.0
2701,3,B,mobile,search,27,2.27,6,0,0,0,0,0.0
2778,3,B,mobile,search,21,3.7,3,2,5,0,0,0.0
2800,3,B,mobile,social,22,5.21,7,4,0,0,1,81.2
2832,3,A,desktop,ads,25,2.17,9,3,5,0,0,0.0
2862,3,B,desktop,ads,36,4.31,3,5,0,0,0,0.0
2900,3,B,mobile,search,39,3.29,6,1,5,0,1,105.19
2918,3,A,desktop,search,22,3.62,8,3,0,0,0,0.0
2925,3,B,mobile,direct,26,6.61,7,3,0,0,0,0.0
2941,3,B,desktop,social,27,2.57,6,2,0,0,0,0.0
2950,3,A,mobile,social,27,5.8,4,0,10,0,0,0.0
2961,3,B,mobile,social,42,2.87,5,4,0,0,0,0.0
2964,3,B,mobile,direct,28,2.63,6,3,5,0,0,0.0
2986,3,B,mobile,direct,31,6.02,6,1,0,0,0,0.0
2989,3,A,mobile,social,47,2.04,10,1,0,0,0,0.0
3043,3,A,desktop,search,20,3.3,6,3,0,0,0,0.0
3054,3,B,desktop,ads,32,2.86,7,2,0,0,0,0.0
3055,3,B,desktop,ads,26,2.2,7,2,0,0,0,0.0
3056,3,B,mobile,social,23,4.59,4,6,10,0,0,0.0
3065,3,B,mobile,direct,39,4.61,3,2,0,0,1,65.34
3105,3,B,desktop,direct,16,5.02,6,4,10,0,0,0.0
3135,3,A,desktop,social,21,3.57,4,0,0,0,1,91.61
3149,3,B,desktop,search,31,4.31,8,0,0,0,0,0.0
3191,3,A,mobile,search,37,4.55,6,4,0,0,0,0.0
3267,3,A,mobile,social,29,4.92,6,2,5,0,0,0.0
3289,3,B,mobile,social,33,3.79,7,1,0,0,0,0.0
3314,3,A,mobile,ads,24,5.41,7,3,0,0,0,0.0
3366,3,A,mobile,direct,16,2.73,5,2,0,0,0,0.0
3388,3,A,mobile,ads,43,3.13,9,5,5,0,0,0.0
3430,3,B,mobile,ads,16,3.58,8,4,0,0,0,0.0
3443,3,B,mobile,search,16,3.44,4,5,0,0,0,0.0
3479,3,B,desktop,search,39,1.75,5,0,0,0,0,0.0
3487,3,A,desktop,social,35,3.45,5,3,5,0,0,0.0
3584,3,B,mobile,search,43,5.12,4,1,10,0,1,12.36
22,4,A,desktop,ads,32,4.66,6,3,5,0,0,0.0
23,4,B,desktop,search,34,0.63,9,2,0,0,0,0.0
40,4,B,mobile,ads,23,3.65,5,3,0,0,0,0.0
100,4,B,mobile,ads,37,3.69,9,1,0,0,0,0.0
124,4,A,desktop,ads,42,2.09,4,4,5,0,0,0.0
127,4,B,mobile,search,23,6.18,9,1,5,0,1,50.06
156,4,B,mobile,search,48,2.24,8,5,5,0,1,54.41
159,4,B,mobile,search,40,5.2,3,4,0,0,0,0.0
212,4,B,mobile,direct,54,3.96,6,5,10,0,1,58.77
233,4,B,desktop,ads,26,3.77,9,5,5,0,1,88.82
241,4,A,mobile,social,32,4.6,7,2,15,0,0,0.0
252,4,B,mobile,ads,33,2.96,3,2,5,0,0,0.0
255,4,B,desktop,ads,32,0.4,5,1,5,0,0,0.0
263,4,A,desktop,social,30,4.88,5,3,5,0,1,101.76
271,4,B,mobile,ads,30,3.03,7,3,0,0,0,0.0
305,4,B,mobile,search,39,5.01,5,4,0,0,0,0.0
319,4,A,mobile,search,36,2.81,10,2,10,0,0,0.0
321,4,B,mobile,search,36,5.85,7,4,10,0,0,0.0
327,4,A,mobile,search,29,3.22,5,0,10,0,1,34.74
372,4,A,mobile,search,20,4.13,6,4,0,0,0,0.0
442,4,B,mobile,search,38,3.52,5,2,5,0,0,0.0
463,4,B,mobile,ads,36,4.83,6,4,0,0,0,0.0
486,4,A,mobile,ads,32,4.79,8,6,0,0,0,0.0
523,4,B,mobile,search,22,4.25,7,1,10,0,0,0.0
552,4,A,desktop,search,29,3.16,3,3,0,0,0,0.0
578,4,B,mobile,search,39,2.81,6,2,15,0,0,0.0
662,4,B,desktop,social,39,3.6,6,2,0,0,0,0.0
692,4,B,mobile,ads,31,3.92,8,1,10,0,0,0.0
701,4,A,desktop,search,17,4.18,7,2,10,0,0,0.0
751,4,B,mobile,ads,24,3.77,5,3,10,0,0,0.0
774,4,B,desktop,ads,40,3.95,9,3,10,0,0,0.0
777,4,B,desktop,social,34,4.56,6,1,0,0,0,0.0
780,4,A,mobile,search,18,1.72,7,3,0,0,0,0.0
859,4,B,desktop,ads,35,2.17,4,2,0,0,0,0.0
867,4,B,desktop,ads,23,0.4,8,6,5,0,0,0.0
875,4,A,desktop,direct,34,5.06,8,3,0,0,1,121.82
880,4,A,mobile,ads,32,4.07,7,3,5,0,0,0.0
916,4,A,mobile,search,25,0.51,4,1,0,0,0,0.0
1005,4,B,mobile,social,26,6.23,5,4,0,0,1,108.88
1046,4,B,mobile,ads,16,5.14,6,2,0,0,0,0.0
1061,4,A,desktop,search,21,2.85,4,6,0,0,0,0.0
1166,4,B,mobile,ads,37,6.9,7,1,0,0,0,0.0
1210,4,B,mobile,search,40,2.14,6,2,0,0,0,0.0
1217,4,A,desktop,search,27,3.82,6,3,10,0,1,58.92
1219,4,B,desktop,search,32,3.38,5,1,0,0,0,0.0
1289,4,B,mobile,social,25,2.65,9,3,10,0,0,0.0
1334,4,A,mobile,direct,29,3.19,6,2,0,0,0,0.0
1393,4,A,mobile,social,31,2.71,4,2,10,0,0,0.0
1476,4,A,desktop,direct,43,3.77,5,5,10,0,1,38.41
1503,4,B,desktop,direct,32,4.36,8,1,10,0,0,0.0
1540,4,A,desktop,social,32,5.7,10,3,5,0,0,0.0
1578,4,B,desktop,search,50,4.07,7,3,0,0,0,0.0
1595,4,A,mobile,social,41,5.65,3,0,10,0,0,0.0
1603,4,B,desktop,search,30,3.37,6,5,0,0,1,119.96
1664,4,B,mobile,social,39,4.81,10,1,0,0,0,0.0
1676,4,A,mobile,search,16,4.62,4,1,0,0,0,0.0
1689,4,B,mobile,ads,31,4.13,5,3,15,0,1,138.0
1730,4,A,desktop,search,33,3.32,4,1,0,0,0,0.0
1751,4,B,mobile,direct,36,3.6,7,4,5,0,0,0.0
1759,4,A,desktop,search,23,2.94,6,4,5,0,0,0.0
1767,4,B,mobile,ads,16,3.13,7,4,10,0,1,85.55
1797,4,B,mobile,direct,34,2.58,7,2,10,0,0,0.0
1817,4,B,desktop,social,41,4.45,7,2,0,0,0,0.0
1825,4,A,desktop,search,32,2.33,6,4,0,0,1,46.19
1831,4,A,desktop,ads,29,2.63,5,1,5,0,0,0.0
1860,4,A,mobile,ads,22,3.88,10,4,5,0,0,0.0
1880,4,B,mobile,ads,24,5.08,7,3,0,0,0,0.0
1897,4,A,mobile,ads,20,3.83,8,3,0,0,0,0.0
1915,4,A,desktop,ads,22,3.53,9,5,5,0,0,0.0
1983,4,B,desktop,ads,29,3.94,9,3,10,0,0,0.0
2017,4,A,mobile,search,16,4.55,8,1,5,0,0,0.0
2040,4,A,desktop,direct,16,4.4,11,4,15,0,0,0.0
2063,4,A,desktop,ads,28,3.79,7,5,0,0,0,0.0
2064,4,A,mobile,direct,39,3.57,8,5,15,0,1,111.45
2114,4,A,mobile,social,25,3.6,8,2,5,0,0,0.0
2131,4,B,mobile,ads,35,3.51,7,4,0,0,0,0.0
2188,4,A,mobile,ads,38,3.38,6,3,10,0,0,0.0
2284,4,B,mobile,ads,31,6.98,6,1,5,0,0,0.0
2350,4,A,desktop,ads,45,1.75,7,4,15,0,0,0.0
2413,4,B,desktop,ads,36,3.8,5,3,0,0,0,0.0
2431,4,B,desktop,social,34,5.4,10,4,10,0,0,0.0
2448,4,B,desktop,ads,22,4.15,12,3,5,0,1,39.56
2449,4,B,desktop,ads,34,1.49,7,2,0,0,0,0.0
2468,4,A,mobile,ads,31,4.35,7,5,5,0,0,0.0
2479,4,B,mobile,search,29,4.14,6,2,0,0,0,0.0
2480,4,B,mobile,search,27,2.86,5,1,15,0,0,0.0
2520,4,B,mobile,search,37,3.97,6,2,0,0,0,0.0
2597,4,B,mobile,direct,21,2.21,7,1,0,0,0,0.0
2618,4,A,mobile,ads,21,5.29,10,3,5,0,0,0.0
2692,4,B,mobile,search,30,4.27,8,1,0,0,0,0.0
2708,4,B,mobile,search,24,2.68,5,0,0,0,0,0.0
2721,4,A,desktop,social,39,6.84,5,1,5,0,0,0.0
2788,4,A,mobile,ads,27,2.14,5,1,0,0,1,19.03
2812,4,A,mobile,search,28,0.4,7,4,10,0,0,0.0
2864,4,B,mobile,social,21,3.08,7,5,0,0,0,0.0
2889,4,A,mobile,direct,26,3.62,7,1,10,0,0,0.0
2933,4,B,mobile,social,16,4.13,4,2,0,0,0,0.0
2943,4,A,mobile,ads,48,6.0,7,4,10,0,0,0.0
2949,4,B,mobile,social,32,2.22,3,3,15,0,1,51.08
2976,4,A,desktop,ads,35,4.43,6,6,0,0,1,40.73
3015,4,B,mobile,ads,26,2.69,5,1,0,0,0,0.0
3048,4,B,desktop,ads,31,4.17,11,2,5,0,0,0.0
3069,4,B,mobile,ads,29,3.11,5,8,0,0,0,0.0
3150,4,B,mobile,social,27,4.31,9,2,0,0,0,0.0
3162,4,A,desktop,search,39,3.33,5,4,0,0,1,62.96
3187,4,B,mobile,search,41,3.77,8,2,5,0,1,104.82
3215,4,A,mobile,ads,36,4.32,8,2,0,0,0,0.0
3222,4,A,mobile,ads,26,3.32,8,2,10,0,0,0.0
3329,4,A,mobile,social,31,3.41,7,2,5,0,0,0.0
3376,4,B,desktop,ads,30,5.23,8,2,5,0,0,0.0
3382,4,B,desktop,ads,27,3.29,9,6,0,0,1,41.67
3386,4,A,mobile,ads,37,2.81,7,2,10,0,1,75.88
3391,4,B,mobile,social,26,3.81,7,1,5,0,0,0.0
3421,4,B,mobile,social,28,4.82,9,3,0,0,0,0.0
3441,4,B,mobile,search,48,4.92,5,2,5,0,0,0.0
3450,4,A,mobile,search,40,4.5,7,3,15,0,1,64.7
3497,4,B,mobile,ads,21,2.8,6,4,10,0,0,0.0
3507,4,B,mobile,ads,16,7.33,7,0,0,0,0,0.0
3574,4,B,desktop,search,25,2.1,7,4,15,0,0,0.0
3596,4,A,desktop,ads,19,3.24,5,2,5,0,0,0.0
72,5,B,mobile,direct,23,2.51,3,3,0,0,0,0.0
115,5,B,mobile,search,33,4.93,6,3,5,0,1,178.9
118,5,A,desktop,search,28,1.55,7,5,10,0,0,0.0
119,5,B,mobile,ads,29,5.37,6,5,0,0,0,0.0
141,5,A,mobile,social,35,4.48,4,4,0,0,0,0.0
200,5,A,mobile,ads,45,2.88,7,2,5,0,0,0.0
262,5,A,mobile,social,21,4.98,5,3,5,0,0,0.0
328,5,A,desktop,search,26,2.7,6,5,0,0,0,0.0
346,5,A,mobile,direct,29,3.57,9,2,0,0,0,0.0
373,5,B,mobile,direct,22,4.13,9,5,15,0,0,0.0
437,5,B,desktop,ads,38,6.7,6,6,0,0,0,0.0
440,5,B,desktop,search,36,3.51,6,3,10,0,0,0.0
458,5,A,mobile,search,38,3.95,7,1,5,0,0,0.0
498,5,B,desktop,social,32,2.71,6,6,5,0,0,0.0
633,5,A,desktop,ads,31,4.29,3,4,0,0,0,0.0
654,5,A,mobile,search,33,3.15,6,1,0,0,1,72.8
672,5,B,desktop,ads,27,4.71,6,3,0,0,0,0.0
680,5,B,mobile,ads,50,4.41,7,1,0,0,0,0.0
687,5,B,mobile,ads,35,6.41,4,3,0,0,0,0.0
704,5,A,mobile,social,20,3.98,6,3,0,0,0,0.0
707,5,B,desktop,ads,23,4.6,5,2,10,0,1,80.6
756,5,B,mobile,social,17,0.4,4,4,5,0,0,0.0
779,5,B,mobile,search,37,2.58,5,2,5,0,0,0.0
831,5,B,mobile,search,29,4.44,5,5,0,0,0,0.0
865,5,A,mobile,search,26,1.82,8,2,10,0,0,0.0
904,5,B,desktop,ads,32,2.28,7,2,5,0,0,0.0
910,5,B,mobile,ads,16,3.47,4,2,0,0,0,0.0
936,5,B,desktop,direct,33,3.37,10,3,0,0,0,0.0
965,5,B,mobile,ads,42,3.38,5,1,15,0,1,50.09
1000,5,A,mobile,search,16,4.69,7,1,5,0,1,55.5
1020,5,A,desktop,ads,33,3.51,4,0,0,0,1,95.87
1053,5,A,mobile,social,21,3.39,4,1,5,0,0,0.0
1080,5,A,mobile,ads,35,3.83,5,1,0,0,0,0.0
1139,5,A,desktop,ads,34,2.91,8,3,0,0,0,0.0
1181,5,A,desktop,social,29,5.23,10,0,5,0,0,0.0
1190,5,B,mobile,ads,28,5.33,4,5,5,0,1,16.47
1247,5,B,mobile,ads,30,4.29,5,6,0,0,0,0.0
1292,5,A,desktop,search,45,2.73,9,3,0,0,0,0.0
1312,5,A,mobile,direct,30,3.69,6,4,0,0,1,81.94
1325,5,A,mobile,ads,33,2.43,7,5,10,0,1,24.35
1329,5,B,desktop,ads,24,2.88,7,2,0,0,0,0.0
1446,5,A,mobile,direct,29,1.49,10,4,0,0,1,27.78
1459,5,A,desktop,ads,45,4.74,4,2,10,0,0,0.0
1673,5,A,mobile,search,16,6.14,5,3,0,0,0,0.0
1679,5,A,desktop,social,26,1.8,6,1,10,0,0,0.0
1682,5,B,desktop,search,30,3.71,6,4,0,0,0,0.0
1697,5,A,mobile,ads,16,2.67,5,1,5,0,0,0.0
1706,5,A,mobile,ads,38,0.57,7,1,5,0,0,0.0
1720,5,A,desktop,ads,34,2.61,9,4,10,0,0,0.0
1721,5,B,desktop,social,44,4.25,5,3,0,0,0,0.0
1744,5,A,desktop,direct,35,3.36,5,1,5,0,0,0.0
1748,5,A,mobile,search,48,3.6,7,3,15,0,0,0.0
1801,5,B,desktop,social,28,4.48,15,5,0,0,0,0.0
1846,5,A,mobile,ads,41,1.65,5,4,10,0,0,0.0
1864,5,B,mobile,search,32,2.82,7,6,0,0,0,0.0
1898,5,B,desktop,direct,20,2.97,5,2,15,0,1,6.17
1969,5,B,mobile,social,18,1.57,4,4,0,0,1,36.52
1972,5,A,mobile,ads,29,2.83,5,3,0,0,0,0.0
1980,5,B,mobile,search,29,3.65,6,3,0,0,1,111.7
2068,5,A,desktop,search,27,2.79,2,2,0,0,0,0.0
2079,5,B,desktop,search,50,2.68,7,6,15,0,1,47.71
2116,5,B,mobile,ads,38,3.55,6,2,0,0,0,0.0
2148,5,A,mobile,ads,36,4.37,7,3,0,0,0,0.0
2184,5,A,mobile,search,33,3.47,7,2,0,0,0,0.0
2185,5,B,desktop,direct,22,3.45,8,3,5,0,1,120.61
2201,5,A,desktop,search,33,5.3,6,2,0,0,0,0.0
2225,5,B,mobile,ads,38,4.36,4,1,10,0,0,0.0
2296,5,A,desktop,ads,31,4.65,8,5,5,0,0,0.0
2313,5,B,mobile,search,38,3.78,6,4,0,0,0,0.0
2346,5,A,desktop,search,34,3.33,5,4,0,0,0,0.0
2362,5,A,mobile,ads,16,3.64,7,3,10,0,0,0.0
2485,5,A,mobile,ads,32,5.09,5,4,5,0,0,0.0
2516,5,A,mobile,ads,23,2.88,7,3,0,0,1,42.57
2562,5,A,mobile,ads,16,1.56,7,6,5,0,0,0.0
2632,5,B,desktop,ads,35,3.97,7,5,0,0,1,67.98
2634,5,A,mobile,social,29,4.53,2,6,5,0,0,0.0
2643,5,A,mobile,ads,21,4.71,5,3,0,0,0,0.0
2704,5,A,mobile,search,48,6.42,6,3,10,0,0,0.0
2736,5,B,desktop,ads,35,4.33,8,5,0,0,0,0.0
2784,5,B,desktop,direct,40,5.89,7,5,0,0,0,0.0
2824,5,A,mobile,ads,30,5.04,5,1,0,0,0,0.0
2850,5,A,mobile,ads,29,3.51,10,2,0,0,0,0.0
2858,5,B,mobile,ads,34,3.23,10,4,15,0,1,45.87
2867,5,A,mobile,ads,28,3.55,6,8,0,0,0,0.0
2903,5,B,desktop,social,37,4.44,5,1,5,0,0,0.0
2906,5,B,mobile,social,20,5.35,10,1,5,0,0,0.0
2912,5,A,desktop,direct,27,6.57,5,6,5,0,0,0.0
2915,5,A,mobile,search,30,5.21,4,2,0,0,0,0.0
2947,5,B,desktop,search,31,0.4,9,2,10,0,0,0.0
2948,5,B,desktop,search,38,4.61,5,1,5,0,0,0.0
3007,5,B,mobile,direct,24,3.97,8,1,0,0,1,107.51
3051,5,A,desktop,social,33,3.68,6,2,5,0,0,0.0
3079,5,A,desktop,search,40,5.26,9,2,10,0,0,0.0
3227,5,B,mobile,search,34,3.42,6,3,5,0,0,0.0
3242,5,A,mobile,ads,17,4.61,9,2,0,0,0,0.0
3294,5,A,desktop,search,29,2.74,5,3,10,0,0,0.0
3295,5,B,mobile,ads,33,4.64,4,0,0,0,0,0.0
3375,5,A,mobile,social,23,4.4,6,1,10,0,0,0.0
3392,5,A,mobile,social,39,4.33,3,3,5,0,0,0.0
3419,5,B,mobile,ads,38,3.51,7,3,15,0,0,0.0
3459,5,B,desktop,ads,28,3.72,6,1,0,0,0,0.0
3476,5,A,desktop,social,35,2.5,5,5,5,0,1,90.71
3480,5,B,desktop,social,42,1.8,7,3,5,0,0,0.0
3517,5,B,desktop,ads,29,6.16,7,2,5,0,0,0.0
3519,5,B,mobile,social,24,4.04,5,3,5,0,0,0.0
3526,5,B,desktop,search,26,3.61,11,5,0,0,0,0.0
3527,5,A,desktop,social,25,3.14,5,7,0,0,0,0.0
3572,5,A,mobile,ads,30,4.41,8,2,5,0,0,0.0
4,6,B,desktop,search,28,5.43,8,6,10,1,1,6.71
58,6,A,mobile,direct,40,2.58,8,2,5,1,0,0.0
68,6,B,desktop,ads,38,4.31,4,5,5,1,0,0.0
75,6,A,mobile,ads,31,3.62,4,3,0,1,0,0.0
85,6,A,mobile,ads,40,2.3,5,2,0,1,1,68.92
86,6,A,mobile,direct,20,3.86,5,2,0,1,0,0.0
126,6,A,mobile,search,49,3.44,4,2,5,1,0,0.0
150,6,B,mobile,social,41,1.71,7,2,5,1,0,0.0
152,6,B,desktop,search,24,5.81,3,2,5,1,1,96.62
245,6,B,desktop,search,24,0.62,6,6,5,1,1,59.04
264,6,A,desktop,ads,16,2.38,7,2,10,1,0,0.0
279,6,B,mobile,search,19,5.18,4,2,10,1,0,0.0
314,6,A,desktop,search,40,2.77,7,4,0,1,0,0.0
371,6,A,mobile,search,16,7.24,7,3,10,1,1,35.34
385,6,B,mobile,search,31,6.33,7,2,15,1,0,0.0
402,6,A,mobile,search,25,5.42,8,3,0,1,1,52.84
430,6,B,mobile,ads,31,5.24,7,1,0,1,1,66.93
449,6,A,mobile,ads,42,3.44,11,4,0,1,0,0.0
479,6,A,mobile,search,23,2.56,10,4,0,1,0,0.0
533,6,B,mobile,search,24,3.61,6,5,5,1,0,0.0
609,6,B,desktop,search,35,3.5,7,1,5,1,0,0.0
615,6,B,mobile,search,44,4.72,4,3,10,1,0,0.0
619,6,B,mobile,search,45,0.4,9,1,5,1,0,0.0
676,6,B,desktop,ads,43,3.79,9,5,0,1,0,0.0
728,6,A,mobile,search,25,5.1,6,6,5,1,0,0.0
747,6,A,mobile,social,27,3.91,5,4,0,1,1,41.4
799,6,B,desktop,ads,29,5.42,4,4,5,1,0,0.0
843,6,B,desktop,social,34,3.82,3,1,5,1,0,0.0
864,6,A,desktop,social,38,2.27,5,6,0,1,0,0.0
939,6,A,desktop,search,32,1.62,8,2,0,1,1,22.63
955,6,B,desktop,search,16,3.74,5,1,5,1,1,40.34
981,6,B,mobile,ads,39,4.62,7,2,5,1,0,0.0
1003,6,B,mobile,ads,36,2.9,9,2,0,1,0,0.0
1013,6,A,mobile,ads,32,3.3,5,4,0,1,0,0.0
1101,6,A,desktop,ads,35,6.37,7,8,0,1,1,30.84
1189,6,A,desktop,search,36,4.56,5,4,0,1,1,119.1
1211,6,A,desktop,social,33,2.25,13,5,10,1,0,0.0
1243,6,B,mobile,search,26,3.02,3,3,0,1,0,0.0
1278,6,A,desktop,search,29,4.22,5,7,5,1,0,0.0
1294,6,A,mobile,ads,24,4.79,5,4,5,1,0,0.0
1299,6,A,desktop,social,37,3.71,5,2,0,1,0,0.0
1310,6,B,desktop,ads,28,3.81,7,1,0,1,0,0.0
1332,6,B,mobile,search,22,3.64,9,3,0,1,0,0.0
1335,6,B,mobile,direct,23,2.51,7,0,5,1,1,82.96
1395,6,B,mobile,ads,44,3.96,12,1,0,1,0,0.0
1404,6,A,mobile,search,25,0.4,6,4,5,1,0,0.0
1423,6,B,mobile,search,33,5.53,5,8,5,1,0,0.0
1467,6,B,mobile,ads,41,3.63,4,3,10,1,0,0.0
1494,6,A,mobile,ads,49,4.03,5,2,5,1,0,0.0
1512,6,A,mobile,ads,37,2.13,8,3,0,1,0,0.0
1596,6,A,mobile,search,39,5.43,8,2,0,1,0,0.0
1599,6,A,mobile,ads,51,4.01,3,1,10,1,0,0.0
1605,6,B,desktop,ads,16,4.33,7,2,0,1,0,0.0
1629,6,A,desktop,social,36,2.08,10,3,0,1,0,0.0
1708,6,B,desktop,direct,23,2.5,5,7,15,1,0,0.0
1725,6,A,desktop,direct,23,4.78,8,0,5,1,1,54.5
1734,6,B,desktop,direct,34,3.39,5,3,5,1,0,0.0
1843,6,B,desktop,social,35,5.65,4,1,0,1,1,41.27
1857,6,A,mobile,ads,27,2.29,2,2,0,1,0,0.0
1925,6,A,mobile,search,16,5.69,5,4,0,1,0,0.0
1926,6,B,desktop,direct,28,3.77,10,2,10,1,0,0.0
1964,6,A,desktop,ads,33,3.48,4,1,0,1,0,0.0
2010,6,A,mobile,ads,39,3.74,6,1,0,1,0,0.0
2035,6,B,desktop,direct,31,3.79,6,2,5,1,0,0.0
2045,6,B,mobile,social,30,3.03,9,6,5,1,0,0.0
2092,6,B,mobile,search,40,2.1,4,4,0,1,0,0.0
2109,6,B,mobile,search,21,4.14,7,3,0,1,0,0.0
2276,6,A,mobile,direct,33,4.58,6,1,0,1,0,0.0
2369,6,B,desktop,ads,35,2.02,9,3,0,1,0,0.0
2441,6,B,desktop,direct,48,1.87,12,0,0,1,0,0.0
2453,6,B,desktop,ads,36,2.13,3,6,5,1,0,0.0
2530,6,B,mobile,social,34,1.98,8,5,0,1,0,0.0
2542,6,B,mobile,ads,46,5.57,7,3,5,1,0,0.0
2595,6,B,desktop,ads,32,5.52,7,4,0,1,0,0.0
2621,6,A,desktop,search,34,0.51,8,3,15,1,1,54.08
2655,6,B,mobile,social,35,4.11,6,4,10,1,1,91.32
2676,6,A,mobile,search,29,4.96,9,4,5,1,1,57.75
2710,6,B,mobile,social,18,3.26,3,3,10,1,0,0.0
2734,6,A,mobile,ads,39,6.01,12,1,0,1,0,0.0
2842,6,B,desktop,search,29,4.5,5,5,10,1,1,38.52
2896,6,B,mobile,ads,33,5.76,7,1,0,1,1,30.95
2935,6,B,desktop,direct,32,4.9,10,5,0,1,1,39.58
2938,6,A,mobile,social,26,3.0,9,3,15,1,1,15.09
2942,6,A,desktop,ads,28,4.41,7,5,0,1,1,92.15
2953,6,A,desktop,direct,38,1.74,6,3,5,1,0,0.0
2982,6,A,desktop,search,21,2.67,9,2,5,1,0,0.0
2995,6,A,desktop,search,34,4.91,8,1,5,1,0,0.0
3039,6,A,desktop,search,21,6.02,7,6,0,1,0,0.0
3061,6,B,mobile,ads,26,4.35,4,4,5,1,1,31.02
3121,6,B,desktop,ads,34,4.23,4,4,5,1,1,17.63
3138,6,B,desktop,search,44,4.14,8,1,5,1,1,118.63
3171,6,B,mobile,ads,38,1.51,2,1,0,1,0,0.0
3177,6,A,desktop,search,47,5.96,2,2,5,1,0,0.0
3181,6,A,desktop,social,36,4.48,5,6,10,1,0,0.0
3185,6,B,mobile,social,36,5.84,7,3,0,1,1,153.2
3288,6,A,desktop,search,24,3.71,4,7,5,1,0,0.0
3292,6,A,mobile,social,32,2.25,3,5,0,1,1,64.31
3323,6,A,mobile,search,30,4.73,7,1,0,1,0,0.0
3414,6,B,mobile,ads,40,4.39,10,3,0,1,0,0.0
3417,6,B,desktop,search,22,3.38,7,2,0,1,0,0.0
3439,6,A,desktop,search,38,3.72,5,3,0,1,0,0.0
3511,6,B,desktop,ads,22,4.43,6,2,0,1,0,0.0
3541,6,A,mobile,social,26,3.29,4,4,5,1,0,0.0
51,7,B,mobile,social,24,3.66,7,2,0,0,0,0.0
77,7,A,desktop,social,32,2.62,4,0,0,0,1,28.36
137,7,B,mobile,direct,42,4.76,8,2,0,0,0,0.0
238,7,A,mobile,social,50,4.61,8,3,0,0,0,0.0
248,7,A,mobile,ads,34,4.27,9,3,10,0,0,0.0
253,7,B,desktop,direct,19,1.1,4,3,0,0,0,0.0
297,7,A,desktop,social,16,4.75,11,7,10,0,0,0.0
335,7,B,desktop,social,16,4.24,4,2,0,0,0,0.0
398,7,A,desktop,ads,26,2.91,6,1,5,0,0,0.0
401,7,A,desktop,ads,23,2.21,10,5,15,0,0,0.0
456,7,A,desktop,social,37,5.57,3,1,0,0,0,0.0
493,7,B,mobile,ads,23,2.32,9,2,5,0,0,0.0
515,7,A,desktop,ads,25,2.18,4,3,0,0,0,0.0
525,7,A,mobile,direct,37,2.26,9,2,5,0,0,0.0
553,7,B,desktop,search,22,0.4,13,1,0,0,0,0.0
562,7,B,mobile,ads,29,1.99,10,1,15,0,0,0.0
563,7,A,mobile,social,28,3.83,6,6,5,0,0,0.0
566,7,A,desktop,search,16,3.46,5,3,0,0,0,0.0
572,7,B,mobile,search,46,3.7,4,6,5,0,0,0.0
614,7,A,desktop,ads,25,4.97,11,4,10,0,1,69.51
642,7,A,mobile,ads,29,2.34,7,5,0,0,0,0.0
661,7,B,desktop,social,36,3.18,5,5,0,0,0,0.0
669,7,A,desktop,social,24,3.91,4,3,5,0,0,0.0
678,7,A,desktop,search,46,1.49,5,1,5,0,0,0.0
702,7,A,desktop,social,19,4.82,5,3,0,0,0,0.0
763,7,B,mobile,ads,34,4.5,10,1,0,0,0,0.0
803,7,B,mobile,social,26,4.14,7,1,0,0,1,117.33
809,7,B,mobile,social,43,4.35,8,1,0,0,0,0.0
815,7,B,mobile,social,27,6.62,6,1,0,0,0,0.0
821,7,B,desktop,ads,17,3.34,6,3,10,0,0,0.0
829,7,A,desktop,search,25,1.97,4,3,10,0,0,0.0
836,7,A,desktop,social,28,4.12,7,3,0,0,1,69.27
852,7,B,mobile,social,34,5.06,7,8,5,0,1,65.75
890,7,B,mobile,direct,29,2.81,7,5,15,0,1,81.12
895,7,A,desktop,ads,31,4.86,9,4,5,0,0,0.0
915,7,B,mobile,search,23,2.66,5,3,0,0,0,0.0
923,7,B,mobile,social,35,3.22,3,3,0,0,0,0.0
931,7,B,mobile,ads,22,4.26,9,5,5,0,0,0.0
950,7,B,desktop,ads,19,4.41,7,3,0,0,1,86.66
982,7,B,mobile,ads,27,4.53,8,2,0,0,0,0.0
1008,7,B,mobile,social,33,5.43,7,5,5,0,0,0.0
1028,7,B,desktop,social,21,6.08,8,4,15,0,0,0.0
1034,7,A,mobile,social,16,4.65,9,4,0,0,1,108.91
1064,7,B,desktop,search,28,3.07,4,3,0,0,0,0.0
1067,7,B,desktop,search,30,3.85,6,8,5,0,1,105.56
1068,7,B,desktop,direct,40,3.34,4,0,5,0,0,0.0
1111,7,A,mobile,ads,35,2.91,4,3,0,0,0,0.0
1157,7,A,desktop,direct,29,5.37,8,2,0,0,1,51.1
1197,7,B,mobile,ads,31,4.01,6,6,10,0,0,0.0
1214,7,B,desktop,ads,43,3.81,6,2,10,0,0,0.0
1308,7,A,mobile,social,34,0.73,4,7,5,0,0,0.0
1324,7,B,desktop,search,34,2.15,5,5,0,0,0,0.0
1349,7,A,desktop,search,20,2.78,7,3,5,0,0,0.0
1396,7,A,desktop,direct,32,1.26,7,2,5,0,0,0.0
1398,7,A,mobile,social,26,5.9,11,2,0,0,0,0.0
1399,7,B,mobile,social,21,3.79,7,2,5,0,1,39.34
1429,7,B,mobile,search,18,4.82,7,2,5,0,0,0.0
1451,7,A,mobile,direct,34,6.44,7,5,10,0,1,41.59
1465,7,A,mobile,ads,39,6.74,6,3,0,0,0,0.0
1511,7,A,mobile,ads,40,3.42,4,5,0,0,0,0.0
1560,7,B,desktop,ads,36,4.65,6,7,10,0,0,0.0
1579,7,B,mobile,ads,37,2.68,11,1,10,0,0,0.0
1586,7,B,mobile,social,24,6.59,7,5,0,0,0,0.0
1587,7,A,mobile,ads,45,3.66,6,2,0,0,0,0.0
1606,7,A,mobile,social,16,4.12,6,1,0,0,0,0.0
1660,7,A,mobile,ads,34,3.04,8,1,0,0,0,0.0
1693,7,A,desktop,ads,36,4.56,5,6,10,0,1,44.65
1718,7,A,mobile,ads,31,2.27,3,4,0,0,0,0.0
1796,7,A,mobile,ads,24,4.49,12,2,0,0,1,94.81
1849,7,A,mobile,search,25,4.8,6,1,0,0,0,0.0
1853,7,A,mobile,direct,20,2.78,3,4,5,0,0,0.0
1863,7,B,desktop,social,28,7.8,10,2,0,0,1,83.44
1940,7,B,desktop,social,28,4.71,5,3,10,0,1,71.79
1945,7,B,mobile,direct,30,7.11,7,5,0,0,0,0.0
1961,7,A,mobile,direct,31,3.97,4,3,5,0,0,0.0
1978,7,B,mobile,search,37,3.17,7,5,5,0,1,67.35
2042,7,A,mobile,search,26,3.92,6,4,10,0,0,0.0
2065,7,B,mobile,ads,32,7.19,8,3,0,0,0,0.0
2067,7,A,desktop,ads,20,4.24,8,2,15,0,0,0.0
2230,7,B,desktop,search,33,3.22,10,4,0,0,1,37.39
2246,7,A,mobile,direct,48,4.5,5,2,0,0,0,0.0
2311,7,A,desktop,ads,27,4.31,9,2,5,0,0,0.0
2365,7,A,mobile,search,28,4.65,6,4,5,0,0,0.0
2396,7,B,mobile,search,35,2.09,8,3,0,0,1,60.97
2452,7,B,mobile,search,24,0.56,4,3,0,0,0,0.0
2471,7,B,desktop,ads,40,5.04,5,6,15,0,1,19.97
2493,7,A,desktop,ads,48,4.26,3,2,10,0,0,0.0
2521,7,B,desktop,search,16,1.5,10,3,0,0,0,0.0
2528,7,A,mobile,direct,39,4.86,5,2,15,0,1,31.32
2538,7,B,desktop,search,24,4.27,6,2,5,0,0,0.0
2591,7,A,desktop,direct,24,3.02,6,5,0,0,0,0.0
2613,7,B,mobile,direct,35,5.32,6,4,0,0,1,66.57
2619,7,A,mobile,search,28,2.46,3,1,0,0,0,0.0
2661,7,A,mobile,search,22,6.25,6,4,5,0,1,52.48
2730,7,A,mobile,search,40,2.06,9,6,5,0,0,0.0
2751,7,A,mobile,search,27,3.47,11,1,15,0,1,72.66
2785,7,A,desktop,search,21,5.19,7,3,0,0,0,0.0
2786,7,A,desktop,ads,28,6.78,7,2,0,0,0,0.0
2795,7,A,desktop,social,45,4.28,4,2,0,0,0,0.0
2804,7,A,mobile,search,22,1.87,7,3,5,0,0,0.0
2818,7,A,desktop,direct,28,5.39,8,5,0,0,0,0.0
2833,7,B,mobile,social,29,2.22,8,1,0,0,0,0.0
2841,7,B,desktop,ads,33,4.41,8,4,0,0,0,0.0
2880,7,B,mobile,direct,34,3.19,3,1,10,0,1,122.48
2913,7,A,desktop,social,19,1.05,4,1,5,0,0,0.0
2946,7,B,mobile,search,34,5.0,7,3,0,0,1,56.23
2957,7,A,mobile,search,29,1.82,4,2,5,0,0,0.0
2969,7,B,desktop,ads,36,4.01,5,3,0,0,0,0.0
2970,7,A,mobile,social,33,1.62,7,2,0,0,0,0.0
2973,7,A,mobile,search,40,1.3,6,2,5,0,0,0.0
3016,7,B,mobile,social,23,3.66,7,2,0,0,0,0.0
3100,7,B,desktop,ads,46,3.7,10,3,5,0,1,36.58
3145,7,B,desktop,search,41,3.2,8,4,5,0,1,14.22
3164,7,A,desktop,social,24,3.33,7,2,0,0,1,54.2
3188,7,A,mobile,ads,32,3.94,4,4,10,0,0,0.0
3233,7,B,mobile,search,22,4.64,8,1,5,0,0,0.0
3250,7,A,desktop,ads,25,3.6,4,3,10,0,0,0.0
3315,7,A,mobile,search,45,1.36,8,1,5,0,0,0.0
3327,7,A,mobile,ads,24,4.39,6,3,0,0,1,105.24
3328,7,A,desktop,search,29,3.23,6,3,0,0,0,0.0
3330,7,A,mobile,search,41,5.59,9,2,0,0,0,0.0
3364,7,B,mobile,ads,24,3.3,10,3,0,0,0,0.0
3397,7,A,mobile,ads,30,2.24,11,3,5,0,0,0.0
3413,7,B,mobile,direct,28,2.55,9,3,5,0,0,0.0
3428,7,A,desktop,search,29,1.28,7,4,5,0,1,72.35
3429,7,A,mobile,ads,30,3.17,6,5,10,0,0,0.0
3456,7,A,mobile,direct,37,4.87,6,3,0,0,0,0.0
3457,7,B,mobile,search,27,2.85,5,0,0,0,0,0.0
3495,7,B,mobile,search,47,4.84,4,1,0,0,0,0.0
3567,7,A,desktop,social,38,2.27,6,4,10,0,0,0.0
3582,7,A,mobile,direct,49,2.36,8,6,5,0,0,0.0
3592,7,B,mobile,social,34,1.62,4,4,0,0,0,0.0
11,8,A,mobile,ads,30,2.21,10,3,5,0,1,40.38
83,8,B,mobile,ads,37,1.99,6,5,0,0,0,0.0
112,8,B,desktop,ads,19,4.51,5,1,15,0,1,86.12
117,8,A,mobile,ads,27,3.79,7,4,0,0,1,41.12
157,8,B,mobile,ads,19,5.72,6,6,10,0,0,0.0
173,8,A,desktop,direct,30,7.04,8,4,5,0,0,0.0
191,8,A,mobile,ads,18,1.15,10,0,0,0,0,0.0
192,8,A,mobile,search,22,4.38,8,3,0,0,0,0.0
220,8,B,mobile,direct,31,4.33,5,3,0,0,1,30.47
275,8,B,mobile,ads,24,3.22,10,3,0,0,0,0.0
299,8,B,mobile,direct,22,2.04,3,4,5,0,0,0.0
332,8,A,mobile,direct,32,3.59,6,2,10,0,0,0.0
382,8,B,mobile,search,37,5.68,8,2,0,0,0,0.0
407,8,A,mobile,social,32,0.69,8,3,10,0,0,0.0
423,8,B,mobile,social,35,3.17,5,0,5,0,0,0.0
443,8,A,mobile,social,27,2.89,5,5,0,0,0,0.0
450,8,A,desktop,ads,16,4.33,6,4,0,0,0,0.0
502,8,A,mobile,search,36,3.74,8,7,10,0,1,27.51
623,8,A,desktop,ads,46,3.97,8,1,5,0,1,158.51
637,8,B,mobile,ads,44,6.77,7,3,0,0,1,89.42
691,8,A,mobile,ads,42,5.59,5,2,0,0,0,0.0
734,8,B,desktop,social,20,4.78,8,3,10,0,0,0.0
738,8,A,desktop,search,18,3.18,3,1,5,0,0,0.0
794,8,A,mobile,social,22,4.2,5,6,0,0,0,0.0
804,8,B,mobile,search,37,3.29,7,5,5,0,0,0.0
839,8,A,desktop,direct,39,3.47,6,2,10,0,0,0.0
868,8,B,mobile,direct,32,4.21,5,2,0,0,0,0.0
896,8,A,desktop,search,30,5.68,11,1,10,0,1,40.08
920,8,A,desktop,ads,30,3.52,5,2,0,0,0,0.0
940,8,A,mobile,search,28,3.36,4,5,10,0,0,0.0
957,8,A,mobile,direct,25,4.33,5,1,5,0,1,73.76
976,8,A,mobile,direct,44,3.99,3,2,0,0,0,0.0
1002,8,A,desktop,search,29,3.33,7,5,5,0,0,0.0
1006,8,A,mobile,ads,25,3.48,8,1,10,0,0,0.0
1049,8,A,desktop,social,31,4.94,5,5,5,0,0,0.0
1065,8,B,mobile,social,17,2.82,6,4,5,0,0,0.0
1079,8,B,desktop,direct,31,3.32,8,2,5,0,0,0.0
1135,8,A,desktop,search,24,4.23,7,4,0,0,1,202.61
1161,8,B,desktop,search,24,4.13,4,2,5,0,0,0.0
1167,8,B,desktop,social,32,4.11,7,0,0,0,0,0.0
1241,8,B,mobile,social,38,4.44,6,3,0,0,0,0.0
1258,8,A,mobile,ads,25,1.13,5,3,10,0,1,117.58
1333,8,B,mobile,ads,36,5.49,6,2,15,0,1,47.37
1363,8,B,mobile,search,37,3.05,5,2,5,0,0,0.0
1402,8,A,mobile,ads,24,4.24,8,4,0,0,0,0.0
1407,8,B,desktop,search,34,3.7,6,5,5,0,1,51.26
1471,8,A,desktop,ads,34,3.66,6,6,0,0,1,72.68
1475,8,A,mobile,direct,33,4.71,9,5,0,0,1,88.42
1525,8,B,desktop,search,41,2.91,6,3,5,0,1,28.53
1534,8,A,mobile,ads,37,3.51,9,6,0,0,0,0.0
1537,8,A,mobile,search,23,3.95,8,1,10,0,0,0.0
1541,8,B,desktop,ads,41,7.1,8,2,15,0,0,0.0
1544,8,A,desktop,social,28,3.7,4,1,0,0,0,0.0
1562,8,A,desktop,ads,30,2.24,6,4,0,0,0,0.0
1582,8,A,mobile,direct,53,4.7,8,3,5,0,0,0.0
1592,8,B,mobile,ads,20,3.0,12,4,0,0,0,0.0
1601,8,B,mobile,social,24,2.93,6,9,5,0,0,0.0
1634,8,B,mobile,direct,34,3.91,4,7,0,0,1,45.88
1643,8,B,mobile,search,39,5.46,8,0,0,0,0,0.0
1669,8,B,desktop,social,16,1.24,6,4,5,0,0,0.0
1672,8,A,desktop,ads,33,3.18,3,2,10,0,1,87.58
1681,8,B,mobile,search,23,3.62,7,5,10,0,0,0.0
1695,8,B,mobile,ads,45,6.47,4,4,5,0,0,0.0
1698,8,B,mobile,search,19,2.68,3,2,0,0,0,0.0
1754,8,B,mobile,search,30,1.93,6,3,5,0,0,0.0
1795,8,B,mobile,social,24,0.62,5,3,0,0,0,0.0
1804,8,B,desktop,search,36,3.28,7,4,0,0,0,0.0
1808,8,B,mobile,ads,31,4.02,5,5,10,0,0,0.0
1824,8,B,desktop,ads,36,1.97,7,4,10,0,1,16.87
1856,8,A,mobile,social,22,5.03,8,3,0,0,0,0.0
1881,8,A,mobile,ads,25,2.7,4,3,5,0,0,0.0
1904,8,A,mobile,search,25,2.62,4,0,15,0,0,0.0
1923,8,A,mobile,ads,30,3.02,9,3,0,0,0,0.0
2001,8,A,mobile,ads,32,2.62,5,1,0,0,0,0.0
2019,8,B,mobile,social,47,3.81,5,4,0,0,0,0.0
2034,8,A,desktop,social,27,6.21,8,2,0,0,1,22.61
2048,8,A,mobile,search,22,4.7,7,3,0,0,1,70.52
2061,8,A,desktop,ads,38,2.25,7,3,5,0,0,0.0
2094,8,B,desktop,social,30,3.82,5,5,0,0,0,0.0
2095,8,A,mobile,direct,41,4.04,3,4,5,0,0,0.0
2108,8,B,desktop,search,35,6.38,4,2,15,0,0,0.0
2132,8,B,desktop,direct,22,3.14,11,3,5,0,1,46.39
2135,8,A,mobile,search,45,4.25,5,2,5,0,0,0.0
2151,8,A,desktop,search,31,2.38,6,3,10,0,0,0.0
2204,8,A,desktop,social,37,3.6,5,6,5,0,1,84.74
2205,8,A,mobile,direct,21,3.46,7,4,0,0,0,0.0
2219,8,B,mobile,ads,22,3.59,7,3,10,0,1,35.97
2235,8,B,mobile,ads,31,3.16,9,4,5,0,1,104.29
2245,8,B,mobile,search,41,3.1,5,3,0,0,1,33.2
2275,8,A,desktop,direct,27,3.74,8,1,0,0,0,0.0
2300,8,B,desktop,direct,28,3.59,4,5,0,0,0,0.0
2304,8,B,mobile,ads,38,5.18,7,4,0,0,0,0.0
2341,8,A,desktop,social,37,1.72,8,2,5,0,0,0.0
2386,8,B,desktop,direct,16,5.17,7,3,0,0,1,104.71
2400,8,A,desktop,search,26,4.94,7,1,10,0,0,0.0
2403,8,A,mobile,ads,24,3.97,7,3,5,0,1,56.27
2418,8,A,mobile,direct,21,3.9,9,3,5,0,0,0.0
2430,8,A,mobile,direct,35,2.91,8,1,0,0,1,100.5
2446,8,A,mobile,ads,42,4.17,3,1,15,0,0,0.0
2477,8,A,desktop,ads,30,0.97,4,5,10,0,0,0.0
2491,8,A,desktop,ads,31,3.27,5,3,10,0,0,0.0
2495,8,A,mobile,direct,21,6.69,4,1,5,0,0,0.0
2498,8,B,mobile,ads,37,4.37,6,7,5,0,0,0.0
2536,8,B,desktop,ads,36,4.8,4,2,10,0,1,81.38
2552,8,B,mobile,direct,25,6.26,6,3,0,0,0,0.0
2580,8,A,mobile,search,18,4.21,10,2,0,0,0,0.0
2582,8,A,mobile,social,21,3.19,8,0,0,0,0,0.0
2626,8,B,mobile,direct,31,4.31,10,4,5,0,0,0.0
2665,8,A,desktop,direct,46,2.15,9,0,0,0,0,0.0
2705,8,B,desktop,direct,33,6.49,7,2,0,0,0,0.0
2732,8,B,desktop,search,38,3.19,8,4,0,0,1,53.31
2783,8,A,mobile,search,27,2.47,2,3,5,0,0,0.0
2791,8,B,mobile,search,32,5.7,5,6,5,0,0,0.0
2807,8,B,desktop,ads,31,5.92,5,1,5,0,0,0.0
2840,8,A,desktop,ads,36,5.05,3,0,10,0,1,32.85
2844,8,A,mobile,search,47,2.54,4,0,5,0,0,0.0
2885,8,B,desktop,direct,33,1.93,4,1,0,0,0,0.0
2923,8,B,desktop,social,16,5.76,6,6,0,0,0,0.0
2928,8,B,mobile,search,26,2.61,3,6,0,0,1,27.07
2956,8,B,mobile,social,29,1.14,7,3,0,0,1,179.83
3002,8,B,desktop,search,24,4.36,7,2,15,0,0,0.0
3050,8,B,mobile,ads,41,4.14,8,3,0,0,1,53.94
3098,8,B,mobile,direct,37,2.62,6,4,5,0,1,151.8
3101,8,B,mobile,ads,21,2.37,10,2,10,0,0,0.0
3109,8,B,desktop,search,35,4.9,5,4,10,0,0,0.0
3122,8,B,desktop,ads,47,1.66,7,3,0,0,0,0.0
3156,8,A,mobile,direct,41,6.6,5,6,5,0,1,54.19
3161,8,A,mobile,social,30,1.25,7,0,10,0,0,0.0
3174,8,B,mobile,search,41,3.63,5,0,5,0,0,0.0
3216,8,B,mobile,search,20,3.82,6,6,10,0,0,0.0
3285,8,A,desktop,social,32,1.7,10,2,0,0,0,0.0
3349,8,B,mobile,search,28,1.49,4,5,5,0,0,0.0
3372,8,B,mobile,social,42,3.0,7,0,0,0,0,0.0
3438,8,A,desktop,search,34,4.87,6,3,0,0,1,42.36
3470,8,B,mobile,direct,26,3.04,9,3,0,0,0,0.0
5,9,A,mobile,social,16,2.58,8,1,0,0,0,0.0
47,9,B,mobile,ads,16,1.78,6,2,5,0,1,144.85
90,9,B,mobile,ads,46,7.2,7,6,0,0,0,0.0
135,9,B,mobile,ads,24,4.37,6,3,5,0,0,0.0
149,9,A,desktop,social,30,2.64,5,2,0,0,0,0.0
177,9,B,mobile,search,40,3.53,3,1,10,0,0,0.0
190,9,A,mobile,search,24,4.95,5,0,5,0,0,0.0
194,9,B,mobile,ads,22,6.74,6,3,0,0,0,0.0
202,9,B,mobile,direct,31,4.47,5,2,0,0,0,0.0
211,9,A,desktop,direct,22,6.86,8,3,0,0,0,0.0
228,9,A,mobile,ads,27,3.36,8,3,0,0,0,0.0
239,9,A,desktop,ads,16,3.76,11,4,10,0,0,0.0
247,9,A,mobile,social,30,4.87,8,3,0,0,0,0.0
259,9,B,mobile,search,45,3.67,8,3,0,0,0,0.0
336,9,A,mobile,search,43,6.14,9,6,0,0,0,0.0
380,9,B,mobile,social,26,6.18,7,3,10,0,1,65.07
491,9,B,mobile,search,22,2.91,7,6,10,0,0,0.0
522,9,A,mobile,search,31,4.21,5,5,0,0,0,0.0
550,9,A,mobile,direct,34,3.19,6,0,0,0,0,0.0
580,9,A,mobile,search,20,2.84,6,3,0,0,1,65.92
650,9,B,desktop,social,16,0.95,9,4,0,0,0,0.0
660,9,A,mobile,ads,29,3.8,5,1,5,0,0,0.0
708,9,A,mobile,direct,26,5.95,8,6,10,0,0,0.0
731,9,A,desktop,social,34,4.62,8,6,10,0,0,0.0
748,9,A,desktop,ads,24,2.65,7,5,0,0,0,0.0
757,9,B,mobile,search,31,2.65,8,4,10,0,0,0.0
813,9,B,desktop,social,43,5.16,5,6,10,0,0,0.0
824,9,A,desktop,ads,30,3.09,5,5,5,0,0,0.0
826,9,B,mobile,ads,32,3.73,6,4,5,0,0,0.0
828,9,A,mobile,ads,27,2.35,3,2,0,0,0,0.0
888,9,A,mobile,social,26,5.58,5,5,5,0,0,0.0
906,9,B,desktop,social,28,1.05,6,2,15,0,0,0.0
935,9,A,mobile,social,38,4.65,5,5,15,0,0,0.0
941,9,B,desktop,search,31,4.96,8,1,0,0,1,72.78
973,9,A,desktop,direct,24,1.84,11,3,0,0,0,0.0
1029,9,B,desktop,direct,39,5.93,12,2,5,0,1,47.4
1038,9,A,mobile,social,16,0.75,6,2,5,0,0,0.0
1075,9,A,mobile,ads,36,4.51,8,1,5,0,0,0.0
1082,9,A,mobile,social,20,3.13,9,3,5,0,0,0.0
1091,9,A,mobile,search,38,1.5,6,6,10,0,0,0.0
1105,9,B,desktop,ads,37,1.39,5,4,0,0,0,0.0
1108,9,B,desktop,search,23,5.91,7,4,5,0,1,62.67
1109,9,B,mobile,search,40,1.35,5,3,5,0,0,0.0
1120,9,B,mobile,social,20,4.75,4,3,5,0,0,0.0
1125,9,B,mobile,social,24,4.58,4,7,0,0,0,0.0
1141,9,A,mobile,ads,39,3.94,7,1,5,0,0,0.0
1153,9,A,mobile,direct,17,3.3,6,4,0,0,0,0.0
1180,9,B,mobile,ads,36,4.02,9,2,5,0,0,0.0
1191,9,A,desktop,social,30,3.23,7,2,5,0,0,0.0
1206,9,A,mobile,ads,34,0.44,4,5,10,0,0,0.0
1288,9,A,desktop,search,36,2.42,5,6,5,0,0,0.0
1345,9,B,desktop,social,16,4.95,8,1,0,0,0,0.0
1358,9,A,desktop,social,32,4.85,6,4,0,0,1,51.43
1361,9,B,mobile,social,45,5.47,5,0,10,0,0,0.0
1378,9,A,mobile,ads,28,4.41,5,1,0,0,0,0.0
1420,9,B,desktop,direct,33,2.85,6,5,10,0,0,0.0
1436,9,A,desktop,ads,41,4.57,5,3,10,0,0,0.0
1448,9,A,desktop,search,30,4.1,8,3,5,0,0,0.0
1450,9,B,mobile,search,35,2.88,7,3,15,0,0,0.0
1632,9,B,mobile,ads,25,3.51,5,3,10,0,1,35.75
1633,9,B,mobile,social,37,3.61,10,3,15,0,0,0.0
1649,9,B,mobile,search,27,7.4,7,3,5,0,0,0.0
1707,9,B,mobile,direct,28,1.67,6,2,0,0,1,56.22
1723,9,B,mobile,search,31,4.34,5,2,5,0,1,72.58
1736,9,B,desktop,ads,36,2.51,8,4,5,0,0,0.0
1761,9,B,mobile,direct,30,3.83,9,1,0,0,0,0.0
1777,9,A,mobile,ads,20,4.23,5,5,5,0,1,30.45
1784,9,B,mobile,ads,26,2.02,5,3,0,0,0,0.0
1826,9,A,desktop,ads,32,2.94,6,2,0,0,0,0.0
1869,9,A,desktop,search,43,5.59,7,3,5,0,0,0.0
1960,9,B,mobile,search,23,4.04,7,4,5,0,0,0.0
2000,9,A,mobile,social,22,5.68,9,0,0,0,0,0.0
2140,9,A,desktop,direct,45,1.9,11,1,0,0,0,0.0
2141,9,A,mobile,direct,27,3.69,8,4,0,0,1,174.01
2236,9,A,desktop,social,33,0.9,5,3,10,0,0,0.0
2241,9,A,mobile,search,40,2.97,7,3,15,0,0,0.0
2261,9,A,mobile,social,33,1.96,5,2,0,0,0,0.0
2265,9,B,mobile,direct,41,2.58,6,2,0,0,0,0.0
2270,9,A,desktop,ads,24,5.52,8,6,0,0,1,12.91
2280,9,A,desktop,search,27,3.39,7,1,0,0,0,0.0
2282,9,A,desktop,search,38,4.55,12,2,0,0,0,0.0
2288,9,B,mobile,social,35,0.89,5,3,5,0,0,0.0
2348,9,A,mobile,direct,32,5.46,4,2,5,0,0,0.0
2361,9,A,mobile,search,46,3.55,4,1,5,0,0,0.0
2467,9,A,desktop,direct,29,4.81,7,10,5,0,0,0.0
2500,9,B,mobile,search,47,5.38,8,4,5,0,0,0.0
2502,9,B,mobile,social,37,1.43,8,3,0,0,0,0.0
2546,9,A,desktop,ads,32,2.76,4,3,0,0,1,36.99
2554,9,B,mobile,search,29,2.51,6,5,10,0,0,0.0
2556,9,B,mobile,ads,24,4.78,4,3,0,0,0,0.0
2577,9,A,mobile,social,16,5.86,7,4,0,0,1,70.56
2581,9,B,desktop,ads,24,4.15,2,1,0,0,0,0.0
2594,9,A,mobile,direct,32,5.42,5,1,0,0,0,0.0
2641,9,A,desktop,ads,18,2.62,4,7,5,0,1,112.75
2693,9,B,mobile,search,27,4.43,5,0,0,0,0,0.0
2713,9,A,desktop,direct,16,2.32,6,4,10,0,1,30.73
2754,9,A,desktop,ads,16,3.47,7,5,5,0,0,0.0
2782,9,A,desktop,search,32,5.1,5,2,5,0,0,0.0
2829,9,B,desktop,search,29,5.53,6,3,15,0,0,0.0
2855,9,A,desktop,ads,34,2.88,5,1,10,0,0,0.0
2892,9,B,mobile,search,38,4.46,9,2,0,0,0,0.0
2894,9,B,desktop,ads,24,1.92,7,2,0,0,0,0.0
2907,9,A,desktop,ads,31,6.22,8,1,5,0,0,0.0
2937,9,B,mobile,social,16,2.06,5,5,0,0,0,0.0
2944,9,A,mobile,search,38,5.3,5,1,5,0,1,53.39
2990,9,A,mobile,ads,21,2.76,5,2,10,0,0,0.0
3025,9,B,desktop,ads,19,2.59,6,0,0,0,0,0.0
3042,9,A,desktop,ads,37,5.09,4,4,0,0,0,0.0
3067,9,A,mobile,direct,16,2.21,7,2,10,0,0,0.0
3119,9,B,mobile,social,23,3.57,7,4,5,0,0,0.0
3178,9,B,mobile,ads,35,5.84,6,2,0,0,0,0.0
3192,9,A,mobile,ads,27,3.8,8,5,5,0,0,0.0
3214,9,B,mobile,ads,16,3.15,5,3,15,0,0,0.0
3307,9,B,desktop,ads,38,3.8,6,4,10,0,1,122.19
3313,9,B,mobile,direct,37,6.8,8,1,0,0,0,0.0
3340,9,A,mobile,search,26,3.84,6,5,0,0,0,0.0
3383,9,A,mobile,social,25,4.57,9,1,0,0,0,0.0
3399,9,B,desktop,social,19,2.95,7,4,0,0,1,67.08
3411,9,A,mobile,ads,23,4.95,8,2,0,0,1,84.42
3412,9,B,mobile,direct,26,6.11,5,5,15,0,1,93.8
3477,9,B,mobile,search,48,1.28,7,2,5,0,1,103.72
3510,9,A,desktop,search,29,5.63,5,4,0,0,0,0.0
3544,9,A,desktop,search,33,0.83,10,1,5,0,1,67.92
3554,9,B,mobile,ads,33,2.92,4,6,5,0,0,0.0
3558,9,B,desktop,social,36,6.33,9,0,0,0,1,39.74
3591,9,B,desktop,ads,45,2.56,9,6,5,0,1,112.12
54,10,B,desktop,direct,37,4.91,6,2,5,0,0,0.0
92,10,B,mobile,social,49,3.29,8,3,0,0,1,92.44
114,10,A,desktop,search,34,4.47,8,2,10,0,1,45.84
122,10,B,desktop,social,47,3.01,14,2,5,0,0,0.0
130,10,B,mobile,ads,26,2.38,6,2,15,0,0,0.0
138,10,A,mobile,search,23,2.71,9,3,0,0,0,0.0
164,10,B,desktop,search,42,0.71,6,0,0,0,0,0.0
196,10,A,desktop,social,16,2.28,6,3,0,0,0,0.0
208,10,B,mobile,ads,28,2.86,6,2,0,0,0,0.0
215,10,B,desktop,social,47,2.34,11,1,0,0,0,0.0
242,10,B,mobile,ads,24,4.21,7,5,0,0,0,0.0
276,10,B,mobile,social,45,3.51,5,1,15,0,0,0.0
280,10,B,mobile,search,34,3.06,6,2,10,0,0,0.0
283,10,B,desktop,social,31,1.41,6,3,5,0,0,0.0
293,10,A,mobile,ads,28,3.63,5,3,5,0,0,0.0
333,10,B,desktop,ads,30,3.02,6,4,0,0,0,0.0
338,10,B,mobile,search,36,4.84,7,7,10,0,0,0.0
409,10,A,mobile,search,31,0.64,7,2,0,0,0,0.0
411,10,B,desktop,search,37,3.18,4,2,5,0,0,0.0
412,10,B,mobile,direct,29,4.18,7,1,5,0,1,97.63
415,10,B,desktop,social,28,4.09,6,1,5,0,0,0.0
453,10,A,mobile,social,38,4.37,7,3,0,0,0,0.0
464,10,B,mobile,ads,40,3.63,6,3,5,0,0,0.0
526,10,A,mobile,social,43,3.12,6,4,5,0,0,0.0
557,10,B,mobile,social,35,1.82,5,5,0,0,1,24.75
577,10,A,mobile,search,26,2.79,7,4,10,0,0,0.0
611,10,B,mobile,ads,31,2.52,4,1,0,0,0,0.0
671,10,A,mobile,ads,31,3.54,5,2,0,0,0,0.0
709,10,A,mobile,ads,21,3.68,11,3,0,0,0,0.0
742,10,A,mobile,search,16,2.21,10,2,0,0,0,0.0
810,10,A,mobile,search,22,4.87,7,5,0,0,1,60.37
819,10,A,desktop,search,37,1.52,9,4,10,0,0,0.0
837,10,B,mobile,social,28,3.2,9,3,0,0,1,103.57
847,10,A,mobile,ads,27,4.39,7,1,0,0,1,121.61
851,10,B,desktop,direct,23,4.88,8,3,5,0,0,0.0
862,10,B,mobile,social,24,3.09,6,4,0,0,0,0.0
876,10,B,desktop,search,24,2.74,10,5,5,0,0,0.0
914,10,B,mobile,social,25,5.57,9,2,0,0,0,0.0
934,10,A,mobile,ads,31,3.98,7,4,5,0,0,0.0
983,10,B,mobile,ads,35,4.32,10,2,5,0,0,0.0
1016,10,A,mobile,search,32,2.73,4,2,0,0,0,0.0
1030,10,B,desktop,social,23,4.63,6,2,0,0,0,0.0
1051,10,A,mobile,social,30,3.76,8,3,0,0,0,0.0
1058,10,A,desktop,direct,21,5.34,6,4,0,0,0,0.0
1088,10,A,mobile,search,36,4.07,7,4,0,0,1,47.9
1152,10,B,mobile,direct,36,2.34,6,4,0,0,0,0.0
1204,10,A,desktop,search,29,2.59,5,1,5,0,0,0.0
1253,10,A,mobile,search,28,3.35,11,2,0,0,0,0.0
1301,10,A,mobile,direct,46,4.02,11,4,0,0,1,66.97
1319,10,A,mobile,ads,16,2.83,4,2,5,0,0,0.0
1369,10,B,desktop,ads,37,2.18,4,5,5,0,0,0.0
1417,10,A,mobile,direct,28,5.17,6,2,5,0,1,51.38
1449,10,B,mobile,social,43,4.73,3,2,5,0,0,0.0
1461,10,A,desktop,ads,32,5.0,5,3,0,0,0,0.0
1477,10,B,desktop,search,36,4.03,4,4,5,0,0,0.0
1487,10,B,desktop,social,38,4.65,9,1,5,0,1,37.9
1510,10,A,mobile,ads,38,2.43,5,1,0,0,0,0.0
1518,10,A,desktop,social,27,3.54,5,1,10,0,0,0.0
1522,10,A,desktop,search,24,3.71,4,5,0,0,0,0.0
1531,10,A,mobile,social,32,2.56,6,0,5,0,0,0.0
1567,10,A,desktop,ads,40,2.6,4,6,0,0,1,47.2
1577,10,A,mobile,search,25,3.92,5,6,0,0,1,97.84
1651,10,B,desktop,ads,37,4.62,8,4,10,0,1,129.97
1678,10,B,desktop,ads,34,2.85,8,2,0,0,1,33.99
1798,10,A,mobile,social,32,5.6,7,4,5,0,0,0.0
1813,10,B,mobile,direct,31,4.48,7,8,0,0,0,0.0
1814,10,A,desktop,ads,29,1.17,9,5,10,0,0,0.0
1832,10,B,desktop,search,37,4.44,5,4,0,0,0,0.0
1833,10,B,desktop,ads,38,5.3,13,0,5,0,0,0.0
1841,10,B,desktop,search,32,4.57,5,1,5,0,1,15.85
1850,10,B,desktop,search,35,2.31,5,2,0,0,0,0.0
1890,10,A,mobile,social,36,1.44,5,2,0,0,0,0.0
1934,10,A,desktop,search,36,1.14,5,5,10,0,0,0.0
1935,10,B,desktop,direct,27,3.43,5,4,0,0,0,0.0
1979,10,A,mobile,ads,28,4.47,12,2,0,0,0,0.0
2014,10,A,mobile,direct,33,5.61,5,4,0,0,1,170.5
2060,10,B,mobile,search,20,6.26,8,1,10,0,0,0.0
2066,10,B,desktop,social,29,2.38,5,3,5,0,1,127.0
2075,10,A,mobile,direct,36,2.43,7,2,5,0,0,0.0
2145,10,A,mobile,social,36,2.96,4,1,0,0,0,0.0
2158,10,B,mobile,direct,27,2.75,5,2,5,0,0,0.0
2164,10,A,desktop,social,41,4.45,9,4,0,0,1,42.63
2203,10,B,desktop,ads,28,2.87,7,1,0,0,0,0.0
2249,10,A,desktop,search,42,2.82,5,6,15,0,0,0.0
2289,10,B,mobile,direct,36,2.91,4,5,5,0,0,0.0
2316,10,A,mobile,direct,33,5.43,4,5,0,0,0,0.0
2352,10,A,mobile,social,38,1.67,4,5,0,0,0,0.0
2355,10,A,desktop,social,37,3.86,10,4,0,0,0,0.0
2372,10,A,desktop,ads,35,5.0,3,7,0,0,1,55.66
2425,10,A,mobile,search,30,2.74,9,4,5,0,0,0.0
2432,10,B,mobile,ads,37,1.68,7,5,5,0,1,64.64
2436,10,A,mobile,search,39,4.75,6,3,5,0,1,175.13
2465,10,A,desktop,direct,35,4.94,6,2,0,0,0,0.0
2476,10,B,desktop,search,31,2.97,5,5,0,0,0,0.0
2517,10,B,desktop,ads,26,3.88,6,2,0,0,0,0.0
2541,10,A,desktop,search,27,1.71,6,2,0,0,1,28.26
2558,10,A,desktop,search,41,6.85,8,1,10,0,0,0.0
2587,10,A,mobile,search,42,2.52,5,0,15,0,0,0.0
2592,10,A,mobile,ads,32,6.86,5,8,0,0,1,63.77
2712,10,A,desktop,social,20,4.3,6,2,10,0,0,0.0
2723,10,B,desktop,search,43,4.53,16,3,0,0,0,0.0
2727,10,B,mobile,ads,38,4.24,11,1,5,0,0,0.0
2830,10,A,mobile,social,42,4.15,6,0,0,0,0,0.0
2845,10,B,mobile,search,32,3.02,7,5,5,0,0,0.0
2849,10,B,mobile,direct,18,3.39,6,1,5,0,0,0.0
2887,10,B,desktop,ads,22,2.7,6,1,0,0,1,87.65
2974,10,B,mobile,search,32,2.62,3,4,10,0,1,48.03
2985,10,B,mobile,social,21,2.58,7,2,0,0,0,0.0
3014,10,A,desktop,ads,40,2.46,3,3,0,0,0,0.0
3130,10,B,desktop,search,34,3.2,3,3,5,0,0,0.0
3136,10,A,mobile,ads,47,4.48,10,5,0,0,0,0.0
3139,10,A,desktop,ads,27,4.42,5,0,0,0,0,0.0
3154,10,B,mobile,search,35,0.4,5,2,10,0,0,0.0
3166,10,B,mobile,ads,44,3.26,5,4,0,0,0,0.0
3221,10,A,desktop,social,27,4.0,5,3,0,0,0,0.0
3282,10,A,mobile,ads,29,3.77,7,4,0,0,0,0.0
3359,10,B,mobile,search,33,3.87,8,3,10,0,0,0.0
3360,10,A,mobile,ads,18,5.85,7,6,10,0,1,14.88
3407,10,B,desktop,social,42,5.14,9,5,5,0,0,0.0
3422,10,B,desktop,social,30,2.34,9,3,5,0,0,0.0
3436,10,B,desktop,direct,36,5.39,9,5,5,0,0,0.0
3578,10,B,mobile,direct,42,6.11,4,1,0,0,0,0.0
3590,10,B,desktop,ads,19,3.65,4,3,5,0,0,0.0
3598,10,A,desktop,social,23,2.5,6,3,0,0,0,0.0
35,11,A,mobile,ads,35,5.67,6,6,0,0,0,0.0
65,11,B,desktop,ads,33,3.19,7,2,10,0,0,0.0
89,11,A,desktop,search,26,0.52,9,4,5,0,0,0.0
101,11,A,desktop,search,27,3.84,7,4,5,0,0,0.0
176,11,A,mobile,search,16,2.85,7,3,5,0,0,0.0
201,11,B,mobile,direct,22,1.59,5,1,0,0,0,0.0
231,11,B,mobile,social,27,3.7,8,2,10,0,0,0.0
256,11,B,mobile,ads,37,6.07,9,1,0,0,0,0.0
277,11,A,mobile,direct,29,4.17,6,2,5,0,0,0.0
340,11,A,desktop,search,37,5.17,6,0,5,0,0,0.0
349,11,A,desktop,search,21,3.07,6,2,5,0,0,0.0
352,11,A,mobile,search,30,4.33,5,5,0,0,0,0.0
376,11,B,mobile,search,34,3.03,10,5,5,0,0,0.0
377,11,B,desktop,social,24,1.51,6,1,5,0,1,76.14
378,11,B,desktop,ads,21,3.26,7,4,5,0,0,0.0
381,11,A,mobile,social,29,3.03,6,1,5,0,0,0.0
397,11,A,desktop,search,42,2.16,7,4,0,0,0,0.0
404,11,B,desktop,ads,18,3.77,6,6,0,0,0,0.0
455,11,A,mobile,search,22,3.2,5,3,0,0,0,0.0
466,11,B,desktop,ads,16,2.69,5,5,10,0,0,0.0
501,11,B,desktop,ads,45,2.73,10,4,5,0,0,0.0
559,11,B,desktop,direct,46,3.2,7,5,0,0,0,0.0
569,11,B,desktop,direct,21,3.71,11,3,0,0,0,0.0
629,11,A,mobile,ads,17,4.17,4,5,0,0,0,0.0
725,11,A,mobile,direct,33,5.92,7,2,0,0,0,0.0
733,11,A,mobile,ads,35,3.82,3,6,10,0,0,0.0
768,11,A,desktop,direct,39,0.75,10,1,0,0,1,85.33
772,11,A,desktop,search,30,3.5,3,3,15,0,0,0.0
776,11,A,mobile,ads,31,4.72,5,5,10,0,0,0.0
825,11,A,mobile,search,18,4.53,12,3,10,0,0,0.0
885,11,B,mobile,search,24,6.24,6,4,5,0,1,43.05
899,11,A,mobile,social,39,2.54,7,3,0,0,0,0.0
960,11,A,mobile,social,23,3.97,11,4,0,0,0,0.0
985,11,A,mobile,search,31,3.6,10,1,0,0,0,0.0
1048,11,B,mobile,search,36,4.2,8,6,0,0,0,0.0
1216,11,A,mobile,social,35,3.93,3,3,0,0,0,0.0
1242,11,A,mobile,social,23,4.54,8,3,5,0,0,0.0
1280,11,B,mobile,search,36,2.34,4,0,5,0,1,75.49
1295,11,A,desktop,social,45,3.1,6,2,0,0,0,0.0
1297,11,A,desktop,search,37,2.8,7,3,0,0,0,0.0
1339,11,B,desktop,ads,33,5.03,8,3,0,0,1,65.19
1350,11,A,desktop,ads,30,4.41,9,3,10,0,0,0.0
1362,11,B,mobile,ads,29,4.6,9,2,0,0,0,0.0
1364,11,B,desktop,search,33,2.07,6,2,5,0,0,0.0
1376,11,B,desktop,ads,34,4.59,5,2,10,0,1,50.4
1387,11,B,desktop,social,44,4.22,6,5,0,0,0,0.0
1435,11,A,mobile,social,26,2.59,6,3,0,0,0,0.0
1440,11,A,desktop,social,39,3.24,3,3,0,0,0,0.0
1474,11,A,mobile,search,17,4.18,4,3,5,0,0,0.0
1568,11,A,desktop,direct,32,2.64,2,2,0,0,0,0.0
1589,11,B,mobile,search,21,2.8,13,5,5,0,0,0.0
1593,11,A,desktop,social,26,4.68,9,3,5,0,1,85.41
1665,11,A,mobile,ads,16,2.83,10,1,0,0,0,0.0
1668,11,B,desktop,social,38,3.19,8,6,0,0,0,0.0
1699,11,A,desktop,search,30,1.83,6,5,5,0,1,79.58
1711,11,B,mobile,direct,37,3.4,6,4,0,0,1,31.96
1743,11,B,desktop,search,28,1.85,8,2,0,0,0,0.0
1802,11,A,desktop,direct,30,3.87,5,2,5,0,0,0.0
1837,11,B,mobile,ads,38,1.94,5,2,0,0,0,0.0
1858,11,A,desktop,direct,27,6.02,5,3,0,0,0,0.0
1891,11,B,mobile,social,31,1.95,4,3,0,0,0,0.0
1924,11,B,mobile,search,36,4.21,6,4,15,0,0,0.0
1956,11,B,mobile,social,30,6.26,4,3,10,0,0,0.0
1988,11,A,mobile,direct,30,3.08,5,2,5,0,0,0.0
2056,11,B,mobile,ads,26,3.7,5,4,5,0,0,0.0
2101,11,A,mobile,search,43,5.41,6,4,5,0,0,0.0
2120,11,A,mobile,social,24,2.04,8,2,5,0,0,0.0
2146,11,A,mobile,direct,40,4.06,6,2,5,0,0,0.0
2170,11,A,desktop,search,42,2.92,5,4,0,0,1,37.06
2173,11,A,desktop,search,56,3.04,4,1,5,0,0,0.0
2248,11,B,mobile,direct,26,1.91,3,4,0,0,0,0.0
2258,11,B,desktop,ads,31,5.51,10,4,0,0,1,141.19
2264,11,B,desktop,search,20,4.58,7,2,5,0,0,0.0
2299,11,B,mobile,direct,34,2.15,6,5,5,0,0,0.0
2308,11,B,mobile,search,32,6.27,7,1,0,0,0,0.0
2375,11,A,mobile,ads,30,3.45,7,3,0,0,0,0.0
2382,11,A,mobile,social,31,7.3,5,3,10,0,1,52.78
2391,11,B,desktop,ads,33,1.24,7,3,5,0,0,0.0
2458,11,B,mobile,search,44,2.49,11,3,10,0,0,0.0
2487,11,A,desktop,direct,44,0.4,6,5,0,0,1,27.34
2543,11,B,mobile,social,34,3.89,6,2,10,0,1,49.44
2598,11,B,desktop,ads,49,4.8,8,0,10,0,0,0.0
2625,11,B,mobile,ads,32,3.98,6,3,0,0,0,0.0
2631,11,B,mobile,direct,26,5.26,10,4,5,0,0,0.0
2649,11,A,desktop,search,43,2.84,7,2,0,0,0,0.0
2651,11,A,mobile,direct,20,3.84,8,0,5,0,0,0.0
2658,11,A,desktop,ads,33,3.97,8,6,0,0,1,22.75
2685,11,B,mobile,ads,21,1.31,6,4,0,0,1,83.15
2709,11,B,mobile,search,18,4.26,9,5,5,0,0,0.0
2739,11,B,desktop,search,38,3.14,3,1,0,0,0,0.0
2773,11,B,desktop,search,16,3.12,4,1,0,0,1,163.79
2777,11,A,mobile,search,37,6.32,10,3,0,0,0,0.0
2790,11,B,desktop,ads,28,4.27,8,4,0,0,0,0.0
2848,11,A,desktop,social,23,3.38,8,2,0,0,0,0.0
2863,11,A,mobile,search,35,2.79,9,8,0,0,1,57.8
2877,11,A,desktop,ads,33,5.52,6,3,0,0,0,0.0
2922,11,B,desktop,direct,34,5.96,9,3,5,0,0,0.0
2972,11,A,desktop,direct,32,3.11,4,5,0,0,1,59.36
3059,11,A,desktop,social,34,3.89,8,4,0,0,0,0.0
3189,11,B,mobile,social,43,5.6,9,1,0,0,0,0.0
3197,11,B,mobile,social,32,3.98,8,2,10,0,0,0.0
3209,11,A,mobile,search,31,3.59,3,5,0,0,0,0.0
3270,11,B,desktop,direct,35,2.6,4,1,10,0,0,0.0
3299,11,A,mobile,social,22,3.2,13,3,0,0,1,56.91
3341,11,A,mobile,ads,26,4.0,10,5,0,0,0,0.0
3345,11,A,desktop,direct,29,5.8,6,4,10,0,0,0.0
3353,11,B,desktop,direct,37,2.78,8,2,5,0,0,0.0
3387,11,A,mobile,social,20,4.23,11,3,0,0,0,0.0
3395,11,A,desktop,social,29,1.99,11,0,10,0,0,0.0
3501,11,A,desktop,direct,23,3.12,5,4,0,0,0,0.0
3518,11,A,mobile,search,25,2.66,7,2,0,0,0,0.0
3564,11,B,mobile,social,36,4.1,6,3,0,0,0,0.0
3595,11,A,desktop,social,26,2.23,9,0,15,0,0,0.0
9,12,B,mobile,search,47,4.48,3,5,0,0,0,0.0
16,12,A,desktop,ads,39,3.91,5,1,0,0,0,0.0
97,12,A,mobile,direct,16,5.95,9,2,5,0,1,76.34
108,12,A,mobile,search,29,4.65,6,3,0,0,0,0.0
178,12,A,mobile,search,34,5.38,9,8,10,0,1,60.2
244,12,A,mobile,social,33,3.78,7,3,15,0,0,0.0
282,12,A,desktop,direct,34,2.68,7,2,5,0,0,0.0
289,12,B,mobile,search,34,4.09,7,4,5,0,0,0.0
298,12,B,mobile,search,30,1.77,4,4,0,0,0,0.0
308,12,A,mobile,ads,21,2.1,8,4,5,0,0,0.0
316,12,B,desktop,ads,28,4.73,4,1,5,0,0,0.0
351,12,B,desktop,social,27,3.27,7,0,5,0,0,0.0
353,12,B,mobile,social,19,5.22,6,3,0,0,0,0.0
489,12,B,mobile,social,27,2.71,7,0,5,0,0,0.0
524,12,B,mobile,direct,28,4.21,10,3,0,0,1,48.21
567,12,B,mobile,ads,24,3.95,8,4,5,0,0,0.0
576,12,A,desktop,social,27,4.49,5,3,10,0,0,0.0
592,12,B,desktop,ads,26,1.81,5,5,0,0,0,0.0
677,12,A,mobile,ads,41,4.53,6,5,0,0,1,63.42
721,12,A,mobile,ads,25,1.64,9,4,5,0,0,0.0
730,12,A,mobile,search,29,5.39,5,3,0,0,1,28.08
732,12,B,mobile,search,26,0.4,5,1,0,0,0,0.0
740,12,B,desktop,search,26,2.73,8,4,5,0,0,0.0
744,12,B,mobile,search,18,6.03,8,4,0,0,0,0.0
773,12,B,mobile,ads,33,3.6,10,3,15,0,0,0.0
784,12,B,desktop,ads,20,1.89,7,2,0,0,0,0.0
790,12,B,mobile,social,35,4.13,6,7,5,0,1,67.61
823,12,B,mobile,ads,31,3.64,6,1,10,0,0,0.0
900,12,B,desktop,ads,28,2.69,9,1,15,0,1,86.43
937,12,A,desktop,social,34,5.76,3,3,0,0,0,0.0
947,12,A,desktop,social,34,3.96,6,5,5,0,0,0.0
951,12,A,desktop,ads,31,3.42,4,0,10,0,0,0.0
980,12,A,desktop,social,46,5.42,6,4,15,0,0,0.0
1047,12,A,mobile,social,38,1.15,10,4,0,0,0,0.0
1122,12,B,mobile,social,46,1.09,5,2,10,0,0,0.0
1183,12,B,mobile,search,32,3.28,7,3,10,0,0,0.0
1229,12,A,desktop,search,42,5.2,4,3,10,0,0,0.0
1249,12,B,mobile,ads,33,1.88,9,2,10,0,0,0.0
1269,12,B,desktop,ads,32,0.4,3,4,0,0,0,0.0
1272,12,B,desktop,ads,35,4.5,6,2,0,0,0,0.0
1284,12,B,mobile,ads,40,4.78,8,1,5,0,1,58.24
1317,12,A,mobile,direct,28,3.94,4,3,5,0,0,0.0
1330,12,B,desktop,search,33,5.45,7,2,0,0,0,0.0
1412,12,A,desktop,direct,25,1.98,10,2,0,0,0,0.0
1421,12,B,mobile,social,18,3.34,6,4,5,0,0,0.0
1427,12,A,mobile,ads,39,5.64,4,2,0,0,0,0.0
1466,12,A,mobile,search,16,6.2,6,2,10,0,0,0.0
1553,12,B,desktop,social,16,3.89,7,0,10,0,0,0.0
1610,12,A,desktop,ads,37,5.03,7,2,5,0,0,0.0
1630,12,A,desktop,search,27,3.03,6,4,0,0,1,70.79
1667,12,B,mobile,search,38,3.46,8,5,5,0,0,0.0
1687,12,A,mobile,search,33,4.01,4,2,10,0,0,0.0
1731,12,B,mobile,search,26,5.58,8,2,10,0,0,0.0
1741,12,A,desktop,search,29,2.79,3,3,0,0,0,0.0
1763,12,B,desktop,search,16,3.27,7,3,0,0,1,34.63
1794,12,A,mobile,direct,38,2.21,9,2,15,0,0,0.0
1859,12,A,desktop,social,30,2.36,5,1,10,0,1,84.34
1902,12,A,mobile,search,42,4.48,6,5,5,0,0,0.0
1914,12,B,mobile,search,34,5.08,4,5,10,0,0,0.0
1955,12,B,mobile,direct,27,2.7,4,6,5,0,0,0.0
2021,12,A,desktop,ads,32,4.4,9,4,10,0,0,0.0
2049,12,A,mobile,search,39,4.27,4,0,0,0,0,0.0
2053,12,A,mobile,ads,28,2.51,4,3,5,0,0,0.0
2059,12,A,mobile,direct,22,4.01,8,5,5,0,0,0.0
2139,12,B,desktop,search,16,2.97,5,3,0,0,1,40.39
2147,12,B,mobile,ads,25,2.73,4,0,10,0,0,0.0
2195,12,B,mobile,direct,35,1.34,6,3,0,0,0,0.0
2199,12,B,mobile,social,46,6.14,7,2,0,0,0,0.0
2211,12,B,mobile,ads,27,4.66,6,4,5,0,0,0.0
2252,12,B,desktop,social,29,2.31,6,3,0,0,0,0.0
2268,12,A,desktop,ads,38,4.02,7,3,0,0,0,0.0
2301,12,A,desktop,search,25,4.13,2,4,5,0,0,0.0
2306,12,B,mobile,ads,29,4.2,7,3,5,0,1,22.12
2327,12,B,mobile,direct,24,5.76,8,5,5,0,1,40.4
2384,12,B,desktop,ads,43,4.23,7,6,0,0,0,0.0
2461,12,B,mobile,search,34,3.0,3,1,5,0,0,0.0
2463,12,B,desktop,social,39,6.21,8,3,5,0,1,110.54
2561,12,A,mobile,social,24,2.35,9,4,0,0,0,0.0
2601,12,A,desktop,social,41,2.63,4,2,5,0,0,0.0
2605,12,A,desktop,direct,40,3.06,3,3,5,0,0,0.0
2633,12,A,desktop,search,43,6.08,11,2,5,0,1,86.94
2647,12,A,mobile,ads,32,2.65,12,2,0,0,0,0.0
2675,12,A,mobile,social,41,3.56,5,3,10,0,0,0.0
2684,12,A,mobile,social,24,3.67,7,4,0,0,0,0.0
2686,12,B,mobile,search,20,5.98,6,5,15,0,0,0.0
2699,12,A,desktop,ads,30,6.0,6,1,0,0,0,0.0
2700,12,B,mobile,social,30,1.13,6,7,0,0,0,0.0
2756,12,A,mobile,direct,16,1.83,4,6,5,0,1,15.28
2757,12,A,mobile,ads,28,4.16,6,4,5,0,0,0.0
2766,12,B,desktop,ads,16,3.96,8,2,0,0,0,0.0
2768,12,B,desktop,ads,39,4.84,3,2,0,0,0,0.0
2769,12,B,mobile,direct,18,2.31,10,2,0,0,0,0.0
2793,12,B,desktop,ads,34,2.52,3,3,0,0,0,0.0
2798,12,B,mobile,search,50,3.69,5,3,0,0,0,0.0
2834,12,A,mobile,search,21,4.3,6,1,5,0,0,0.0
2839,12,A,mobile,ads,29,4.1,8,4,0,0,0,0.0
2911,12,A,desktop,ads,30,4.03,4,1,5,0,0,0.0
2927,12,B,mobile,search,19,2.93,4,4,10,0,0,0.0
2988,12,B,desktop,social,36,5.11,9,5,0,0,1,24.2
2992,12,A,mobile,ads,16,1.54,9,3,5,0,0,0.0
3090,12,A,desktop,ads,39,4.07,5,4,5,0,0,0.0
3113,12,B,desktop,social,37,2.83,6,4,5,0,0,0.0
3148,12,B,mobile,social,36,1.47,8,3,5,0,0,0.0
3153,12,B,desktop,ads,36,4.58,7,6,0,0,0,0.0
3274,12,A,desktop,search,40,4.79,6,6,0,0,1,55.58
3279,12,B,mobile,direct,40,3.72,5,4,5,0,1,72.88
3369,12,A,mobile,search,17,1.88,8,4,0,0,0,0.0
3374,12,A,desktop,social,35,4.13,9,1,5,0,0,0.0
3379,12,B,mobile,direct,33,2.85,6,1,0,0,0,0.0
3401,12,A,desktop,social,25,2.67,8,3,5,0,0,0.0
3420,12,A,desktop,ads,16,3.45,8,5,5,0,0,0.0
3423,12,A,mobile,ads,37,4.73,8,3,5,0,1,39.68
3453,12,A,mobile,search,42,4.56,7,3,5,0,0,0.0
3454,12,B,desktop,ads,44,1.09,2,3,0,0,0,0.0
3464,12,A,mobile,direct,39,5.09,10,6,5,0,1,13.21
3508,12,A,desktop,social,35,6.56,11,4,0,0,0,0.0
3559,12,B,desktop,search,27,3.35,4,3,10,0,0,0.0
3599,12,A,mobile,search,17,4.29,8,2,0,0,0,0.0
14,13,A,desktop,search,42,5.07,7,3,10,1,1,40.97
34,13,A,desktop,search,34,5.65,7,1,5,1,1,34.79
38,13,B,desktop,search,38,3.12,7,1,10,1,0,0.0
48,13,B,mobile,ads,33,0.4,3,5,0,1,0,0.0
88,13,B,mobile,search,45,3.01,4,5,10,1,0,0.0
145,13,B,mobile,ads,50,0.84,3,2,0,1,1,62.51
180,13,A,mobile,ads,44,5.3,5,2,10,1,0,0.0
226,13,B,desktop,social,41,2.32,6,7,5,1,0,0.0
227,13,A,desktop,search,29,3.87,9,3,0,1,0,0.0
258,13,A,mobile,search,22,4.8,7,6,0,1,0,0.0
278,13,A,desktop,search,16,3.08,6,3,0,1,0,0.0
290,13,A,mobile,direct,37,2.95,6,1,10,1,0,0.0
292,13,A,mobile,direct,23,4.27,8,1,0,1,0,0.0
317,13,A,mobile,search,42,4.21,7,5,5,1,0,0.0
342,13,B,desktop,search,38,2.16,8,0,0,1,0,0.0
350,13,A,desktop,search,35,3.2,8,2,10,1,1,54.55
375,13,A,desktop,search,26,4.67,8,3,5,1,1,62.88
410,13,B,desktop,social,22,4.84,8,4,0,1,1,27.92
422,13,B,mobile,search,27,4.87,5,4,5,1,0,0.0
460,13,A,mobile,ads,31,3.26,6,4,10,1,0,0.0
495,13,B,desktop,ads,22,5.84,7,3,15,1,0,0.0
532,13,A,desktop,ads,35,1.99,6,5,15,1,1,40.08
549,13,A,desktop,ads,40,4.05,8,3,5,1,0,0.0
571,13,A,desktop,social,16,4.7,8,2,0,1,0,0.0
575,13,B,desktop,ads,41,4.38,10,4,5,1,0,0.0
583,13,A,desktop,ads,20,3.24,5,4,5,1,1,39.23
746,13,B,desktop,social,33,2.42,7,1,5,1,0,0.0
783,13,B,desktop,social,42,6.82,8,2,5,1,0,0.0
793,13,B,desktop,ads,40,2.85,5,3,0,1,0,0.0
807,13,B,desktop,ads,31,1.85,6,4,5,1,0,0.0
887,13,A,desktop,search,28,5.15,6,2,0,1,0,0.0
905,13,B,desktop,direct,34,1.78,9,6,10,1,0,0.0
925,13,A,desktop,direct,27,1.48,4,5,5,1,0,0.0
1009,13,B,desktop,direct,32,4.58,9,3,5,1,0,0.0
1050,13,A,desktop,direct,26,2.69,5,2,5,1,0,0.0
1090,13,A,mobile,social,44,4.21,5,1,5,1,0,0.0
1123,13,A,desktop,search,33,3.38,4,3,5,1,1,126.91
1127,13,A,mobile,search,17,4.34,6,1,0,1,0,0.0
1162,13,A,desktop,social,32,4.56,8,0,0,1,0,0.0
1165,13,A,desktop,ads,22,4.74,4,4,0,1,1,47.12
1172,13,A,desktop,direct,18,1.87,7,3,0,1,1,17.08
1200,13,A,mobile,search,24,5.42,8,3,5,1,0,0.0
1202,13,B,mobile,ads,28,4.34,5,0,0,1,0,0.0
1307,13,B,desktop,social,36,5.16,7,5,10,1,1,55.33
1338,13,A,desktop,social,43,4.11,7,2,5,1,0,0.0
1374,13,A,mobile,search,39,6.99,5,2,15,1,0,0.0
1388,13,B,desktop,search,32,4.43,5,6,0,1,1,86.98
1397,13,B,desktop,search,23,2.82,8,5,0,1,0,0.0
1482,13,B,mobile,direct,42,3.99,8,3,10,1,1,84.56
1483,13,A,desktop,ads,30,1.07,8,4,0,1,0,0.0
1496,13,B,desktop,social,35,4.68,9,1,5,1,0,0.0
1547,13,B,mobile,social,29,4.07,7,7,5,1,1,34.49
1576,13,B,desktop,search,28,6.3,3,7,0,1,0,0.0
1580,13,B,desktop,search,40,1.56,5,4,5,1,0,0.0
1594,13,A,desktop,ads,33,1.41,6,3,5,1,0,0.0
1604,13,A,mobile,search,47,5.95,5,1,0,1,0,0.0
1716,13,B,mobile,ads,35,2.22,8,3,5,1,0,0.0
1749,13,A,mobile,social,19,4.23,5,3,0,1,0,0.0
1785,13,A,desktop,ads,31,4.1,7,2,0,1,0,0.0
1791,13,B,desktop,search,29,5.36,8,2,0,1,0,0.0
1810,13,B,desktop,ads,37,3.22,8,9,5,1,0,0.0
1899,13,B,desktop,ads,34,6.28,6,1,15,1,0,0.0
1908,13,A,desktop,ads,31,4.7,3,7,5,1,0,0.0
1917,13,B,mobile,ads,27,5.94,9,3,0,1,0,0.0
1933,13,A,mobile,ads,16,1.17,7,1,0,1,0,0.0
1947,13,A,mobile,search,33,4.72,10,3,5,1,0,0.0
1991,13,B,mobile,ads,40,4.32,4,4,15,1,1,108.45
2007,13,A,desktop,direct,41,1.27,6,3,5,1,0,0.0
2013,13,A,mobile,search,17,4.0,4,1,0,1,0,0.0
2050,13,B,mobile,ads,45,0.4,8,4,10,1,1,18.7
2057,13,A,desktop,ads,48,1.61,11,5,0,1,1,244.64
2076,13,A,mobile,direct,42,3.67,5,5,0,1,0,0.0
2081,13,B,mobile,direct,21,2.86,7,4,5,1,0,0.0
2082,13,B,desktop,search,30,2.97,7,4,0,1,0,0.0
2084,13,A,mobile,social,24,3.07,4,5,5,1,0,0.0
2100,13,A,desktop,ads,30,3.51,10,2,10,1,1,107.77
2104,13,B,mobile,direct,27,6.38,8,3,5,1,1,102.48
2122,13,A,desktop,social,27,2.78,8,5,0,1,1,89.4
2128,13,B,desktop,social,33,4.76,7,1,5,1,0,0.0
2160,13,B,mobile,search,48,4.12,7,6,10,1,0,0.0
2172,13,B,mobile,direct,35,5.12,8,1,0,1,0,0.0
2208,13,A,mobile,ads,45,3.08,4,2,10,1,1,139.12
2220,13,B,desktop,direct,23,6.05,7,0,0,1,1,77.7
2242,13,B,mobile,search,16,1.93,6,6,0,1,0,0.0
2243,13,A,desktop,social,36,2.61,6,4,5,1,0,0.0
2325,13,A,desktop,social,21,4.91,6,1,5,1,0,0.0
2342,13,A,mobile,direct,31,2.8,8,1,5,1,0,0.0
2347,13,B,mobile,ads,38,6.76,7,2,10,1,0,0.0
2356,13,B,mobile,search,35,2.69,7,4,0,1,1,8.82
2426,13,B,desktop,ads,16,2.09,6,3,5,1,0,0.0
2434,13,B,mobile,search,28,5.22,3,3,0,1,0,0.0
2464,13,B,desktop,search,49,4.28,10,0,0,1,0,0.0
2469,13,A,mobile,direct,28,2.8,6,2,5,1,0,0.0
2503,13,B,desktop,search,19,3.19,10,1,0,1,0,0.0
2540,13,B,desktop,direct,32,6.57,8,2,0,1,0,0.0
2607,13,B,desktop,ads,48,3.59,8,4,5,1,0,0.0
2616,13,B,desktop,search,16,2.84,8,7,0,1,1,66.94
2644,13,A,desktop,social,33,4.47,5,3,5,1,0,0.0
2653,13,A,desktop,search,26,2.31,6,10,5,1,0,0.0
2659,13,B,mobile,ads,32,5.3,3,3,5,1,0,0.0
2663,13,B,mobile,social,33,6.19,6,3,0,1,0,0.0
2671,13,A,mobile,ads,36,4.99,10,1,5,1,0,0.0
2718,13,B,desktop,search,35,3.76,9,3,0,1,0,0.0
2750,13,A,mobile,search,56,1.06,9,2,0,1,1,56.11
2779,13,A,desktop,search,30,3.08,4,2,0,1,0,0.0
2820,13,A,mobile,social,20,3.77,3,4,0,1,0,0.0
2874,13,B,mobile,ads,39,2.55,6,5,5,1,0,0.0
2876,13,B,desktop,ads,33,3.33,8,4,5,1,0,0.0
2897,13,A,mobile,ads,29,2.48,9,1,0,1,0,0.0
2919,13,A,mobile,ads,41,3.32,7,2,5,1,0,0.0
2929,13,B,desktop,social,27,6.22,11,2,5,1,0,0.0
2934,13,B,mobile,search,34,2.26,8,1,0,1,0,0.0
2981,13,A,mobile,social,27,3.78,6,4,5,1,0,0.0
3021,13,B,mobile,ads,27,5.53,8,3,5,1,0,0.0
3032,13,B,desktop,search,33,3.1,10,9,0,1,0,0.0
3038,13,B,desktop,ads,19,4.77,6,3,15,1,1,41.21
3096,13,B,mobile,search,26,2.88,9,5,0,1,0,0.0
3114,13,B,mobile,ads,34,4.12,11,3,0,1,1,36.54
3124,13,A,mobile,ads,46,6.12,6,4,5,1,0,0.0
3172,13,B,mobile,social,44,4.3,5,4,10,1,0,0.0
3206,13,A,mobile,social,30,4.41,10,7,0,1,0,0.0
3225,13,A,desktop,social,33,5.01,3,4,0,1,0,0.0
3256,13,B,desktop,ads,37,3.32,5,2,0,1,0,0.0
3260,13,A,mobile,social,34,4.37,7,3,0,1,0,0.0
3277,13,B,desktop,ads,25,3.52,6,5,0,1,0,0.0
3284,13,A,mobile,direct,19,1.75,10,2,0,1,0,0.0
3302,13,A,mobile,search,31,3.61,4,2,5,1,0,0.0
3306,13,B,desktop,social,21,2.8,10,2,0,1,1,214.64
3325,13,A,mobile,social,40,3.26,7,3,0,1,0,0.0
3337,13,B,desktop,social,23,2.95,5,2,10,1,0,0.0
3338,13,B,mobile,social,42,2.13,10,0,15,1,1,29.84
3357,13,B,desktop,ads,26,4.43,11,4,0,1,1,74.14
3370,13,B,mobile,direct,38,3.62,6,1,5,1,0,0.0
3380,13,A,desktop,ads,23,3.85,3,3,0,1,1,33.84
3393,13,B,desktop,search,27,2.14,10,1,0,1,0,0.0
3398,13,B,desktop,ads,18,4.17,4,3,10,1,0,0.0
3461,13,A,mobile,search,30,5.7,3,4,5,1,1,52.23
3469,13,A,mobile,direct,22,4.55,7,1,5,1,0,0.0
3504,13,A,desktop,search,39,1.16,5,1,10,1,0,0.0
3557,13,B,mobile,search,26,5.08,8,2,5,1,0,0.0
3579,13,B,desktop,ads,22,3.9,6,0,0,1,0,0.0
3583,13,A,mobile,search,26,3.74,6,5,10,1,0,0.0
1,14,A,mobile,ads,16,6.55,5,4,5,0,0,0.0
2,14,B,desktop,social,30,6.0,5,3,10,0,0,0.0
8,14,A,desktop,direct,16,3.96,8,2,0,0,0,0.0
12,14,B,mobile,social,22,3.35,6,3,15,0,0,0.0
41,14,B,desktop,ads,29,1.29,5,6,0,0,0,0.0
69,14,B,desktop,ads,35,3.66,6,2,0,0,1,16.63
98,14,B,mobile,ads,38,5.24,5,4,5,0,1,56.5
102,14,B,desktop,social,23,4.28,4,2,0,0,0,0.0
121,14,A,mobile,direct,34,4.44,4,2,10,0,0,0.0
125,14,B,desktop,ads,41,2.98,7,1,5,0,0,0.0
134,14,B,mobile,direct,34,7.28,8,2,10,0,0,0.0
154,14,B,desktop,search,34,1.55,8,5,0,0,0,0.0
169,14,B,desktop,direct,34,3.26,5,1,15,0,0,0.0
181,14,B,mobile,search,29,2.8,8,3,5,0,0,0.0
182,14,A,mobile,ads,32,3.87,6,4,5,0,1,43.33
270,14,A,desktop,ads,17,2.27,6,4,10,0,0,0.0
309,14,A,mobile,search,41,4.18,8,4,0,0,0,0.0
391,14,B,desktop,ads,46,2.62,5,3,0,0,1,75.55
424,14,B,desktop,ads,30,3.12,3,3,0,0,0,0.0
457,14,A,desktop,social,19,3.44,6,1,0,0,0,0.0
462,14,B,mobile,direct,24,2.0,5,4,5,0,0,0.0
478,14,B,mobile,social,26,2.96,4,4,0,0,1,20.04
517,14,A,mobile,search,35,3.31,4,0,10,0,0,0.0
544,14,B,mobile,direct,36,2.86,3,1,0,0,0,0.0
558,14,B,mobile,social,28,3.29,4,4,0,0,0,0.0
588,14,A,desktop,direct,35,4.76,8,3,0,0,0,0.0
620,14,B,mobile,social,31,4.73,8,2,0,0,0,0.0
638,14,A,desktop,search,25,4.48,7,1,15,0,0,0.0
646,14,A,mobile,search,33,3.2,7,0,5,0,0,0.0
674,14,B,mobile,direct,24,4.11,5,6,5,0,0,0.0
685,14,B,mobile,social,34,3.36,5,3,5,0,1,29.0
722,14,B,mobile,ads,30,4.83,7,4,10,0,0,0.0
759,14,B,desktop,social,24,1.72,4,2,5,0,0,0.0
787,14,B,desktop,social,43,3.63,5,0,5,0,0,0.0
805,14,A,mobile,social,54,0.4,5,1,5,0,0,0.0
838,14,B,desktop,social,16,4.75,11,3,0,0,0,0.0
949,14,B,mobile,direct,34,3.21,3,7,0,0,1,14.79
968,14,A,desktop,search,33,5.03,8,4,0,0,1,103.65
979,14,B,desktop,search,48,3.27,4,2,0,0,0,0.0
992,14,B,desktop,ads,26,6.48,7,6,0,0,0,0.0
1031,14,B,mobile,ads,33,3.05,7,2,10,0,1,29.05
1033,14,A,mobile,social,39,4.44,7,4,0,0,0,0.0
1089,14,A,mobile,social,38,4.33,5,2,0,0,0,0.0
1098,14,B,mobile,direct,39,0.56,5,2,15,0,1,52.95
1132,14,B,mobile,search,45,3.57,7,5,10,0,0,0.0
1140,14,A,mobile,social,36,2.86,6,4,0,0,1,87.69
1176,14,B,mobile,ads,35,6.63,6,7,0,0,1,55.81
1205,14,B,mobile,ads,34,4.37,7,0,0,0,0,0.0
1221,14,B,mobile,social,25,3.62,6,7,5,0,0,0.0
1230,14,A,desktop,social,33,5.13,5,1,10,0,0,0.0
1248,14,B,mobile,search,35,7.52,6,2,10,0,0,0.0
1252,14,B,desktop,direct,30,6.11,9,0,5,0,1,36.55
1255,14,A,desktop,social,24,5.68,8,3,15,0,0,0.0
1320,14,A,desktop,ads,31,2.96,5,7,10,0,0,0.0
1321,14,A,desktop,search,30,4.59,8,2,0,0,0,0.0
1351,14,B,desktop,search,35,2.38,4,3,15,0,0,0.0
1371,14,A,mobile,direct,22,4.19,6,0,10,0,0,0.0
1373,14,B,desktop,social,22,7.16,7,5,0,0,1,20.08
1380,14,A,mobile,search,35,3.98,10,5,10,0,0,0.0
1381,14,A,mobile,search,41,6.25,11,2,0,0,0,0.0
1478,14,A,desktop,direct,32,3.34,5,1,15,0,0,0.0
1485,14,B,desktop,social,26,4.27,5,2,5,0,0,0.0
1508,14,B,desktop,social,16,2.47,5,3,5,0,0,0.0
1520,14,A,mobile,social,24,3.21,8,5,5,0,1,161.38
1607,14,B,mobile,search,28,3.3,4,0,10,0,1,57.89
1623,14,A,mobile,ads,25,5.23,7,5,0,0,0,0.0
1641,14,A,mobile,social,30,2.39,4,3,10,0,0,0.0
1653,14,A,mobile,search,23,4.37,8,1,5,0,0,0.0
1658,14,B,desktop,ads,31,7.47,6,1,0,0,0,0.0
1663,14,B,mobile,ads,26,2.96,5,2,5,0,0,0.0
1684,14,B,mobile,search,16,4.19,7,5,5,0,0,0.0
1722,14,A,mobile,social,18,3.27,4,3,0,0,0,0.0
1739,14,A,mobile,direct,35,3.1,8,2,0,0,0,0.0
1747,14,A,desktop,ads,38,2.6,8,4,10,0,0,0.0
1764,14,A,mobile,ads,40,2.08,6,3,0,0,1,28.23
1775,14,B,mobile,social,35,6.17,6,1,10,0,0,0.0
1815,14,B,desktop,ads,43,3.92,6,2,5,0,1,27.14
1821,14,B,mobile,ads,20,6.56,6,2,5,0,0,0.0
1840,14,B,mobile,search,40,4.71,7,2,0,0,0,0.0
1848,14,A,mobile,search,21,2.84,9,0,5,0,0,0.0
1887,14,A,desktop,ads,27,3.14,3,2,5,0,1,57.26
1900,14,A,mobile,search,34,3.12,6,0,5,0,0,0.0
1927,14,B,mobile,ads,46,3.67,4,3,10,0,1,91.77
1943,14,B,mobile,search,16,1.34,11,3,0,0,1,38.69
1997,14,A,desktop,social,30,2.26,8,2,0,0,0,0.0
2004,14,A,mobile,ads,19,2.29,8,3,5,0,0,0.0
2031,14,B,mobile,search,17,5.69,6,1,0,0,0,0.0
2038,14,A,desktop,social,24,3.28,5,2,5,0,1,26.17
2062,14,A,mobile,direct,30,2.86,5,5,5,0,1,55.93
2102,14,B,mobile,ads,34,2.84,11,3,15,0,0,0.0
2134,14,B,mobile,search,21,2.28,9,5,0,0,0,0.0
2138,14,B,desktop,search,33,3.81,6,2,10,0,1,30.9
2207,14,A,mobile,search,46,2.25,7,4,0,0,0,0.0
2229,14,A,mobile,search,20,5.2,10,2,0,0,0,0.0
2314,14,A,desktop,ads,34,4.7,7,3,5,0,0,0.0
2319,14,B,mobile,ads,47,2.27,4,3,0,0,0,0.0
2328,14,A,mobile,direct,22,3.32,3,1,0,0,0,0.0
2333,14,B,mobile,search,43,4.25,5,5,10,0,0,0.0
2335,14,B,desktop,social,36,4.33,3,1,0,0,0,0.0
2409,14,B,mobile,ads,25,3.52,5,1,0,0,0,0.0
2423,14,B,desktop,ads,22,4.14,9,5,0,0,1,77.02
2442,14,B,mobile,social,34,3.26,9,2,5,0,1,89.11
2488,14,B,desktop,social,38,3.09,7,2,5,0,0,0.0
2501,14,A,desktop,direct,43,0.5,8,5,5,0,0,0.0
2508,14,B,mobile,search,19,3.74,5,4,15,0,1,67.62
2509,14,B,mobile,ads,28,0.49,4,2,5,0,0,0.0
2510,14,A,mobile,social,43,3.22,8,5,0,0,0,0.0
2600,14,A,mobile,search,36,2.35,8,4,0,0,1,60.69
2615,14,A,mobile,ads,33,1.77,9,1,5,0,0,0.0
2636,14,B,mobile,search,29,3.03,3,5,0,0,0,0.0
2639,14,B,mobile,search,33,1.6,8,0,0,0,0,0.0
2698,14,B,mobile,search,26,4.22,9,6,0,0,0,0.0
2707,14,A,desktop,ads,48,5.19,6,2,10,0,1,35.66
2772,14,A,mobile,search,33,4.46,5,3,0,0,0,0.0
2774,14,A,mobile,ads,19,4.11,4,1,0,0,0,0.0
2780,14,B,mobile,direct,30,3.6,10,0,0,0,0,0.0
2815,14,A,desktop,search,27,5.53,4,2,0,0,0,0.0
2868,14,B,desktop,social,31,5.6,7,1,0,0,0,0.0
2871,14,B,mobile,search,39,0.4,7,5,0,0,1,126.04
2873,14,B,mobile,direct,19,6.47,3,6,5,0,1,45.97
2884,14,B,desktop,social,36,5.96,7,10,0,0,0,0.0
2904,14,B,mobile,search,21,2.39,7,6,0,0,0,0.0
2924,14,A,mobile,social,32,4.78,8,1,0,0,0,0.0
2958,14,B,desktop,social,34,3.8,5,3,5,0,0,0.0
2980,14,B,mobile,search,36,3.09,6,5,0,0,0,0.0
2991,14,B,mobile,social,29,4.69,8,0,15,0,0,0.0
3010,14,A,desktop,social,39,3.97,6,2,5,0,0,0.0
3013,14,B,mobile,ads,49,3.64,8,3,15,0,0,0.0
3022,14,A,mobile,direct,39,4.05,6,1,0,0,0,0.0
3041,14,B,mobile,search,39,0.49,9,1,10,0,1,34.87
3049,14,A,desktop,social,30,4.39,6,4,0,0,0,0.0
3075,14,B,mobile,social,16,2.44,6,1,5,0,0,0.0
3091,14,B,mobile,search,34,5.12,10,8,5,0,1,134.75
3126,14,B,desktop,search,25,0.59,5,4,0,0,0,0.0
3205,14,A,desktop,search,36,2.28,6,2,5,0,1,160.57
3210,14,B,desktop,ads,33,3.68,4,1,10,0,1,193.29
3226,14,A,mobile,ads,39,4.39,7,2,0,0,0,0.0
3281,14,A,desktop,direct,32,2.88,3,4,0,0,0,0.0
3352,14,B,desktop,search,31,3.51,5,5,5,0,0,0.0
3358,14,A,mobile,social,40,3.04,9,3,10,0,1,64.06
3367,14,B,mobile,social,38,2.99,3,0,5,0,0,0.0
3424,14,B,mobile,search,60,3.8,9,0,0,0,0,0.0
3448,14,A,mobile,search,35,3.29,8,1,5,0,1,27.9
3502,14,A,mobile,social,31,2.92,9,5,0,0,1,11.38
3555,14,A,desktop,social,17,2.58,7,2,5,0,1,42.52
165,15,B,desktop,social,31,5.67,7,3,0,0,1,30.25
265,15,B,mobile,ads,32,3.06,6,5,10,0,1,124.69
291,15,B,mobile,search,41,4.41,8,2,5,0,0,0.0
320,15,B,desktop,search,45,3.4,6,3,0,0,0,0.0
357,15,B,desktop,ads,30,1.94,5,1,0,0,0,0.0
386,15,B,mobile,ads,27,2.54,6,4,0,0,0,0.0
431,15,B,mobile,social,48,3.86,13,7,0,0,0,0.0
518,15,B,mobile,search,32,4.95,7,2,0,0,1,52.78
536,15,A,mobile,ads,22,2.4,9,3,10,0,0,0.0
586,15,B,desktop,search,25,5.45,7,1,0,0,0,0.0
596,15,A,mobile,ads,37,5.2,6,5,0,0,0,0.0
636,15,A,mobile,direct,31,1.81,13,2,5,0,0,0.0
640,15,B,mobile,ads,35,3.51,2,4,5,0,0,0.0
688,15,A,mobile,ads,30,4.19,6,3,5,0,0,0.0
718,15,B,desktop,ads,23,3.56,7,2,0,0,0,0.0
771,15,B,desktop,search,31,3.55,7,4,0,0,0,0.0
788,15,B,mobile,direct,43,4.79,6,2,0,0,1,55.15
795,15,B,mobile,ads,24,3.89,9,1,0,0,1,121.61
861,15,A,mobile,direct,23,3.04,8,3,10,0,0,0.0
870,15,B,desktop,search,35,2.78,6,3,0,0,0,0.0
874,15,B,desktop,search,50,2.96,6,1,0,0,1,60.88
889,15,A,mobile,search,23,3.42,7,5,5,0,0,0.0
924,15,A,mobile,direct,32,4.49,8,1,0,0,0,0.0
926,15,B,mobile,search,38,2.95,5,2,0,0,0,0.0
945,15,A,mobile,social,51,4.56,7,2,0,0,0,0.0
1015,15,A,mobile,ads,36,2.25,5,4,0,0,1,26.53
1017,15,A,mobile,direct,35,5.26,7,5,0,0,0,0.0
1039,15,B,mobile,ads,31,5.03,9,4,10,0,0,0.0
1087,15,B,mobile,search,18,5.93,7,3,0,0,0,0.0
1110,15,B,mobile,search,46,4.49,6,0,0,0,0,0.0
1131,15,B,mobile,search,26,3.47,3,3,5,0,0,0.0
1163,15,A,mobile,ads,36,2.22,6,1,10,0,0,0.0
1171,15,B,desktop,search,34,3.08,4,6,0,0,0,0.0
1177,15,B,mobile,ads,24,6.21,4,5,10,0,0,0.0
1182,15,A,desktop,ads,42,2.79,5,2,5,0,0,0.0
1194,15,B,desktop,social,43,3.46,6,3,0,0,0,0.0
1195,15,B,mobile,search,22,3.36,5,4,5,0,0,0.0
1223,15,B,desktop,search,21,3.8,6,3,10,0,0,0.0
1231,15,A,mobile,ads,30,4.06,7,2,5,0,1,12.07
1237,15,A,mobile,search,39,5.87,5,2,5,0,0,0.0
1238,15,B,desktop,social,26,3.67,7,2,5,0,0,0.0
1268,15,A,desktop,social,54,3.94,8,1,0,0,0,0.0
1365,15,B,mobile,ads,23,2.02,6,5,5,0,0,0.0
1434,15,A,mobile,social,29,3.0,8,3,0,0,0,0.0
1443,15,A,desktop,social,36,3.74,5,4,0,0,1,41.0
1505,15,A,desktop,ads,42,5.76,7,4,0,0,0,0.0
1523,15,B,desktop,ads,26,3.48,7,1,0,0,0,0.0
1529,15,A,mobile,ads,29,3.94,10,3,5,0,0,0.0
1532,15,B,mobile,social,30,2.95,5,3,5,0,0,0.0
1549,15,A,mobile,ads,39,3.92,4,5,10,0,0,0.0
1574,15,B,mobile,search,39,3.5,7,3,0,0,0,0.0
1615,15,B,desktop,ads,25,6.48,11,5,5,0,0,0.0
1638,15,A,mobile,search,35,5.28,6,4,5,0,0,0.0
1652,15,B,desktop,ads,34,2.14,8,5,0,0,0,0.0
1674,15,A,mobile,ads,46,3.71,6,0,10,0,0,0.0
1683,15,A,desktop,social,41,2.41,9,6,10,0,0,0.0
1691,15,A,mobile,ads,28,4.1,11,1,0,0,0,0.0
1771,15,B,mobile,social,47,2.46,7,5,5,0,0,0.0
1787,15,A,desktop,ads,24,6.41,6,6,0,0,1,68.08
1788,15,B,desktop,ads,40,4.79,7,1,0,0,0,0.0
1809,15,B,mobile,ads,32,3.98,6,5,10,0,1,31.53
1822,15,A,mobile,social,44,5.08,6,2,0,0,0,0.0
1867,15,A,mobile,search,33,2.48,5,4,0,0,0,0.0
1875,15,B,mobile,ads,34,5.85,5,0,0,0,0,0.0
1907,15,B,desktop,search,23,0.83,9,4,5,0,0,0.0
1919,15,B,desktop,direct,41,1.9,7,4,5,0,0,0.0
1938,15,B,mobile,ads,25,4.17,8,3,0,0,1,61.63
1962,15,A,mobile,ads,32,3.35,7,4,5,0,0,0.0
1966,15,A,mobile,social,22,2.88,7,2,10,0,0,0.0
1985,15,A,desktop,search,26,6.15,4,2,5,0,1,77.79
2047,15,A,desktop,search,38,3.74,9,4,10,0,0,0.0
2054,15,A,mobile,social,35,1.98,8,4,0,0,0,0.0
2096,15,A,desktop,search,25,3.31,5,0,10,0,0,0.0
2099,15,B,mobile,social,35,3.25,4,3,0,0,0,0.0
2127,15,B,mobile,ads,25,1.38,6,2,5,0,0,0.0
2129,15,A,mobile,search,31,1.21,2,7,5,0,0,0.0
2159,15,A,mobile,social,16,5.03,3,6,5,0,0,0.0
2177,15,A,mobile,social,21,3.59,2,1,0,0,0,0.0
2180,15,A,mobile,social,21,3.64,9,5,5,0,0,0.0
2193,15,A,mobile,search,28,1.97,7,5,0,0,0,0.0
2213,15,A,desktop,search,16,3.38,8,4,0,0,0,0.0
2223,15,A,desktop,social,23,4.58,7,1,15,0,0,0.0
2250,15,A,mobile,ads,31,3.03,4,0,0,0,0,0.0
2251,15,B,desktop,ads,40,3.92,7,5,0,0,0,0.0
2259,15,B,mobile,search,23,4.73,5,1,0,0,0,0.0
2285,15,B,mobile,ads,23,4.85,8,3,0,0,1,83.01
2312,15,A,mobile,search,21,2.72,11,3,5,0,0,0.0
2360,15,A,mobile,search,27,2.69,4,0,5,0,0,0.0
2366,15,A,desktop,ads,30,3.67,4,8,10,0,1,52.47
2374,15,B,mobile,search,46,3.17,5,4,0,0,0,0.0
2379,15,B,desktop,social,19,2.92,8,4,5,0,0,0.0
2397,15,B,desktop,search,26,4.4,9,1,0,0,0,0.0
2402,15,A,mobile,ads,28,2.35,8,5,0,0,1,62.58
2447,15,A,desktop,ads,44,4.66,6,2,10,0,1,54.39
2524,15,A,desktop,social,20,3.14,7,3,10,0,0,0.0
2547,15,B,desktop,direct,36,2.9,5,4,5,0,1,80.17
2579,15,A,mobile,ads,34,3.87,9,2,0,0,0,0.0
2608,15,A,desktop,ads,19,3.83,4,3,0,0,0,0.0
2612,15,A,mobile,ads,41,5.75,6,6,5,0,0,0.0
2628,15,B,mobile,ads,33,0.55,5,2,5,0,1,40.5
2629,15,B,desktop,search,24,4.83,7,1,10,0,0,0.0
2652,15,B,mobile,social,45,5.2,12,2,0,0,1,34.82
2654,15,A,mobile,search,38,6.13,7,3,15,0,0,0.0
2667,15,A,mobile,social,28,6.01,4,2,5,0,0,0.0
2679,15,B,desktop,ads,27,1.89,3,2,0,0,0,0.0
2714,15,A,desktop,search,31,3.69,11,3,10,0,1,48.58
2720,15,B,mobile,ads,16,3.91,10,1,0,0,1,54.98
2806,15,B,desktop,search,38,4.07,5,1,0,0,0,0.0
2831,15,A,mobile,ads,33,4.04,3,2,0,0,0,0.0
2843,15,B,desktop,ads,30,3.17,6,4,0,0,0,0.0
2866,15,A,mobile,social,36,4.5,5,2,0,0,0,0.0
2899,15,A,desktop,direct,35,1.56,5,4,0,0,0,0.0
2952,15,B,mobile,ads,40,4.38,9,4,0,0,0,0.0
2984,15,B,desktop,search,24,4.5,8,1,5,0,0,0.0
2998,15,A,mobile,search,19,2.82,8,1,5,0,1,62.75
3058,15,B,mobile,search,18,6.35,6,1,0,0,0,0.0
3182,15,A,mobile,social,23,4.04,7,2,0,0,0,0.0
3195,15,A,mobile,search,32,1.73,10,3,5,0,0,0.0
3196,15,A,mobile,search,23,3.4,11,4,5,0,0,0.0
3200,15,A,desktop,search,35,2.82,9,2,10,0,1,40.82
3240,15,A,mobile,ads,30,3.44,7,2,15,0,0,0.0
3257,15,A,desktop,ads,36,2.8,5,4,5,0,1,70.4
3261,15,B,mobile,ads,42,3.26,9,6,5,0,1,42.9
3264,15,A,mobile,social,27,5.15,7,1,15,0,0,0.0
3303,15,B,desktop,direct,22,1.94,5,1,0,0,0,0.0
3305,15,B,desktop,ads,16,4.09,6,4,0,0,1,44.89
3371,15,B,mobile,ads,23,4.53,12,2,0,0,0,0.0
3406,15,A,desktop,direct,44,4.33,6,4,10,0,0,0.0
3416,15,B,desktop,search,37,2.35,4,5,10,0,0,0.0
3522,15,A,mobile,ads,32,2.46,7,4,10,0,0,0.0
3533,15,B,mobile,search,25,4.85,3,0,0,0,0,0.0
3536,15,A,mobile,search,23,0.58,6,2,5,0,1,43.67
3539,15,A,mobile,search,22,1.13,4,3,5,0,1,54.07
3549,15,A,mobile,social,33,2.49,7,3,0,0,0,0.0
3561,15,A,desktop,social,33,3.19,5,2,15,0,0,0.0
3563,15,A,mobile,social,35,2.44,5,3,5,0,1,137.97
3600,15,A,desktop,ads,41,3.42,8,3,0,0,0,0.0
62,16,B,desktop,social,29,5.28,5,3,0,0,0,0.0
109,16,A,desktop,social,28,2.28,8,3,0,0,1,125.31
110,16,A,desktop,social,35,4.89,6,3,0,0,1,22.96
160,16,A,mobile,direct,36,3.2,7,3,0,0,0,0.0
168,16,A,mobile,ads,19,2.95,5,7,0,0,0,0.0
230,16,B,mobile,ads,43,1.6,6,3,0,0,0,0.0
234,16,B,desktop,social,27,4.25,8,0,5,0,1,106.73
284,16,B,desktop,search,21,3.29,6,3,0,0,0,0.0
324,16,A,desktop,ads,31,1.47,5,5,10,0,0,0.0
419,16,A,mobile,social,23,6.47,7,1,0,0,1,6.37
505,16,A,mobile,search,43,3.15,3,3,5,0,1,29.4
528,16,A,mobile,social,54,6.6,11,3,0,0,0,0.0
530,16,B,mobile,ads,34,5.3,6,7,15,0,0,0.0
545,16,A,mobile,social,18,4.32,13,1,5,0,1,78.63
548,16,A,mobile,direct,37,5.78,7,2,0,0,0,0.0
564,16,A,mobile,social,17,3.34,8,2,0,0,0,0.0
591,16,B,desktop,social,32,4.52,9,2,5,0,0,0.0
727,16,B,mobile,search,17,3.55,8,1,5,0,1,93.47
741,16,B,mobile,social,21,5.37,4,4,0,0,1,154.99
749,16,A,mobile,search,35,3.06,10,4,10,0,0,0.0
752,16,B,mobile,ads,24,5.84,6,4,5,0,0,0.0
762,16,A,mobile,social,21,5.3,8,2,0,0,0,0.0
796,16,B,mobile,ads,40,3.87,7,6,0,0,1,3.68
877,16,B,desktop,search,46,3.18,7,2,5,0,0,0.0
901,16,B,mobile,search,27,2.08,7,3,0,0,0,0.0
932,16,A,mobile,ads,16,4.5,6,7,10,0,0,0.0
946,16,B,mobile,social,49,4.14,3,6,5,0,1,41.72
962,16,B,desktop,search,28,1.38,7,0,0,0,1,109.93
986,16,B,mobile,social,33,3.14,5,1,0,0,0,0.0
988,16,A,desktop,search,23,3.86,7,4,10,0,0,0.0
990,16,A,desktop,ads,34,4.61,3,3,0,0,0,0.0
995,16,B,desktop,search,45,7.17,8,1,0,0,0,0.0
1004,16,B,desktop,ads,34,3.92,8,0,5,0,0,0.0
1018,16,A,mobile,social,29,4.14,8,5,0,0,0,0.0
1036,16,A,mobile,social,22,1.15,7,4,5,0,0,0.0
1043,16,A,desktop,direct,34,2.02,2,1,10,0,0,0.0
1106,16,A,mobile,ads,24,5.97,4,1,0,0,0,0.0
1136,16,A,desktop,search,30,4.95,3,4,0,0,0,0.0
1144,16,B,mobile,social,16,4.84,5,3,5,0,0,0.0
1227,16,B,mobile,ads,42,1.1,6,4,0,0,0,0.0
1313,16,A,mobile,social,41,3.01,7,5,0,0,0,0.0
1343,16,A,desktop,social,30,4.59,7,5,5,0,0,0.0
1454,16,B,mobile,search,51,3.43,7,0,0,0,0,0.0
1489,16,A,mobile,social,26,3.72,6,8,5,0,0,0.0
1655,16,A,desktop,direct,24,3.62,7,2,0,0,0,0.0
1666,16,A,desktop,direct,27,2.64,8,4,5,0,0,0.0
1670,16,A,mobile,ads,28,5.5,5,3,10,0,0,0.0
1686,16,B,mobile,ads,36,2.76,9,4,5,0,0,0.0
1746,16,B,mobile,ads,33,2.69,6,4,10,0,0,0.0
1768,16,B,mobile,search,44,4.62,2,2,0,0,0,0.0
1774,16,B,mobile,ads,27,2.97,7,0,10,0,0,0.0
1782,16,B,mobile,ads,37,3.13,8,3,0,0,0,0.0
1805,16,B,desktop,ads,29,2.44,9,1,15,0,0,0.0
1819,16,A,desktop,ads,26,5.7,6,2,5,0,0,0.0
1930,16,A,mobile,ads,36,2.75,7,3,5,0,0,0.0
1954,16,B,mobile,social,34,2.62,7,2,5,0,0,0.0
1970,16,A,desktop,social,47,3.91,6,1,10,0,0,0.0
1986,16,B,mobile,search,33,2.26,3,4,5,0,0,0.0
2008,16,A,mobile,search,33,4.5,3,2,5,0,0,0.0
2012,16,A,desktop,social,38,2.88,5,2,5,0,0,0.0
2027,16,A,mobile,social,34,2.29,6,2,10,0,0,0.0
2029,16,A,mobile,ads,16,2.71,5,4,15,0,1,45.62
2058,16,A,desktop,social,35,3.74,8,2,15,0,0,0.0
2144,16,A,mobile,ads,38,2.82,3,3,5,0,1,156.13
2176,16,B,mobile,ads,31,4.94,8,2,0,0,1,57.92
2228,16,B,mobile,ads,26,2.08,8,4,10,0,1,51.28
2247,16,A,mobile,ads,33,4.82,5,0,0,0,1,102.51
2286,16,A,desktop,social,40,4.28,5,3,10,0,0,0.0
2340,16,A,mobile,direct,19,4.42,9,0,0,0,0,0.0
2387,16,A,desktop,search,27,2.06,4,0,0,0,0,0.0
2398,16,A,desktop,search,35,2.25,7,3,5,0,0,0.0
2420,16,B,desktop,ads,36,1.09,8,1,10,0,0,0.0
2455,16,A,desktop,ads,28,4.78,8,1,5,0,0,0.0
2496,16,B,mobile,ads,23,1.47,7,2,0,0,0,0.0
2504,16,B,mobile,social,34,1.88,5,7,5,0,0,0.0
2512,16,A,mobile,social,19,3.91,8,6,0,0,1,55.57
2519,16,A,mobile,social,30,3.73,8,2,0,0,0,0.0
2527,16,A,desktop,direct,37,5.07,7,3,0,0,0,0.0
2560,16,B,mobile,social,29,3.33,8,7,0,0,1,85.25
2567,16,A,mobile,social,25,3.72,8,3,10,0,0,0.0
2584,16,A,mobile,ads,37,5.43,4,2,5,0,0,0.0
2630,16,B,mobile,direct,30,4.15,7,8,5,0,1,39.83
2645,16,B,mobile,search,22,2.22,7,4,10,0,0,0.0
2711,16,B,mobile,social,32,3.81,5,2,10,0,0,0.0
2722,16,B,mobile,ads,41,3.79,5,1,10,0,1,19.72
2737,16,A,mobile,ads,36,6.99,4,3,10,0,0,0.0
2825,16,B,mobile,ads,46,1.71,10,2,0,0,0,0.0
2826,16,A,desktop,ads,36,4.9,5,5,0,0,0,0.0
2854,16,B,mobile,ads,36,3.97,10,4,0,0,0,0.0
2856,16,B,mobile,ads,30,5.52,12,2,5,0,0,0.0
2908,16,B,mobile,search,40,3.6,6,2,10,0,1,50.13
2921,16,B,mobile,search,29,5.03,6,2,5,0,0,0.0
2930,16,B,mobile,social,51,1.79,4,1,10,0,0,0.0
2967,16,B,desktop,direct,25,4.1,5,3,5,0,1,89.33
2975,16,A,desktop,direct,54,2.88,5,3,0,0,1,90.37
2987,16,A,desktop,ads,23,5.42,7,3,5,0,0,0.0
3012,16,B,mobile,direct,19,3.89,8,3,0,0,0,0.0
3030,16,B,desktop,social,32,4.6,4,3,0,0,0,0.0
3033,16,B,desktop,ads,44,5.41,3,4,10,0,0,0.0
3060,16,A,desktop,social,19,1.59,10,1,0,0,0,0.0
3068,16,A,desktop,social,20,4.37,4,1,10,0,0,0.0
3088,16,A,mobile,social,22,4.6,4,1,0,0,0,0.0
3104,16,B,mobile,search,28,3.6,12,0,0,0,0,0.0
3120,16,B,desktop,direct,47,4.65,5,1,10,0,0,0.0
3131,16,A,desktop,social,21,6.65,9,3,10,0,1,91.66
3180,16,B,desktop,social,26,1.57,4,4,0,0,1,78.21
3202,16,B,mobile,search,32,0.9,9,2,0,0,1,92.75
3220,16,A,mobile,social,36,3.82,7,4,5,0,0,0.0
3228,16,B,mobile,search,18,3.07,5,6,10,0,0,0.0
3244,16,B,desktop,search,34,1.69,5,0,0,0,0,0.0
3273,16,A,desktop,ads,16,5.31,8,3,0,0,1,55.5
3278,16,B,mobile,search,37,3.81,6,3,0,0,0,0.0
3309,16,B,mobile,search,20,5.4,10,2,0,0,1,51.38
3342,16,B,desktop,ads,27,3.02,8,0,10,0,0,0.0
3363,16,B,mobile,social,18,5.95,4,4,5,0,1,49.02
3396,16,A,desktop,social,39,2.57,4,1,5,0,0,0.0
3431,16,B,desktop,ads,57,5.24,6,3,0,0,0,0.0
3499,16,B,mobile,social,17,2.96,8,2,0,0,0,0.0
3503,16,A,mobile,search,37,3.92,6,6,0,0,0,0.0
3513,16,A,mobile,social,19,2.22,8,2,5,0,1,137.58
3577,16,A,mobile,social,37,3.49,6,0,10,0,0,0.0
3586,16,A,desktop,ads,16,3.16,4,2,5,0,1,74.81
6,17,A,mobile,direct,28,4.4,10,2,5,0,0,0.0
25,17,A,desktop,ads,38,2.7,5,2,0,0,0,0.0
31,17,A,mobile,ads,33,2.99,9,6,0,0,1,20.76
63,17,A,mobile,ads,23,5.2,5,2,10,0,0,0.0
64,17,A,mobile,search,41,4.14,4,3,15,0,0,0.0
76,17,B,mobile,social,30,3.78,4,3,0,0,0,0.0
116,17,A,mobile,social,24,3.55,8,5,0,0,0,0.0
123,17,B,mobile,search,16,3.84,7,0,5,0,1,26.59
132,17,A,mobile,ads,38,4.9,8,5,5,0,0,0.0
133,17,A,desktop,search,38,1.36,8,6,0,0,0,0.0
204,17,B,mobile,social,44,0.57,3,6,0,0,0,0.0
214,17,B,desktop,search,29,5.44,6,5,0,0,1,92.22
307,17,A,desktop,search,33,1.73,9,2,5,0,1,82.15
337,17,A,mobile,ads,24,2.61,5,3,5,0,0,0.0
359,17,A,mobile,ads,23,2.95,7,2,0,0,0,0.0
366,17,A,desktop,ads,40,0.53,10,2,0,0,1,72.12
368,17,A,desktop,direct,18,3.46,8,4,5,0,0,0.0
418,17,B,mobile,search,20,2.52,8,1,5,0,1,32.79
427,17,B,desktop,ads,36,5.62,5,1,10,0,0,0.0
490,17,B,mobile,direct,35,1.6,7,3,0,0,0,0.0
500,17,B,desktop,search,26,2.44,10,5,0,0,0,0.0
554,17,A,mobile,social,36,2.82,7,3,5,0,0,0.0
573,17,B,mobile,search,28,4.49,5,2,10,0,0,0.0
590,17,B,desktop,social,17,4.03,8,2,5,0,1,147.52
601,17,A,mobile,direct,23,3.89,3,3,5,0,0,0.0
622,17,B,desktop,social,32,4.21,6,1,5,0,0,0.0
625,17,B,mobile,ads,31,4.58,5,3,0,0,0,0.0
664,17,B,mobile,ads,35,0.79,9,4,5,0,0,0.0
697,17,A,desktop,social,33,3.52,6,1,0,0,0,0.0
706,17,A,desktop,ads,28,4.67,5,3,0,0,1,67.23
737,17,A,desktop,direct,29,0.4,10,4,5,0,1,55.31
743,17,A,desktop,ads,32,4.57,5,2,0,0,1,26.61
778,17,B,desktop,ads,27,2.41,10,2,5,0,1,55.18
811,17,B,desktop,direct,34,3.47,5,4,5,0,0,0.0
856,17,B,desktop,search,32,4.7,4,7,10,0,0,0.0
857,17,A,mobile,ads,37,1.95,7,5,5,0,0,0.0
882,17,B,mobile,ads,38,4.28,5,3,10,0,1,62.51
938,17,B,mobile,search,28,3.3,8,2,0,0,0,0.0
975,17,B,desktop,social,37,4.35,6,4,10,0,0,0.0
1011,17,A,mobile,ads,21,3.26,8,4,5,0,0,0.0
1054,17,B,desktop,ads,24,2.51,7,3,0,0,0,0.0
1069,17,A,mobile,ads,33,3.78,7,3,10,0,0,0.0
1104,17,A,desktop,ads,30,3.33,12,2,0,0,1,89.15
1148,17,A,mobile,search,33,4.16,7,4,0,0,0,0.0
1159,17,B,mobile,direct,35,4.54,4,1,0,0,0,0.0
1184,17,A,mobile,ads,32,4.7,5,4,0,0,0,0.0
1246,17,A,mobile,search,25,5.23,9,3,10,0,0,0.0
1302,17,B,desktop,ads,25,5.51,5,3,5,0,0,0.0
1406,17,B,mobile,direct,27,4.29,6,8,0,0,1,47.73
1433,17,A,mobile,ads,34,1.93,7,4,0,0,0,0.0
1501,17,A,mobile,ads,42,3.39,4,2,10,0,0,0.0
1559,17,A,mobile,social,42,4.82,6,1,0,0,0,0.0
1563,17,B,mobile,social,38,2.56,5,6,0,0,0,0.0
1611,17,A,desktop,social,25,5.25,5,5,0,0,1,28.5
1692,17,B,desktop,search,34,4.43,7,6,5,0,0,0.0
1780,17,B,mobile,ads,46,5.91,4,5,0,0,0,0.0
1799,17,B,mobile,direct,35,1.26,5,2,0,0,0,0.0
1800,17,A,mobile,ads,23,2.27,7,2,0,0,0,0.0
1811,17,B,mobile,ads,25,3.23,5,0,0,0,0,0.0
1812,17,A,mobile,social,35,6.72,6,3,0,0,0,0.0
1818,17,B,mobile,direct,24,2.32,6,7,0,0,0,0.0
1937,17,A,desktop,search,26,2.84,6,1,0,0,0,0.0
1941,17,A,mobile,search,32,3.59,4,1,0,0,0,0.0
1959,17,A,mobile,social,21,5.03,8,1,5,0,0,0.0
1996,17,A,desktop,social,25,2.78,5,3,0,0,0,0.0
2093,17,A,desktop,search,36,1.43,4,4,5,0,1,61.06
2240,17,A,desktop,direct,46,2.46,9,3,5,0,0,0.0
2244,17,B,mobile,ads,35,4.21,5,7,10,0,1,69.97
2272,17,A,mobile,ads,34,0.52,3,3,0,0,0,0.0
2274,17,B,mobile,ads,23,3.89,8,3,0,0,0,0.0
2287,17,B,desktop,search,43,6.68,9,1,0,0,0,0.0
2297,17,A,mobile,ads,38,3.1,15,3,10,0,0,0.0
2310,17,B,mobile,direct,34,1.63,8,1,10,0,0,0.0
2322,17,A,desktop,direct,28,0.87,5,0,0,0,0,0.0
2345,17,A,mobile,social,30,1.42,4,2,10,0,0,0.0
2404,17,A,desktop,search,30,4.02,8,4,10,0,0,0.0
2438,17,A,mobile,search,24,1.91,5,3,5,0,0,0.0
2484,17,B,mobile,ads,17,3.25,6,3,15,0,1,28.29
2499,17,B,mobile,ads,16,3.14,5,4,5,0,0,0.0
2511,17,B,mobile,ads,33,1.99,5,3,0,0,0,0.0
2513,17,A,desktop,ads,40,3.09,10,2,15,0,0,0.0
2533,17,B,desktop,ads,32,5.35,5,4,0,0,0,0.0
2548,17,A,mobile,search,17,3.5,7,3,5,0,0,0.0
2551,17,B,desktop,search,16,4.52,5,2,5,0,0,0.0
2638,17,B,desktop,social,39,4.6,11,2,0,0,0,0.0
2662,17,A,desktop,social,28,4.68,6,2,0,0,0,0.0
2669,17,B,desktop,search,34,3.19,2,3,5,0,0,0.0
2683,17,B,desktop,search,47,4.04,7,2,10,0,0,0.0
2697,17,B,desktop,ads,26,6.35,7,6,0,0,1,94.39
2746,17,A,desktop,direct,40,7.03,4,1,0,0,1,146.25
2781,17,A,desktop,ads,36,2.75,9,5,10,0,0,0.0
2802,17,A,desktop,search,26,3.98,9,6,0,0,0,0.0
2836,17,B,mobile,ads,38,4.49,6,7,15,0,0,0.0
2857,17,A,mobile,ads,22,4.09,6,2,15,0,1,61.71
2940,17,B,desktop,search,29,2.6,4,5,0,0,0,0.0
2996,17,B,desktop,social,51,2.8,10,2,15,0,1,62.91
3020,17,A,desktop,search,25,2.45,7,2,5,0,0,0.0
3062,17,B,desktop,direct,32,2.54,11,2,10,0,0,0.0
3076,17,A,desktop,social,40,2.29,5,2,0,0,0,0.0
3137,17,A,mobile,social,21,6.02,4,5,0,0,0,0.0
3147,17,B,mobile,ads,28,3.27,4,2,5,0,0,0.0
3168,17,A,desktop,ads,34,2.62,8,3,0,0,0,0.0
3204,17,B,desktop,social,31,4.77,6,1,10,0,0,0.0
3241,17,A,desktop,direct,41,1.96,5,2,0,0,0,0.0
3252,17,B,desktop,direct,23,2.93,6,2,5,0,0,0.0
3258,17,B,desktop,social,28,2.91,4,2,5,0,0,0.0
3290,17,B,mobile,social,43,0.9,3,1,0,0,0,0.0
3311,17,A,desktop,ads,19,3.46,10,2,0,0,1,59.75
3324,17,A,desktop,ads,16,3.99,8,5,5,0,0,0.0
3332,17,B,mobile,ads,39,4.36,6,6,10,0,0,0.0
3336,17,A,mobile,social,25,2.53,4,2,5,0,1,27.89
3351,17,A,desktop,search,46,0.4,9,7,0,0,0,0.0
3403,17,B,mobile,ads,16,3.35,6,2,0,0,1,83.41
3451,17,B,mobile,ads,32,5.38,6,6,5,0,1,48.49
3482,17,B,mobile,social,25,4.6,8,2,0,0,0,0.0
3490,17,A,mobile,social,29,1.33,7,2,5,0,0,0.0
3547,17,B,mobile,ads,42,4.39,2,2,5,0,0,0.0
3576,17,A,mobile,ads,26,4.34,7,7,0,0,0,0.0
3593,17,B,mobile,search,28,3.53,6,5,0,0,0,0.0
13,18,A,mobile,social,21,3.48,6,4,0,0,0,0.0
32,18,A,mobile,ads,41,3.5,6,1,0,0,0,0.0
93,18,B,mobile,ads,28,5.37,5,3,5,0,1,119.61
106,18,B,mobile,ads,30,1.68,9,3,5,0,0,0.0
155,18,A,desktop,ads,27,2.9,11,1,10,0,0,0.0
167,18,B,desktop,social,24,4.23,4,0,10,0,0,0.0
175,18,A,mobile,ads,36,3.63,5,3,5,0,0,0.0
197,18,A,desktop,search,35,1.56,9,1,0,0,0,0.0
199,18,A,desktop,ads,38,2.88,7,1,0,0,1,111.36
250,18,A,mobile,ads,39,5.48,6,5,0,0,1,99.38
301,18,A,mobile,direct,35,4.86,6,2,0,0,0,0.0
362,18,B,mobile,social,34,2.77,3,3,0,0,0,0.0
403,18,A,mobile,direct,31,5.85,7,0,0,0,0,0.0
413,18,A,mobile,ads,23,4.83,7,1,5,0,0,0.0
421,18,B,desktop,social,37,2.92,9,3,10,0,0,0.0
477,18,B,mobile,direct,42,4.14,5,5,5,0,0,0.0
507,18,A,desktop,direct,35,2.91,8,2,5,0,0,0.0
513,18,A,mobile,direct,41,4.27,8,5,10,0,0,0.0
561,18,A,desktop,search,45,5.6,7,3,0,0,0,0.0
607,18,B,mobile,search,21,2.18,6,4,0,0,1,106.34
631,18,A,mobile,search,28,5.21,7,2,0,0,0,0.0
745,18,A,mobile,direct,41,6.19,5,4,10,0,1,24.12
801,18,B,mobile,ads,16,4.09,7,1,0,0,0,0.0
812,18,B,desktop,social,29,1.86,11,5,0,0,0,0.0
913,18,A,desktop,direct,25,6.05,7,3,15,0,0,0.0
919,18,B,mobile,search,26,1.89,9,2,5,0,0,0.0
928,18,A,desktop,ads,23,4.02,9,4,5,0,0,0.0
944,18,A,desktop,social,16,3.76,9,3,5,0,0,0.0
970,18,A,mobile,ads,16,1.23,7,6,0,0,0,0.0
974,18,A,mobile,direct,41,2.81,9,7,0,0,0,0.0
987,18,B,mobile,search,33,3.45,5,1,10,0,0,0.0
1023,18,A,desktop,ads,37,3.0,10,5,0,0,1,114.93
1025,18,A,desktop,ads,32,5.56,7,3,10,0,0,0.0
1026,18,A,mobile,direct,33,2.07,4,1,5,0,0,0.0
1027,18,B,mobile,direct,35,6.37,8,1,5,0,0,0.0
1035,18,B,mobile,search,18,6.97,6,8,15,0,1,49.7
1037,18,A,mobile,direct,18,3.33,6,7,10,0,1,179.77
1071,18,A,mobile,ads,31,3.14,2,3,0,0,0,0.0
1077,18,B,mobile,search,35,2.7,6,3,0,0,1,40.23
1086,18,B,mobile,social,29,1.96,5,3,0,0,0,0.0
1092,18,A,mobile,social,36,4.47,8,3,5,0,0,0.0
1100,18,A,desktop,social,30,4.36,3,1,10,0,0,0.0
1129,18,B,desktop,search,42,5.78,12,1,0,0,0,0.0
1155,18,A,desktop,direct,26,2.3,6,1,15,0,0,0.0
1160,18,B,desktop,ads,41,3.16,4,6,5,0,0,0.0
1175,18,A,mobile,ads,28,4.23,3,4,0,0,0,0.0
1236,18,B,desktop,social,34,4.55,6,7,15,0,0,0.0
1304,18,A,desktop,search,36,5.27,7,2,15,0,0,0.0
1306,18,B,mobile,ads,32,3.64,7,2,0,0,0,0.0
1372,18,B,desktop,ads,22,6.22,4,2,0,0,1,44.77
1405,18,B,desktop,ads,29,5.17,6,5,0,0,0,0.0
1432,18,B,desktop,ads,28,4.02,4,2,0,0,1,88.5
1479,18,A,mobile,social,16,4.32,10,2,0,0,0,0.0
1514,18,A,mobile,search,33,4.84,5,3,5,0,1,93.33
1556,18,B,mobile,ads,35,5.16,10,2,0,0,0,0.0
1581,18,A,mobile,ads,29,3.79,5,5,5,0,0,0.0
1583,18,B,mobile,social,30,1.6,9,1,0,0,0,0.0
1614,18,A,desktop,search,25,6.35,8,4,0,0,1,137.81
1631,18,B,desktop,ads,28,3.95,7,4,5,0,1,53.01
1657,18,B,mobile,social,16,2.32,5,6,5,0,1,16.54
1752,18,B,mobile,ads,23,4.0,9,2,15,0,0,0.0
1790,18,B,mobile,ads,32,3.98,6,1,5,0,0,0.0
1836,18,A,mobile,direct,49,3.36,4,5,0,0,0,0.0
1851,18,A,desktop,ads,45,2.94,8,2,0,0,0,0.0
1873,18,A,mobile,direct,22,0.4,12,0,5,0,0,0.0
1922,18,A,mobile,direct,26,5.06,9,4,5,0,0,0.0
1994,18,A,desktop,search,17,5.95,6,6,5,0,1,30.19
2030,18,A,desktop,social,33,2.95,11,3,0,0,0,0.0
2043,18,B,mobile,social,31,4.69,7,5,5,0,1,79.33
2052,18,B,desktop,social,41,3.37,4,3,5,0,1,24.91
2070,18,B,desktop,search,29,6.18,3,1,15,0,0,0.0
2086,18,B,desktop,ads,35,4.84,5,2,0,0,0,0.0
2087,18,A,mobile,ads,24,3.24,10,2,0,0,0,0.0
2110,18,A,mobile,search,45,4.0,6,1,5,0,1,73.26
2111,18,A,mobile,search,30,3.64,6,3,5,0,1,51.31
2154,18,A,mobile,direct,27,2.54,6,3,10,0,0,0.0
2171,18,B,desktop,direct,27,3.26,9,3,0,0,0,0.0
2183,18,B,desktop,social,21,3.32,6,1,0,0,0,0.0
2192,18,A,desktop,ads,33,1.29,6,5,10,0,1,55.58
2194,18,A,mobile,direct,34,5.18,4,0,10,0,0,0.0
2196,18,B,mobile,search,26,4.13,8,1,0,0,0,0.0
2224,18,A,mobile,ads,31,2.37,10,2,0,0,0,0.0
2269,18,A,desktop,ads,29,3.05,3,3,0,0,0,0.0
2271,18,A,mobile,search,20,4.9,12,2,0,0,0,0.0
2321,18,B,mobile,ads,26,6.76,10,4,5,0,0,0.0
2324,18,B,mobile,search,38,4.71,6,0,5,0,0,0.0
2353,18,B,desktop,ads,30,2.2,7,4,15,0,1,119.88
2354,18,B,mobile,direct,40,3.22,8,1,0,0,0,0.0
2381,18,A,desktop,ads,32,2.68,6,0,0,0,0,0.0
2411,18,A,mobile,ads,30,2.95,9,2,0,0,0,0.0
2417,18,B,mobile,search,16,2.26,6,2,0,0,0,0.0
2456,18,B,mobile,search,19,5.27,9,0,5,0,0,0.0
2518,18,B,mobile,direct,36,4.47,9,2,0,0,0,0.0
2545,18,B,mobile,social,41,5.0,7,7,5,0,0,0.0
2589,18,A,mobile,ads,24,4.96,3,4,0,0,0,0.0
2741,18,B,mobile,social,35,6.21,7,2,0,0,0,0.0
2743,18,A,desktop,ads,29,2.11,6,7,5,0,1,48.92
2753,18,A,mobile,ads,42,6.66,5,6,10,0,0,0.0
2764,18,A,desktop,social,25,2.6,9,3,0,0,0,0.0
2801,18,B,mobile,ads,30,5.25,6,3,0,0,0,0.0
2805,18,A,mobile,social,28,4.7,6,2,0,0,1,13.4
2882,18,A,desktop,search,27,1.07,5,1,0,0,0,0.0
2926,18,B,mobile,search,39,6.27,10,3,5,0,1,22.5
3001,18,B,mobile,direct,23,4.8,6,4,0,0,0,0.0
3023,18,B,desktop,search,46,4.36,6,2,0,0,1,20.27
3026,18,B,desktop,ads,37,3.01,4,0,15,0,1,69.34
3102,18,B,mobile,social,38,5.71,8,1,0,0,1,55.75
3129,18,A,mobile,ads,28,6.49,5,3,5,0,0,0.0
3176,18,A,mobile,social,34,2.79,7,2,0,0,0,0.0
3184,18,B,desktop,search,27,4.07,6,1,5,0,0,0.0
3207,18,A,desktop,ads,31,4.71,6,5,5,0,0,0.0
3232,18,B,desktop,social,30,4.98,6,2,0,0,1,96.41
3243,18,B,mobile,search,27,5.28,5,4,10,0,1,1.81
3263,18,A,desktop,ads,36,3.42,5,3,10,0,0,0.0
3365,18,B,desktop,search,39,5.16,6,4,5,0,0,0.0
3373,18,A,desktop,social,29,1.96,6,5,0,0,0,0.0
3432,18,B,mobile,search,45,3.29,8,2,10,0,1,78.0
3500,18,B,desktop,ads,28,4.51,6,2,10,0,0,0.0
3505,18,A,mobile,search,35,0.4,4,1,0,0,0,0.0
3509,18,A,desktop,social,29,3.81,6,3,5,0,0,0.0
3597,18,B,mobile,direct,16,4.5,5,5,0,0,1,48.03
17,19,A,mobile,social,30,4.57,10,1,0,0,0,0.0
146,19,A,mobile,search,34,3.51,7,3,5,0,0,0.0
174,19,A,mobile,ads,25,2.19,5,2,5,0,0,0.0
266,19,A,mobile,direct,29,3.99,3,0,10,0,0,0.0
285,19,A,desktop,social,24,4.91,4,3,0,0,0,0.0
296,19,A,desktop,direct,27,3.59,7,1,5,0,0,0.0
315,19,B,desktop,social,20,4.26,4,1,0,0,0,0.0
345,19,A,mobile,ads,22,5.86,6,2,0,0,0,0.0
379,19,A,desktop,search,26,4.52,6,3,0,0,1,116.45
384,19,B,mobile,search,38,3.78,6,1,0,0,0,0.0
406,19,A,mobile,direct,40,4.24,7,2,15,0,1,41.92
428,19,A,desktop,ads,44,3.47,10,3,0,0,0,0.0
448,19,B,mobile,social,20,3.56,8,2,0,0,0,0.0
465,19,B,desktop,search,40,5.06,5,1,10,0,1,48.6
469,19,B,mobile,search,26,3.53,8,1,10,0,1,27.98
472,19,A,mobile,direct,36,1.13,6,2,0,0,0,0.0
474,19,B,desktop,social,35,3.57,9,4,5,0,0,0.0
494,19,A,mobile,social,16,4.32,5,5,10,0,0,0.0
535,19,B,desktop,search,32,4.44,12,4,10,0,0,0.0
568,19,B,mobile,search,46,4.83,5,2,10,0,0,0.0
610,19,B,desktop,search,23,6.77,7,1,10,0,0,0.0
632,19,B,mobile,search,38,3.25,7,4,0,0,1,111.01
668,19,A,desktop,ads,59,4.02,6,4,0,0,0,0.0
713,19,B,mobile,ads,29,5.26,8,3,5,0,0,0.0
842,19,A,mobile,social,33,0.4,9,1,5,0,1,21.88
891,19,B,desktop,ads,43,5.19,5,1,0,0,0,0.0
898,19,A,mobile,direct,28,5.03,10,2,10,0,0,0.0
967,19,B,desktop,search,24,4.71,3,1,5,0,0,0.0
989,19,A,mobile,ads,38,4.9,7,4,5,0,0,0.0
1052,19,A,mobile,ads,33,3.41,6,1,0,0,0,0.0
1072,19,A,mobile,social,36,3.13,5,0,5,0,1,26.22
1124,19,A,mobile,search,29,2.21,3,2,10,0,0,0.0
1128,19,B,mobile,ads,38,3.4,9,4,5,0,1,36.59
1150,19,A,desktop,ads,33,3.62,5,4,0,0,1,38.3
1220,19,B,mobile,ads,28,4.74,5,6,10,0,0,0.0
1287,19,A,mobile,ads,35,1.89,5,2,5,0,0,0.0
1314,19,A,mobile,search,36,4.72,8,4,0,0,0,0.0
1318,19,B,mobile,search,48,4.66,3,2,5,0,0,0.0
1327,19,A,mobile,search,43,4.67,3,5,0,0,0,0.0
1367,19,B,desktop,ads,36,3.15,12,4,10,0,0,0.0
1390,19,B,desktop,social,47,5.3,8,3,0,0,0,0.0
1425,19,B,desktop,search,28,2.93,10,4,5,0,0,0.0
1470,19,A,mobile,ads,39,2.93,9,4,5,0,0,0.0
1490,19,A,desktop,search,33,3.87,7,3,5,0,1,32.24
1491,19,B,desktop,direct,16,2.09,7,1,0,0,1,68.42
1500,19,B,desktop,search,35,3.17,6,2,5,0,1,115.27
1502,19,B,mobile,search,19,3.73,7,2,0,0,1,63.31
1538,19,A,mobile,ads,41,4.0,6,4,0,0,0,0.0
1546,19,B,desktop,search,37,3.63,8,5,0,0,1,93.67
1572,19,A,desktop,search,31,3.71,7,1,0,0,0,0.0
1573,19,B,mobile,search,26,1.71,7,2,10,0,0,0.0
1613,19,A,mobile,direct,30,3.73,7,3,0,0,0,0.0
1656,19,A,mobile,ads,34,1.82,6,3,0,0,0,0.0
1700,19,B,desktop,search,20,5.85,8,5,5,0,0,0.0
1715,19,B,mobile,ads,26,3.06,6,5,5,0,0,0.0
1729,19,B,desktop,ads,36,0.53,4,3,5,0,1,17.02
1773,19,B,desktop,direct,28,4.16,6,1,0,0,0,0.0
1781,19,B,mobile,ads,16,5.75,7,3,0,0,1,55.05
1792,19,B,mobile,ads,35,4.86,5,1,5,0,0,0.0
1874,19,A,desktop,direct,19,3.14,7,2,5,0,0,0.0
1912,19,A,mobile,social,17,3.84,5,2,0,0,0,0.0
1973,19,A,desktop,social,29,4.11,10,5,0,0,0,0.0
1995,19,B,mobile,ads,42,3.28,9,1,5,0,0,0.0
2018,19,A,desktop,search,37,2.64,6,2,10,0,1,15.06
2153,19,A,mobile,search,31,4.62,7,2,5,0,0,0.0
2200,19,A,mobile,search,25,4.4,6,3,0,0,0,0.0
2216,19,A,mobile,search,43,3.36,4,2,5,0,0,0.0
2267,19,A,mobile,search,34,3.76,4,1,5,0,0,0.0
2334,19,A,mobile,social,34,3.69,8,3,5,0,0,0.0
2337,19,B,desktop,search,27,3.51,6,2,10,0,1,110.56
2373,19,A,desktop,ads,30,4.96,10,5,5,0,0,0.0
2389,19,A,mobile,ads,44,3.41,4,1,15,0,0,0.0
2407,19,A,desktop,direct,25,2.33,9,5,0,0,1,29.85
2422,19,B,mobile,ads,35,2.91,13,2,0,0,1,16.82
2445,19,A,mobile,direct,33,3.67,8,2,0,0,0,0.0
2492,19,B,mobile,ads,17,5.26,6,3,10,0,0,0.0
2523,19,A,mobile,social,32,5.05,7,2,5,0,0,0.0
2602,19,B,mobile,ads,30,1.1,2,1,5,0,0,0.0
2604,19,A,desktop,direct,16,3.01,5,1,5,0,0,0.0
2637,19,B,desktop,social,38,2.02,8,5,0,0,0,0.0
2696,19,B,mobile,search,19,4.35,9,2,0,0,0,0.0
2761,19,A,desktop,search,23,2.77,8,3,5,0,1,51.34
2809,19,B,mobile,social,38,1.72,7,3,5,0,0,0.0
2846,19,B,mobile,search,32,1.8,4,6,5,0,0,0.0
2891,19,A,mobile,direct,21,4.75,5,5,0,0,0,0.0
2965,19,B,desktop,ads,32,4.53,5,3,10,0,0,0.0
3000,19,B,desktop,social,47,1.59,6,3,5,0,0,0.0
3029,19,B,mobile,ads,24,2.57,9,1,5,0,0,0.0
3073,19,A,desktop,ads,35,3.23,6,3,5,0,0,0.0
3083,19,B,desktop,ads,25,4.29,4,1,0,0,0,0.0
3099,19,B,desktop,direct,16,1.69,9,2,5,0,0,0.0
3108,19,B,mobile,social,23,4.18,9,2,0,0,1,75.22
3127,19,A,mobile,search,43,5.62,3,2,5,0,1,15.54
3142,19,A,mobile,search,33,3.67,11,3,0,0,0,0.0
3152,19,B,desktop,search,35,1.68,7,4,0,0,1,43.22
3268,19,B,desktop,ads,23,4.05,4,2,10,0,1,168.02
3269,19,B,mobile,direct,37,5.3,4,0,0,0,0,0.0
3404,19,A,mobile,ads,27,2.27,4,1,0,0,0,0.0
3434,19,B,mobile,social,35,5.7,5,0,0,0,0,0.0
3440,19,A,desktop,search,38,2.07,6,7,0,0,0,0.0
3467,19,A,mobile,search,21,3.42,9,3,0,0,0,0.0
3491,19,A,desktop,ads,30,4.7,6,7,5,0,1,84.43
3492,19,A,desktop,ads,30,4.61,5,3,0,0,0,0.0
3494,19,B,mobile,search,20,2.31,11,5,0,0,0,0.0
3516,19,B,mobile,direct,40,4.89,6,2,10,0,0,0.0
3528,19,A,mobile,ads,21,4.04,5,1,0,0,0,0.0
10,20,A,mobile,direct,23,6.01,7,1,0,1,1,61.19
44,20,A,desktop,ads,23,3.38,5,4,5,1,0,0.0
78,20,B,desktop,search,30,1.09,10,3,5,1,1,72.42
91,20,A,desktop,ads,50,2.49,4,1,5,1,0,0.0
103,20,A,desktop,social,37,3.78,6,1,10,1,0,0.0
113,20,A,mobile,search,30,3.55,8,2,10,1,0,0.0
163,20,A,mobile,ads,28,5.49,6,2,0,1,0,0.0
171,20,B,desktop,ads,46,4.12,6,4,0,1,0,0.0
206,20,A,mobile,social,24,5.27,6,2,10,1,0,0.0
207,20,A,desktop,social,28,2.43,8,3,0,1,0,0.0
240,20,B,mobile,ads,42,5.15,7,6,5,1,1,179.2
251,20,A,desktop,social,38,3.21,3,2,0,1,0,0.0
260,20,B,desktop,ads,40,1.94,5,4,10,1,0,0.0
268,20,B,desktop,search,28,3.71,5,3,0,1,0,0.0
417,20,A,mobile,search,29,3.64,5,3,5,1,0,0.0
420,20,A,mobile,direct,42,2.02,6,2,0,1,0,0.0
492,20,A,mobile,search,30,1.58,7,6,10,1,0,0.0
585,20,B,desktop,direct,27,5.49,8,2,0,1,0,0.0
594,20,A,mobile,search,22,3.91,3,1,0,1,0,0.0
595,20,B,mobile,ads,37,1.98,5,2,10,1,0,0.0
603,20,A,mobile,direct,33,3.96,9,4,5,1,0,0.0
608,20,A,mobile,ads,21,4.82,10,3,0,1,0,0.0
613,20,B,desktop,search,30,4.73,8,2,10,1,0,0.0
705,20,B,desktop,social,23,4.92,5,3,0,1,1,25.42
798,20,B,mobile,social,33,3.71,6,1,0,1,0,0.0
827,20,B,desktop,search,33,4.27,10,2,0,1,0,0.0
834,20,A,desktop,search,40,5.13,6,4,0,1,1,32.51
855,20,B,mobile,search,34,3.5,6,3,15,1,0,0.0
858,20,A,mobile,ads,27,5.43,2,4,10,1,1,115.56
878,20,A,desktop,social,35,2.75,10,6,0,1,0,0.0
918,20,A,desktop,direct,36,3.73,5,2,15,1,0,0.0
930,20,A,desktop,search,36,2.28,7,3,0,1,0,0.0
958,20,A,desktop,direct,29,4.39,6,4,0,1,0,0.0
1084,20,A,desktop,search,28,4.22,6,1,0,1,0,0.0
1093,20,A,desktop,direct,40,3.01,3,2,5,1,0,0.0
1103,20,A,desktop,search,32,3.89,6,4,10,1,0,0.0
1134,20,A,mobile,search,23,2.71,6,3,0,1,0,0.0
1138,20,A,desktop,direct,28,4.84,8,5,5,1,0,0.0
1168,20,B,desktop,ads,34,1.18,5,5,0,1,0,0.0
1303,20,A,desktop,ads,36,5.34,7,4,5,1,0,0.0
1326,20,B,mobile,social,38,2.28,7,2,15,1,0,0.0
1342,20,A,mobile,search,28,5.49,4,2,0,1,1,39.93
1366,20,B,mobile,direct,30,5.52,3,2,0,1,1,18.37
1400,20,B,mobile,direct,20,3.69,6,0,10,1,0,0.0
1424,20,A,mobile,search,20,4.11,6,3,0,1,0,0.0
1460,20,A,mobile,social,32,2.11,4,7,0,1,1,29.42
1463,20,A,mobile,direct,35,3.72,4,3,5,1,1,70.38
1499,20,A,mobile,direct,40,0.99,5,3,0,1,0,0.0
1612,20,A,mobile,ads,32,1.71,11,1,10,1,1,44.3
1621,20,B,desktop,social,41,2.47,11,4,0,1,0,0.0
1628,20,B,desktop,social,26,4.28,7,2,0,1,1,52.0
1645,20,B,desktop,search,18,1.45,5,2,0,1,0,0.0
1709,20,A,desktop,ads,40,2.8,8,2,0,1,0,0.0
1728,20,B,desktop,ads,40,0.59,4,1,0,1,0,0.0
1762,20,B,desktop,search,22,2.61,7,7,5,1,0,0.0
1765,20,A,desktop,social,44,3.1,9,1,10,1,1,60.37
1786,20,B,mobile,ads,36,5.45,3,5,5,1,0,0.0
1823,20,B,mobile,search,43,4.8,8,6,15,1,0,0.0
1852,20,A,desktop,search,38,4.42,12,3,5,1,0,0.0
1862,20,A,desktop,social,25,2.96,9,3,0,1,0,0.0
1893,20,B,desktop,direct,37,4.12,4,6,5,1,0,0.0
1916,20,A,mobile,ads,33,2.17,5,7,0,1,0,0.0
1932,20,B,desktop,ads,24,3.41,3,2,0,1,0,0.0
1952,20,A,desktop,social,33,6.06,5,3,0,1,0,0.0
1975,20,B,desktop,ads,33,3.92,7,4,0,1,1,134.35
1990,20,A,desktop,search,21,3.64,5,1,0,1,0,0.0
1998,20,A,mobile,direct,28,4.34,6,5,0,1,0,0.0
1999,20,A,mobile,ads,42,3.4,7,0,5,1,0,0.0
2005,20,B,mobile,ads,34,3.44,6,4,0,1,0,0.0
2073,20,B,mobile,social,32,4.64,9,4,15,1,0,0.0
2078,20,B,mobile,search,33,5.57,10,0,5,1,0,0.0
2191,20,B,desktop,social,22,3.11,9,2,0,1,0,0.0
2273,20,B,mobile,social,31,3.53,8,1,5,1,0,0.0
2278,20,B,mobile,search,34,4.48,6,2,5,1,0,0.0
2279,20,B,desktop,search,33,1.59,6,1,0,1,0,0.0
2283,20,B,mobile,direct,30,2.85,6,2,0,1,1,62.75
2336,20,A,mobile,search,30,4.75,3,3,5,1,0,0.0
2433,20,A,desktop,ads,31,4.38,8,6,0,1,0,0.0
2454,20,B,desktop,ads,27,3.64,4,2,5,1,0,0.0
2482,20,B,mobile,ads,38,3.83,6,2,10,1,1,27.76
2563,20,B,desktop,search,41,6.07,7,2,5,1,1,31.36
2585,20,B,mobile,search,25,5.09,8,1,5,1,1,36.3
2648,20,B,mobile,direct,30,2.68,6,2,0,1,1,103.2
2660,20,A,mobile,social,20,2.74,7,4,5,1,0,0.0
2682,20,A,mobile,social,21,4.7,10,3,0,1,0,0.0
2689,20,B,mobile,search,27,3.23,5,1,0,1,0,0.0
2690,20,A,mobile,search,30,5.43,9,4,10,1,0,0.0
2729,20,B,mobile,social,54,4.59,5,1,5,1,1,47.0
2733,20,B,mobile,ads,39,3.3,4,4,0,1,0,0.0
2758,20,A,desktop,search,39,2.29,11,3,0,1,0,0.0
2817,20,A,desktop,direct,42,4.71,5,3,5,1,1,27.22
2822,20,A,desktop,social,29,2.8,8,0,0,1,0,0.0
2823,20,A,desktop,ads,36,3.11,5,1,5,1,0,0.0
2870,20,A,mobile,ads,30,3.38,5,5,0,1,1,136.0
2893,20,A,desktop,ads,30,3.16,5,2,5,1,1,119.95
2901,20,B,desktop,direct,33,3.48,7,3,0,1,0,0.0
2977,20,A,desktop,direct,18,3.82,5,1,10,1,0,0.0
2994,20,A,mobile,social,34,4.81,7,2,5,1,0,0.0
2997,20,B,mobile,ads,49,2.03,3,1,0,1,0,0.0
3018,20,A,mobile,search,39,2.73,9,1,0,1,0,0.0
3063,20,A,mobile,social,24,4.51,10,2,0,1,0,0.0
3111,20,A,mobile,ads,20,5.28,3,2,15,1,0,0.0
3144,20,B,mobile,social,33,1.79,6,3,0,1,0,0.0
3157,20,A,mobile,search,25,3.08,8,6,10,1,0,0.0
3239,20,B,mobile,social,42,2.24,6,3,15,1,0,0.0
3251,20,B,mobile,direct,24,6.2,8,6,5,1,0,0.0
3296,20,B,desktop,search,31,4.36,5,5,5,1,0,0.0
3322,20,B,desktop,direct,47,0.4,7,2,5,1,0,0.0
3347,20,A,mobile,direct,36,6.08,5,3,5,1,1,48.14
3409,20,B,mobile,ads,46,2.42,7,2,5,1,1,45.02
3415,20,B,desktop,ads,25,6.59,7,2,5,1,0,0.0
3445,20,B,mobile,search,23,4.03,10,3,5,1,0,0.0
3446,20,A,mobile,search,40,2.29,7,1,10,1,0,0.0
3475,20,B,desktop,search,23,2.99,8,4,0,1,1,35.51
3496,20,B,mobile,social,29,3.7,4,4,0,1,0,0.0
3512,20,B,mobile,ads,36,1.74,9,4,10,1,0,0.0
37,21,B,desktop,ads,34,2.92,6,6,5,0,0,0.0
56,21,A,desktop,direct,42,3.59,8,3,5,0,1,89.34
61,21,B,mobile,direct,27,1.71,5,5,0,0,0,0.0
95,21,B,desktop,ads,34,2.75,5,2,0,0,0,0.0
129,21,B,mobile,ads,25,6.28,4,5,0,0,0,0.0
162,21,B,mobile,search,36,2.64,9,5,10,0,1,82.95
195,21,A,mobile,direct,47,4.85,4,3,10,0,0,0.0
243,21,A,desktop,direct,30,1.14,8,3,0,0,0,0.0
288,21,A,mobile,direct,26,5.39,9,3,0,0,0,0.0
306,21,B,desktop,social,20,4.93,5,3,0,0,0,0.0
354,21,B,desktop,ads,29,4.46,7,1,15,0,0,0.0
365,21,A,desktop,search,33,2.52,10,5,5,0,0,0.0
367,21,A,desktop,direct,31,4.32,4,1,0,0,0,0.0
392,21,A,mobile,search,24,4.51,7,4,10,0,0,0.0
426,21,B,desktop,search,29,5.83,9,1,5,0,0,0.0
454,21,B,desktop,direct,35,3.68,8,1,10,0,0,0.0
475,21,A,mobile,search,23,3.42,5,4,5,0,0,0.0
504,21,B,desktop,direct,42,3.49,8,2,10,0,0,0.0
514,21,A,desktop,search,47,2.31,4,6,0,0,0,0.0
538,21,B,desktop,search,35,1.31,7,5,5,0,0,0.0
582,21,A,desktop,social,36,4.04,4,4,0,0,0,0.0
643,21,B,mobile,ads,27,4.84,6,4,10,0,0,0.0
658,21,B,desktop,search,32,5.71,7,5,0,0,0,0.0
681,21,B,desktop,social,33,1.83,6,5,15,0,0,0.0
720,21,B,mobile,search,42,3.93,8,4,10,0,0,0.0
755,21,B,mobile,social,27,6.51,6,3,5,0,0,0.0
761,21,B,desktop,search,25,4.35,9,1,5,0,1,29.87
782,21,A,desktop,search,34,2.67,6,3,5,0,0,0.0
817,21,A,mobile,search,33,2.31,6,3,0,0,0,0.0
835,21,A,desktop,ads,27,3.52,6,2,5,0,0,0.0
844,21,A,mobile,direct,32,3.65,11,3,15,0,0,0.0
922,21,A,mobile,search,29,3.49,3,2,10,0,1,21.37
1057,21,B,desktop,ads,45,2.82,4,3,0,0,0,0.0
1096,21,B,mobile,social,50,4.01,5,2,0,0,1,168.73
1118,21,B,desktop,social,32,1.37,6,4,0,0,0,0.0
1126,21,B,mobile,search,25,4.02,6,7,5,0,0,0.0
1173,21,A,mobile,social,32,5.01,5,2,5,0,0,0.0
1174,21,B,mobile,ads,39,2.42,5,5,0,0,1,23.17
1222,21,A,mobile,direct,31,2.14,8,4,10,0,1,61.04
1271,21,A,mobile,ads,31,5.18,4,7,5,0,0,0.0
1415,21,B,desktop,social,36,4.68,4,3,0,0,0,0.0
1416,21,A,mobile,search,47,3.75,2,3,0,0,0,0.0
1458,21,B,mobile,social,35,1.15,7,3,0,0,1,46.91
1506,21,A,desktop,social,24,3.84,4,3,0,0,0,0.0
1507,21,A,mobile,ads,26,4.83,4,4,5,0,0,0.0
1542,21,A,desktop,direct,41,6.34,4,3,0,0,0,0.0
1554,21,A,mobile,social,28,2.99,4,2,0,0,0,0.0
1565,21,A,mobile,ads,26,3.43,8,4,5,0,0,0.0
1571,21,A,mobile,social,36,5.05,10,4,10,0,1,48.67
1597,21,A,mobile,social,37,2.52,6,0,5,0,0,0.0
1690,21,B,mobile,search,22,2.24,6,2,0,0,0,0.0
1694,21,A,desktop,search,30,4.45,7,4,0,0,0,0.0
1702,21,A,mobile,direct,31,2.86,8,4,0,0,0,0.0
1712,21,B,desktop,ads,29,3.08,8,3,0,0,0,0.0
1733,21,A,mobile,ads,44,2.2,7,4,0,0,1,55.47
2022,21,B,mobile,direct,32,5.12,11,4,5,0,0,0.0
2037,21,A,mobile,search,32,1.14,7,2,5,0,0,0.0
2055,21,A,desktop,search,40,4.0,11,2,0,0,0,0.0
2105,21,B,mobile,search,28,2.54,9,1,5,0,1,88.73
2163,21,B,mobile,social,22,5.6,6,4,0,0,1,67.78
2182,21,A,desktop,social,33,4.28,9,6,10,0,0,0.0
2227,21,B,mobile,search,26,4.78,6,2,10,0,0,0.0
2253,21,A,mobile,search,31,2.77,6,1,5,0,0,0.0
2262,21,B,desktop,social,47,6.3,6,5,5,0,0,0.0
2293,21,A,desktop,social,48,3.2,7,3,0,0,0,0.0
2329,21,B,mobile,direct,28,5.22,6,2,15,0,0,0.0
2339,21,B,desktop,search,27,3.11,6,6,0,0,1,123.54
2390,21,B,desktop,direct,37,4.67,7,1,5,0,1,34.9
2395,21,A,mobile,direct,31,5.97,4,3,5,0,1,80.41
2497,21,B,mobile,social,23,3.35,7,1,0,0,0,0.0
2515,21,B,mobile,direct,39,4.34,5,2,0,0,0,0.0
2573,21,A,mobile,search,20,4.59,6,3,0,0,0,0.0
2583,21,B,desktop,social,33,1.92,6,6,0,0,0,0.0
2614,21,B,desktop,ads,39,0.41,5,5,10,0,0,0.0
2640,21,B,mobile,ads,36,2.69,5,3,15,0,0,0.0
2646,21,A,mobile,search,36,2.69,6,3,0,0,0,0.0
2650,21,B,desktop,ads,19,2.13,7,5,15,0,0,0.0
2657,21,A,desktop,ads,45,2.15,10,3,0,0,0,0.0
2706,21,B,desktop,ads,29,4.03,9,2,10,0,0,0.0
2719,21,B,mobile,search,40,2.66,4,1,0,0,0,0.0
2724,21,B,desktop,ads,26,2.02,6,3,0,0,0,0.0
2748,21,B,mobile,social,19,3.79,6,1,0,0,0,0.0
2752,21,A,desktop,direct,25,4.64,6,4,0,0,0,0.0
2760,21,B,mobile,search,31,2.52,4,3,5,0,0,0.0
2853,21,B,desktop,ads,43,2.11,6,6,0,0,0,0.0
2859,21,B,desktop,social,22,3.56,6,2,0,0,0,0.0
2936,21,B,mobile,ads,27,4.55,3,3,5,0,1,25.95
2978,21,A,desktop,search,19,4.09,5,3,15,0,0,0.0
3087,21,A,mobile,ads,46,1.88,9,2,10,0,0,0.0
3117,21,B,mobile,social,36,4.07,5,3,0,0,0,0.0
3125,21,A,mobile,ads,28,3.73,5,3,0,0,0,0.0
3132,21,A,desktop,ads,16,3.56,7,1,5,0,0,0.0
3151,21,B,mobile,search,30,5.05,7,5,5,0,1,52.42
3219,21,A,mobile,ads,34,5.34,7,7,0,0,1,33.19
3224,21,B,desktop,direct,31,3.23,3,1,10,0,0,0.0
3248,21,B,mobile,search,27,3.85,6,3,10,0,0,0.0
3262,21,B,desktop,social,16,2.94,8,5,5,0,1,31.48
3272,21,B,mobile,social,29,1.23,6,6,0,0,0,0.0
3308,21,B,desktop,direct,40,3.16,6,2,0,0,1,105.02
3354,21,B,mobile,ads,37,2.56,4,4,0,0,0,0.0
3389,21,A,desktop,search,29,2.97,9,1,0,0,0,0.0
3402,21,A,desktop,social,27,5.4,10,7,0,0,0,0.0
3426,21,B,mobile,search,18,2.8,10,0,0,0,0,0.0
3471,21,B,desktop,search,43,2.72,8,0,10,0,0,0.0
3473,21,B,desktop,search,41,2.49,10,1,0,0,0,0.0
3481,21,A,desktop,ads,25,2.26,8,4,0,0,0,0.0
3523,21,B,mobile,ads,33,4.88,5,4,5,0,0,0.0
3571,21,A,desktop,social,30,2.81,7,4,5,0,0,0.0
21,22,A,mobile,search,21,7.65,8,5,5,0,1,30.06
36,22,A,mobile,direct,27,5.59,12,3,5,0,0,0.0
46,22,B,mobile,social,45,2.56,3,2,0,0,0,0.0
96,22,A,mobile,direct,17,3.49,3,0,0,0,0,0.0
99,22,A,mobile,search,32,2.44,4,4,5,0,0,0.0
104,22,A,desktop,ads,27,5.22,6,3,0,0,0,0.0
128,22,A,desktop,direct,35,3.6,6,4,0,0,0,0.0
136,22,B,desktop,social,30,5.0,9,1,5,0,0,0.0
153,22,A,desktop,ads,29,4.6,5,2,5,0,0,0.0
222,22,A,mobile,search,21,0.46,9,3,5,0,0,0.0
236,22,A,desktop,social,32,3.44,4,6,0,0,0,0.0
249,22,A,mobile,social,30,5.83,6,3,10,0,0,0.0
261,22,B,desktop,ads,44,5.73,6,4,0,0,0,0.0
274,22,B,mobile,ads,34,3.58,3,3,10,0,1,28.69
286,22,B,desktop,search,23,5.16,8,2,0,0,0,0.0
303,22,B,desktop,ads,29,3.86,10,0,0,0,1,200.0
310,22,B,desktop,direct,38,4.91,4,2,0,0,0,0.0
339,22,A,desktop,search,38,5.38,6,3,5,0,0,0.0
355,22,B,mobile,social,26,5.07,9,0,0,0,1,55.8
370,22,A,mobile,ads,22,0.4,8,1,10,0,0,0.0
390,22,B,mobile,social,37,3.84,5,5,5,0,1,31.61
393,22,B,desktop,social,37,5.54,6,2,0,0,1,9.72
496,22,B,mobile,ads,21,2.03,7,5,0,0,0,0.0
497,22,B,mobile,ads,35,4.94,8,3,0,0,0,0.0
499,22,A,desktop,search,34,3.98,5,1,0,0,0,0.0
547,22,A,desktop,search,38,2.3,4,4,0,0,0,0.0
581,22,B,desktop,search,30,6.0,5,3,0,0,1,124.43
604,22,B,desktop,social,20,2.42,8,1,5,0,0,0.0
612,22,A,mobile,social,27,3.29,10,1,0,0,0,0.0
655,22,B,mobile,social,31,5.65,5,3,5,0,1,44.21
679,22,A,desktop,search,46,3.31,4,1,0,0,0,0.0
700,22,A,desktop,social,37,3.94,3,3,15,0,1,109.4
753,22,B,desktop,ads,28,4.1,6,1,10,0,1,83.41
818,22,A,mobile,search,23,4.07,4,4,0,0,0,0.0
840,22,A,desktop,search,28,5.54,7,4,5,0,0,0.0
860,22,A,mobile,social,18,3.73,6,4,0,0,0,0.0
893,22,B,desktop,ads,35,3.65,2,3,0,0,0,0.0
921,22,B,mobile,ads,36,2.99,5,1,10,0,0,0.0
952,22,A,mobile,search,28,0.81,7,4,5,0,0,0.0
954,22,B,mobile,ads,28,3.4,8,2,5,0,1,59.61
964,22,B,mobile,ads,31,0.89,4,3,0,0,0,0.0
1045,22,B,desktop,direct,36,4.37,4,3,5,0,0,0.0
1059,22,A,mobile,social,25,4.26,9,4,5,0,0,0.0
1112,22,B,desktop,search,36,3.36,6,5,0,0,0,0.0
1178,22,A,mobile,search,29,0.46,5,2,0,0,0,0.0
1192,22,B,mobile,direct,30,1.71,3,2,5,0,0,0.0
1207,22,B,desktop,search,22,5.91,7,2,10,0,0,0.0
1215,22,A,desktop,direct,44,1.59,8,1,0,0,0,0.0
1228,22,B,desktop,social,27,2.91,2,4,0,0,0,0.0
1244,22,A,desktop,ads,49,3.37,7,5,0,0,0,0.0
1257,22,B,desktop,ads,27,2.53,9,4,5,0,1,21.46
1270,22,B,desktop,social,40,1.57,4,6,5,0,0,0.0
1281,22,B,mobile,ads,35,6.42,7,4,10,0,0,0.0
1385,22,A,mobile,direct,37,2.65,5,6,10,0,0,0.0
1408,22,B,mobile,ads,46,5.06,9,1,0,0,0,0.0
1414,22,B,desktop,search,35,4.05,3,0,5,0,0,0.0
1428,22,B,desktop,social,16,4.17,7,1,0,0,0,0.0
1445,22,B,desktop,direct,24,1.99,9,4,0,0,0,0.0
1457,22,B,desktop,search,31,6.88,5,3,15,0,1,62.99
1517,22,A,mobile,ads,31,3.33,9,3,0,0,0,0.0
1543,22,B,desktop,search,41,1.54,6,1,0,0,1,61.24
1564,22,A,desktop,search,33,2.65,12,2,5,0,0,0.0
1591,22,A,desktop,social,45,2.55,3,3,0,0,0,0.0
1598,22,A,desktop,ads,29,3.1,7,0,5,0,0,0.0
1618,22,A,mobile,search,38,2.4,8,5,0,0,1,36.08
1636,22,B,desktop,ads,41,3.59,5,2,5,0,0,0.0
1713,22,A,desktop,search,51,5.11,6,1,0,0,0,0.0
1740,22,B,desktop,ads,16,5.1,4,2,0,0,0,0.0
1745,22,B,desktop,social,16,4.3,4,2,5,0,0,0.0
1828,22,B,mobile,social,29,1.61,10,1,0,0,0,0.0
1830,22,B,mobile,direct,19,2.91,7,7,0,0,1,56.76
1844,22,B,desktop,ads,41,5.29,7,5,5,0,1,64.4
1905,22,A,desktop,ads,29,4.27,6,2,5,0,1,53.73
1918,22,A,mobile,ads,35,5.38,7,4,0,0,0,0.0
1928,22,B,desktop,ads,16,4.41,11,1,5,0,0,0.0
1953,22,A,mobile,direct,18,3.38,8,2,5,0,0,0.0
1965,22,A,mobile,ads,29,3.68,10,2,0,0,0,0.0
1976,22,A,mobile,search,51,1.15,10,6,0,0,1,44.15
2009,22,B,desktop,ads,27,4.45,4,0,0,0,0,0.0
2091,22,A,mobile,search,33,3.69,9,3,15,0,1,21.36
2103,22,B,mobile,ads,43,0.85,6,5,0,0,1,71.74
2150,22,A,desktop,direct,23,1.3,4,3,0,0,0,0.0
2175,22,B,desktop,social,20,5.07,7,5,5,0,1,22.83
2290,22,A,desktop,social,29,6.48,6,5,0,0,0,0.0
2298,22,B,mobile,search,31,5.06,6,2,0,0,0,0.0
2317,22,A,mobile,ads,16,3.71,6,5,10,0,0,0.0
2338,22,A,desktop,social,25,3.23,6,4,5,0,0,0.0
2378,22,A,desktop,search,21,1.66,8,7,0,0,0,0.0
2380,22,A,desktop,ads,28,3.14,7,2,0,0,0,0.0
2416,22,A,mobile,social,34,1.8,10,3,0,0,0,0.0
2568,22,B,mobile,ads,30,5.6,4,2,5,0,1,62.92
2570,22,A,desktop,search,32,5.67,4,1,0,0,0,0.0
2572,22,A,mobile,ads,37,4.46,3,3,10,0,0,0.0
2620,22,A,mobile,search,29,2.63,4,2,0,0,0,0.0
2622,22,A,mobile,direct,26,2.11,9,5,5,0,0,0.0
2623,22,B,mobile,social,34,4.03,6,8,0,0,0,0.0
2763,22,A,desktop,social,28,2.5,3,1,5,0,1,68.85
2813,22,A,desktop,direct,45,1.45,9,1,5,0,1,38.96
2821,22,B,mobile,direct,33,4.29,7,6,5,0,0,0.0
2837,22,B,mobile,ads,39,2.41,10,5,5,0,1,110.23
2861,22,B,mobile,social,24,0.4,6,2,5,0,0,0.0
2879,22,A,desktop,ads,24,3.96,9,2,0,0,0,0.0
2955,22,B,mobile,social,27,2.25,7,5,0,0,1,116.73
2960,22,A,mobile,search,23,5.73,6,5,10,0,0,0.0
3011,22,A,mobile,search,21,3.76,6,4,0,0,0,0.0
3017,22,A,desktop,social,27,3.02,4,6,5,0,1,71.0
3080,22,B,desktop,search,30,1.86,9,3,5,0,0,0.0
3089,22,A,mobile,direct,18,3.98,8,3,5,0,1,14.68
3095,22,A,mobile,direct,28,6.22,8,5,0,0,1,102.65
3134,22,B,desktop,search,26,2.22,8,3,0,0,1,68.91
3141,22,B,desktop,search,22,3.71,4,6,15,0,1,33.25
3155,22,A,desktop,ads,26,3.85,5,1,10,0,0,0.0
3175,22,B,mobile,ads,36,3.46,7,1,5,0,0,0.0
3199,22,A,desktop,direct,35,3.96,5,2,5,0,0,0.0
3218,22,B,mobile,direct,52,4.32,6,2,0,0,0,0.0
3236,22,A,desktop,ads,26,2.3,6,2,0,0,0,0.0
3237,22,B,desktop,ads,31,2.61,8,4,5,0,0,0.0
3287,22,A,mobile,ads,25,4.11,3,3,0,0,0,0.0
3301,22,B,desktop,search,21,1.46,3,3,5,0,0,0.0
3344,22,A,desktop,social,44,5.13,6,5,0,0,0,0.0
3385,22,A,mobile,social,33,4.34,3,2,5,0,0,0.0
3418,22,A,desktop,search,38,6.83,6,2,15,0,0,0.0
3466,22,B,mobile,search,51,5.18,3,3,0,0,0,0.0
3484,22,A,mobile,search,42,3.68,9,5,0,0,0,0.0
3531,22,B,desktop,search,21,4.65,6,2,0,0,0,0.0
3566,22,B,desktop,ads,41,2.43,8,4,5,0,0,0.0
3581,22,A,mobile,social,21,2.21,6,0,10,0,0,0.0
52,23,B,mobile,ads,31,4.14,9,3,0,0,0,0.0
161,23,B,mobile,search,16,4.3,10,3,5,0,0,0.0
172,23,B,mobile,direct,39,3.86,5,3,0,0,0,0.0
223,23,B,mobile,direct,26,4.74,8,2,5,0,0,0.0
312,23,B,mobile,ads,32,3.35,5,6,10,0,0,0.0
325,23,B,desktop,ads,22,2.48,9,7,0,0,0,0.0
348,23,B,desktop,direct,29,4.76,5,3,0,0,0,0.0
374,23,B,desktop,search,35,4.03,5,4,0,0,0,0.0
383,23,B,desktop,direct,28,2.69,6,3,5,0,0,0.0
388,23,B,desktop,search,46,4.91,6,4,0,0,0,0.0
429,23,B,mobile,direct,26,4.63,10,0,5,0,0,0.0
439,23,B,mobile,social,17,4.57,10,3,0,0,1,44.44
441,23,A,mobile,ads,45,5.65,5,4,10,0,0,0.0
447,23,B,desktop,ads,33,3.71,7,3,10,0,0,0.0
473,23,B,mobile,search,38,4.99,7,2,0,0,0,0.0
483,23,A,mobile,social,27,6.53,7,7,0,0,0,0.0
539,23,A,desktop,social,34,4.03,6,2,0,0,1,77.93
587,23,A,mobile,social,38,1.62,3,6,0,0,1,68.23
589,23,B,mobile,search,23,1.35,6,1,0,0,0,0.0
593,23,A,mobile,search,17,3.07,4,2,5,0,0,0.0
598,23,B,mobile,direct,25,2.09,4,2,0,0,0,0.0
670,23,B,desktop,social,25,3.18,6,5,0,0,0,0.0
683,23,A,desktop,direct,43,3.66,6,0,0,0,0,0.0
690,23,A,mobile,social,41,2.57,9,0,0,0,0,0.0
696,23,B,desktop,ads,35,4.37,6,2,0,0,1,45.35
736,23,B,desktop,ads,27,3.76,7,3,0,0,0,0.0
765,23,A,mobile,ads,38,4.07,5,0,0,0,0,0.0
785,23,A,desktop,social,30,3.93,5,2,0,0,0,0.0
832,23,A,mobile,social,23,2.35,7,3,0,0,0,0.0
841,23,A,mobile,search,28,2.02,3,2,0,0,0,0.0
853,23,B,desktop,search,25,3.38,8,4,0,0,0,0.0
854,23,A,desktop,ads,22,5.29,5,4,0,0,0,0.0
881,23,B,mobile,social,32,5.13,5,2,0,0,0,0.0
892,23,B,mobile,search,30,3.48,6,1,0,0,0,0.0
917,23,A,desktop,ads,37,4.69,5,3,0,0,0,0.0
927,23,B,desktop,search,25,6.43,5,1,0,0,1,49.76
969,23,A,desktop,ads,37,3.31,9,3,5,0,0,0.0
999,23,B,desktop,search,25,4.47,5,0,0,0,1,20.05
1032,23,A,desktop,ads,43,4.04,3,3,5,0,0,0.0
1099,23,B,mobile,ads,23,3.22,10,2,5,0,0,0.0
1114,23,B,mobile,ads,29,3.91,5,5,0,0,1,119.11
1137,23,A,mobile,direct,22,3.55,6,2,0,0,1,35.98
1158,23,B,desktop,social,39,5.47,3,1,10,0,1,124.83
1239,23,A,mobile,search,40,3.8,6,3,0,0,0,0.0
1264,23,A,mobile,direct,41,4.7,6,4,5,0,0,0.0
1291,23,A,mobile,social,18,3.32,4,1,0,0,0,0.0
1354,23,A,desktop,social,33,4.93,5,2,0,0,0,0.0
1472,23,B,desktop,ads,26,3.59,4,4,0,0,0,0.0
1558,23,A,mobile,direct,27,2.74,6,1,15,0,0,0.0
1590,23,A,mobile,social,31,3.22,5,2,0,0,0,0.0
1717,23,B,mobile,ads,42,2.45,9,3,0,0,0,0.0
1719,23,A,mobile,search,41,3.86,5,2,0,0,0,0.0
1806,23,B,desktop,search,43,5.77,5,4,5,0,0,0.0
1820,23,A,mobile,direct,43,6.89,6,1,15,0,1,114.67
1861,23,A,desktop,social,27,3.7,9,2,15,0,0,0.0
1909,23,B,mobile,direct,25,2.53,9,3,5,0,1,101.27
1913,23,A,mobile,ads,29,2.05,8,5,5,0,0,0.0
1974,23,A,desktop,search,24,4.25,10,1,0,0,0,0.0
1977,23,B,mobile,social,41,5.02,6,0,5,0,0,0.0
1984,23,B,desktop,direct,18,4.41,9,2,0,0,0,0.0
2003,23,B,desktop,ads,28,4.52,5,3,10,0,0,0.0
2071,23,A,mobile,ads,32,2.52,8,4,10,0,0,0.0
2136,23,B,desktop,direct,39,5.57,12,6,15,0,0,0.0
2149,23,A,desktop,direct,35,3.57,4,2,10,0,0,0.0
2162,23,B,desktop,search,22,5.37,5,4,5,0,0,0.0
2209,23,A,mobile,search,34,5.15,7,2,0,0,0,0.0
2210,23,B,desktop,social,34,3.96,9,4,15,0,1,48.68
2212,23,B,mobile,ads,26,3.42,8,2,5,0,1,80.76
2256,23,A,desktop,ads,32,3.69,6,1,5,0,0,0.0
2291,23,A,desktop,search,43,1.31,5,3,5,0,1,77.66
2315,23,B,mobile,ads,17,2.39,6,3,5,0,1,61.41
2318,23,B,desktop,direct,45,1.49,5,4,5,0,1,55.96
2357,23,A,mobile,social,30,1.75,8,2,5,0,0,0.0
2385,23,A,desktop,search,48,3.64,9,6,0,0,0,0.0
2399,23,B,desktop,ads,28,4.43,6,2,0,0,0,0.0
2405,23,B,mobile,search,21,4.47,8,3,5,0,0,0.0
2439,23,A,mobile,direct,44,2.76,12,3,0,0,0,0.0
2451,23,B,desktop,ads,16,4.5,8,1,5,0,0,0.0
2486,23,B,desktop,search,27,5.15,9,1,0,0,0,0.0
2544,23,A,desktop,ads,36,4.91,4,7,0,0,1,52.76
2553,23,A,desktop,ads,36,2.34,5,1,15,0,1,28.68
2565,23,A,mobile,direct,34,2.84,7,2,5,0,1,36.37
2674,23,B,mobile,search,37,3.66,7,1,15,0,0,0.0
2716,23,B,desktop,ads,25,4.21,5,3,5,0,0,0.0
2728,23,B,mobile,search,35,5.03,7,4,0,0,0,0.0
2735,23,A,mobile,ads,22,1.93,4,4,0,0,0,0.0
2742,23,B,desktop,search,32,5.5,8,3,0,0,0,0.0
2792,23,B,mobile,direct,26,1.82,4,4,15,0,1,65.82
2811,23,A,mobile,search,21,3.55,5,3,5,0,0,0.0
2860,23,B,desktop,social,23,2.72,5,3,5,0,0,0.0
2875,23,A,mobile,ads,22,1.72,4,3,0,0,0,0.0
2909,23,B,desktop,ads,22,2.88,8,1,0,0,0,0.0
2932,23,B,mobile,search,34,3.74,4,4,0,0,0,0.0
2945,23,A,mobile,ads,29,2.97,9,1,5,0,0,0.0
2959,23,B,mobile,ads,40,5.0,5,3,0,0,0,0.0
2963,23,A,desktop,ads,36,5.28,7,3,5,0,0,0.0
2968,23,A,mobile,ads,39,2.14,5,3,0,0,0,0.0
3006,23,B,mobile,social,30,2.87,4,5,0,0,0,0.0
3009,23,B,desktop,social,26,4.24,6,3,0,0,0,0.0
3019,23,A,mobile,ads,23,6.06,4,3,5,0,0,0.0
3027,23,B,desktop,social,30,2.88,8,2,0,0,1,26.75
3031,23,B,mobile,ads,35,4.67,6,3,5,0,0,0.0
3064,23,B,desktop,search,31,3.63,9,1,5,0,0,0.0
3093,23,A,mobile,search,41,4.85,4,5,15,0,0,0.0
3106,23,A,mobile,social,39,2.27,10,1,0,0,0,0.0
3253,23,B,mobile,search,30,3.45,5,2,0,0,0,0.0
3254,23,A,desktop,social,38,2.94,6,3,5,0,0,0.0
3255,23,B,desktop,social,41,1.37,4,1,5,0,0,0.0
3300,23,B,desktop,search,32,6.34,10,5,0,0,0,0.0
3310,23,B,mobile,social,23,2.6,7,4,0,0,0,0.0
3317,23,B,mobile,direct,41,2.67,7,0,5,0,0,0.0
3378,23,A,mobile,search,22,2.76,9,2,0,0,1,51.94
3427,23,A,mobile,ads,20,2.27,8,4,5,0,1,57.4
3462,23,B,mobile,search,24,5.77,7,2,0,0,0,0.0
3488,23,B,mobile,search,34,4.08,5,1,5,0,0,0.0
3515,23,A,desktop,ads,36,3.42,4,2,5,0,0,0.0
3546,23,B,mobile,ads,54,1.07,8,1,15,0,0,0.0
3551,23,A,mobile,direct,35,2.68,7,3,0,0,1,49.73
3,24,A,desktop,search,35,2.38,5,1,0,0,0,0.0
49,24,A,mobile,social,48,4.62,6,3,5,0,0,0.0
186,24,B,desktop,direct,31,4.92,6,2,0,0,0,0.0
193,24,A,mobile,ads,38,1.51,3,4,0,0,1,18.13
294,24,A,desktop,social,45,3.61,3,3,0,0,0,0.0
311,24,B,desktop,direct,24,3.72,5,6,0,0,0,0.0
318,24,A,mobile,ads,16,4.51,4,3,0,0,1,52.45
331,24,B,desktop,ads,48,4.5,10,4,10,0,1,29.01
389,24,A,desktop,ads,21,2.36,3,0,0,0,0,0.0
399,24,A,mobile,social,37,0.4,5,4,5,0,0,0.0
414,24,B,mobile,search,36,6.31,9,3,0,0,0,0.0
425,24,B,mobile,ads,18,3.05,7,2,0,0,0,0.0
445,24,B,mobile,social,30,2.24,6,0,10,0,0,0.0
459,24,A,mobile,direct,23,3.18,11,2,0,0,0,0.0
485,24,B,desktop,social,32,1.79,10,2,0,0,0,0.0
509,24,A,mobile,search,16,3.57,7,2,0,0,0,0.0
516,24,B,mobile,ads,31,6.02,8,2,0,0,0,0.0
529,24,A,desktop,search,20,1.83,10,5,15,0,1,106.77
541,24,A,desktop,ads,21,1.61,7,6,0,0,1,78.07
634,24,A,desktop,ads,36,2.78,8,5,10,0,0,0.0
652,24,B,desktop,social,37,3.25,4,3,0,0,1,66.15
653,24,B,desktop,search,44,3.47,7,3,5,0,1,8.55
673,24,A,mobile,social,46,3.95,9,3,0,0,0,0.0
689,24,B,mobile,social,34,5.05,7,4,0,0,1,73.58
703,24,B,desktop,social,27,0.97,5,7,10,0,0,0.0
724,24,A,mobile,search,22,2.5,5,3,0,0,0,0.0
729,24,A,desktop,search,16,3.98,7,6,0,0,1,27.49
764,24,B,mobile,direct,32,5.08,2,2,0,0,0,0.0
766,24,B,desktop,social,29,3.2,3,3,0,0,0,0.0
792,24,B,mobile,social,24,2.95,4,2,0,0,0,0.0
869,24,B,mobile,search,36,2.07,5,4,5,0,0,0.0
873,24,A,desktop,direct,23,5.21,6,0,0,0,1,87.99
897,24,B,mobile,ads,36,2.05,7,2,5,0,0,0.0
933,24,A,mobile,ads,28,2.35,2,3,10,0,0,0.0
966,24,A,desktop,social,38,3.0,12,6,0,0,0,0.0
972,24,A,desktop,search,29,3.84,7,3,0,0,0,0.0
977,24,A,mobile,ads,18,3.83,7,2,15,0,0,0.0
997,24,A,desktop,ads,32,4.35,9,1,5,0,0,0.0
1010,24,A,mobile,ads,52,4.33,5,2,15,0,0,0.0
1024,24,A,mobile,social,29,5.42,5,0,5,0,1,162.74
1044,24,B,mobile,direct,24,2.35,10,4,0,0,1,71.57
1063,24,A,mobile,search,31,5.81,7,4,5,0,1,50.69
1115,24,B,mobile,social,22,4.78,9,6,5,0,0,0.0
1143,24,B,desktop,social,21,3.36,7,0,0,0,1,54.47
1147,24,B,mobile,ads,25,4.02,10,4,5,0,0,0.0
1164,24,B,desktop,ads,40,5.36,6,1,5,0,1,139.9
1235,24,B,desktop,social,22,5.83,8,0,0,0,0,0.0
1266,24,A,mobile,social,42,5.99,8,6,5,0,1,42.93
1279,24,A,desktop,search,26,5.9,11,2,0,0,0,0.0
1286,24,A,mobile,social,28,4.18,8,6,5,0,0,0.0
1322,24,B,mobile,search,31,3.93,5,2,10,0,0,0.0
1368,24,B,mobile,search,29,3.83,5,2,5,0,1,36.68
1382,24,A,desktop,social,41,3.38,7,4,0,0,0,0.0
1384,24,A,desktop,direct,31,6.45,5,5,5,0,1,111.09
1389,24,A,desktop,search,41,2.5,6,2,10,0,0,0.0
1401,24,B,desktop,ads,29,2.25,6,4,15,0,1,136.57
1444,24,A,mobile,search,31,4.3,7,6,0,0,0,0.0
1447,24,B,desktop,social,37,4.59,4,3,0,0,0,0.0
1464,24,A,desktop,social,38,3.22,9,3,0,0,0,0.0
1481,24,A,mobile,ads,40,2.78,8,2,0,0,0,0.0
1536,24,A,mobile,ads,29,2.98,5,2,0,0,0,0.0
1550,24,B,desktop,ads,32,4.76,4,1,5,0,0,0.0
1642,24,B,desktop,ads,43,2.97,5,2,0,0,0,0.0
1654,24,A,mobile,ads,26,5.51,8,4,15,0,0,0.0
1675,24,A,mobile,social,30,4.16,10,2,0,0,1,39.26
1685,24,B,mobile,social,28,3.48,12,2,0,0,0,0.0
1696,24,B,mobile,direct,25,2.08,7,4,0,0,1,201.38
1703,24,A,mobile,search,30,5.45,9,2,5,0,1,65.59
1803,24,B,desktop,direct,20,2.33,7,5,0,0,1,18.79
1884,24,B,mobile,search,26,1.77,6,2,5,0,1,40.21
1889,24,B,mobile,ads,32,3.99,4,7,5,0,1,42.62
1901,24,B,desktop,ads,32,3.46,6,3,10,0,0,0.0
1906,24,B,mobile,direct,35,6.89,7,3,10,0,0,0.0
1948,24,B,mobile,ads,38,4.94,4,5,0,0,1,74.52
1949,24,A,mobile,search,33,3.13,4,5,0,0,0,0.0
1968,24,B,desktop,ads,16,2.73,8,2,0,0,0,0.0
1993,24,B,mobile,ads,44,4.56,8,2,0,0,0,0.0
2002,24,A,desktop,ads,39,3.11,6,2,10,0,0,0.0
2015,24,B,mobile,ads,29,5.5,5,4,10,0,0,0.0
2023,24,A,mobile,search,16,3.15,12,3,0,0,0,0.0
2033,24,A,mobile,search,29,2.84,6,5,0,0,0,0.0
2036,24,B,desktop,direct,42,3.55,6,4,0,0,0,0.0
2044,24,A,mobile,ads,31,3.92,6,1,0,0,0,0.0
2046,24,A,mobile,search,33,5.23,7,2,10,0,0,0.0
2089,24,B,mobile,ads,24,1.34,11,2,0,0,1,192.39
2174,24,B,mobile,ads,25,4.01,8,4,0,0,0,0.0
2178,24,A,desktop,ads,16,5.46,7,3,0,0,0,0.0
2187,24,A,mobile,direct,31,1.7,7,2,0,0,0,0.0
2215,24,A,mobile,search,23,3.01,5,2,5,0,1,130.86
2326,24,A,desktop,direct,46,1.8,6,5,0,0,0,0.0
2331,24,B,mobile,ads,26,5.31,10,1,15,0,0,0.0
2376,24,B,desktop,ads,18,3.56,6,6,5,0,1,83.14
2410,24,A,mobile,ads,45,5.74,10,0,5,0,0,0.0
2424,24,A,desktop,ads,26,1.21,7,8,5,0,0,0.0
2444,24,B,desktop,ads,16,2.32,6,3,5,0,0,0.0
2459,24,B,desktop,ads,34,5.06,7,2,0,0,0,0.0
2526,24,B,mobile,direct,28,4.14,6,2,0,0,0,0.0
2532,24,A,mobile,direct,29,3.34,11,1,5,0,1,106.69
2557,24,B,mobile,direct,34,2.07,6,3,0,0,1,53.85
2670,24,B,mobile,search,36,3.62,4,7,0,0,0,0.0
2681,24,B,mobile,social,31,1.57,7,4,5,0,0,0.0
2765,24,B,desktop,search,55,5.26,6,5,0,0,0,0.0
2835,24,A,mobile,ads,16,5.86,6,1,10,0,1,53.21
2838,24,B,desktop,ads,32,2.36,5,6,5,0,0,0.0
2886,24,B,mobile,search,34,5.5,4,3,0,0,0,0.0
2888,24,A,mobile,search,32,3.28,9,3,0,0,0,0.0
2931,24,B,mobile,social,30,4.68,9,3,0,0,0,0.0
2954,24,A,mobile,ads,32,2.73,7,3,10,0,0,0.0
3003,24,A,mobile,direct,40,3.14,9,4,10,0,1,30.47
3071,24,B,desktop,search,18,3.8,6,4,0,0,0,0.0
3097,24,A,mobile,social,22,2.55,8,5,10,0,1,51.94
3128,24,B,mobile,ads,38,4.95,5,4,10,0,1,93.34
3194,24,A,mobile,ads,57,5.78,6,4,5,0,1,104.68
3198,24,B,desktop,ads,32,5.58,9,2,5,0,1,92.53
3201,24,B,mobile,social,32,5.81,8,4,10,0,0,0.0
3259,24,A,mobile,direct,44,2.28,9,3,0,0,1,36.53
3265,24,B,mobile,social,41,2.28,6,4,0,0,0,0.0
3276,24,A,desktop,search,34,3.78,6,2,0,0,0,0.0
3280,24,A,desktop,ads,31,3.12,3,0,15,0,0,0.0
3291,24,B,mobile,search,37,5.59,8,3,5,0,0,0.0
3326,24,A,desktop,search,21,3.52,3,3,15,0,0,0.0
3348,24,B,desktop,direct,34,2.86,5,1,5,0,0,0.0
3452,24,A,mobile,ads,16,4.14,6,2,0,0,0,0.0
3468,24,B,desktop,ads,18,3.72,7,3,5,0,1,62.98
3486,24,A,desktop,search,22,0.6,6,2,10,0,0,0.0
3535,24,A,desktop,search,19,3.2,14,1,0,0,0,0.0
3553,24,B,mobile,social,16,1.24,8,1,0,0,0,0.0
19,25,B,desktop,direct,31,3.32,5,4,0,0,0,0.0
24,25,A,mobile,social,34,1.63,13,1,0,0,0,0.0
45,25,A,mobile,social,38,3.51,6,3,0,0,0,0.0
55,25,A,mobile,search,33,4.15,8,1,0,0,1,66.03
82,25,A,desktop,ads,23,3.34,9,4,0,0,0,0.0
94,25,B,mobile,direct,36,2.52,4,0,0,0,0,0.0
111,25,A,desktop,search,22,2.5,11,2,0,0,0,0.0
221,25,B,desktop,social,36,4.34,11,5,5,0,0,0.0
273,25,B,mobile,ads,17,6.91,7,2,5,0,1,115.59
281,25,B,desktop,ads,26,3.33,7,2,0,0,1,135.16
322,25,B,desktop,search,24,5.97,5,4,5,0,0,0.0
344,25,A,mobile,direct,16,4.5,3,4,0,0,1,93.79
347,25,A,mobile,search,28,5.58,9,0,5,0,0,0.0
363,25,B,mobile,social,40,3.6,5,2,5,0,0,0.0
369,25,A,desktop,direct,29,1.71,7,1,5,0,1,42.32
480,25,B,mobile,search,25,2.23,6,4,5,0,0,0.0
543,25,B,desktop,ads,33,5.47,6,5,0,0,0,0.0
555,25,B,mobile,ads,41,3.72,6,1,5,0,1,32.79
597,25,B,mobile,direct,16,4.11,8,4,0,0,0,0.0
605,25,B,mobile,social,21,1.38,6,5,10,0,0,0.0
621,25,A,mobile,search,40,2.35,8,4,10,0,0,0.0
647,25,B,mobile,search,29,1.46,8,2,0,0,1,30.97
659,25,B,desktop,social,18,3.94,7,2,10,0,0,0.0
686,25,A,desktop,social,23,3.51,5,4,10,0,0,0.0
693,25,A,mobile,direct,41,2.78,11,3,0,0,1,40.88
694,25,B,desktop,ads,33,3.24,6,5,0,0,0,0.0
716,25,B,mobile,social,24,5.28,7,1,10,0,0,0.0
786,25,A,desktop,search,37,3.29,6,5,0,0,0,0.0
789,25,A,mobile,direct,25,5.38,6,4,5,0,0,0.0
848,25,A,desktop,ads,25,0.72,5,5,5,0,0,0.0
884,25,B,mobile,ads,20,5.91,8,2,5,0,0,0.0
886,25,A,mobile,ads,39,5.41,4,6,5,0,1,71.9
971,25,A,desktop,social,32,4.63,4,1,15,0,0,0.0
984,25,A,mobile,direct,31,3.28,8,3,0,0,0,0.0
1042,25,B,desktop,search,21,3.9,7,3,5,0,0,0.0
1179,25,B,desktop,ads,29,3.23,7,5,10,0,1,41.72
1196,25,A,mobile,search,27,2.81,3,1,0,0,0,0.0
1208,25,B,mobile,search,30,2.37,7,3,0,0,1,70.79
1240,25,A,mobile,ads,20,5.95,9,6,5,0,0,0.0
1256,25,A,desktop,ads,36,4.5,7,2,0,0,0,0.0
1263,25,B,mobile,search,24,2.36,10,2,5,0,0,0.0
1273,25,B,mobile,ads,36,3.26,4,1,5,0,1,73.31
1277,25,B,mobile,ads,31,3.68,8,3,0,0,0,0.0
1305,25,B,desktop,ads,18,2.41,8,2,5,0,0,0.0
1309,25,A,desktop,search,36,3.88,4,1,5,0,0,0.0
1315,25,A,mobile,search,33,4.0,10,4,10,0,0,0.0
1331,25,B,desktop,direct,25,2.3,5,2,0,0,1,76.77
1344,25,B,desktop,search,33,5.34,7,2,10,0,0,0.0
1346,25,B,mobile,direct,39,4.71,6,3,0,0,0,0.0
1352,25,B,desktop,ads,38,0.4,7,3,5,0,0,0.0
1355,25,B,mobile,ads,37,1.96,9,2,5,0,0,0.0
1360,25,A,desktop,direct,40,4.6,10,3,10,0,0,0.0
1383,25,A,desktop,ads,36,3.47,3,0,0,0,0,0.0
1422,25,B,desktop,search,31,4.21,11,4,0,0,1,51.26
1452,25,B,desktop,search,30,3.81,6,2,5,0,0,0.0
1495,25,A,mobile,social,19,4.47,8,6,15,0,0,0.0
1526,25,A,mobile,ads,25,3.33,10,3,5,0,0,0.0
1555,25,A,desktop,direct,33,3.32,9,5,0,0,0,0.0
1602,25,A,desktop,direct,34,0.49,8,11,0,0,0,0.0
1625,25,A,mobile,direct,43,5.07,6,4,10,0,1,70.85
1644,25,A,mobile,direct,34,3.75,2,2,5,0,0,0.0
1647,25,B,mobile,social,24,0.4,7,2,0,0,0,0.0
1677,25,A,desktop,ads,31,3.37,4,6,0,0,0,0.0
1701,25,B,desktop,social,18,4.86,6,3,5,0,0,0.0
1726,25,B,desktop,direct,42,3.15,4,4,10,0,0,0.0
1732,25,B,desktop,ads,44,3.16,10,3,0,0,1,105.74
1755,25,A,mobile,search,22,2.65,4,1,0,0,0,0.0
1783,25,B,mobile,ads,30,4.64,6,1,5,0,0,0.0
1793,25,A,mobile,social,27,4.48,5,1,0,0,0,0.0
1834,25,A,desktop,search,16,3.73,8,4,5,0,0,0.0
1842,25,A,desktop,search,28,3.79,5,3,0,0,0,0.0
1879,25,B,mobile,ads,29,2.95,4,2,15,0,0,0.0
1885,25,A,mobile,social,36,3.54,2,2,5,0,1,130.46
1894,25,B,desktop,search,42,1.5,7,4,5,0,1,36.7
1942,25,A,desktop,social,33,3.64,8,2,5,0,1,117.95
1958,25,B,desktop,search,35,6.2,8,1,5,0,0,0.0
1982,25,B,mobile,search,26,4.7,7,5,0,0,1,145.34
2074,25,A,desktop,search,30,3.4,5,4,0,0,1,68.19
2077,25,B,mobile,ads,43,4.1,4,3,0,0,0,0.0
2098,25,B,mobile,direct,35,2.3,5,4,5,0,0,0.0
2119,25,A,mobile,ads,29,3.73,8,0,10,0,1,31.41
2133,25,A,desktop,ads,32,3.92,7,2,5,0,0,0.0
2181,25,B,mobile,social,28,2.88,6,6,0,0,0,0.0
2214,25,B,mobile,social,30,3.21,5,7,10,0,0,0.0
2231,25,B,mobile,direct,26,5.94,3,2,0,0,0,0.0
2233,25,B,mobile,ads,42,3.43,5,2,10,0,0,0.0
2260,25,A,desktop,search,24,4.2,7,2,10,0,0,0.0
2266,25,B,desktop,social,34,4.6,7,3,10,0,0,0.0
2343,25,B,mobile,direct,45,6.23,12,4,15,0,0,0.0
2363,25,B,desktop,ads,17,4.39,3,4,0,0,0,0.0
2364,25,A,mobile,ads,44,1.87,6,2,0,0,0,0.0
2394,25,A,desktop,search,31,1.92,6,3,10,0,0,0.0
2419,25,A,mobile,search,30,2.91,3,3,0,0,0,0.0
2550,25,A,desktop,direct,31,4.48,6,7,0,0,0,0.0
2599,25,B,mobile,search,30,3.37,9,6,10,0,1,83.59
2611,25,A,mobile,ads,28,3.23,10,2,5,0,0,0.0
2624,25,A,mobile,social,31,4.75,6,3,5,0,0,0.0
2680,25,A,desktop,social,29,5.08,11,2,0,0,0,0.0
2687,25,A,desktop,ads,37,3.03,9,2,0,0,0,0.0
2703,25,A,desktop,search,34,1.71,4,4,0,0,0,0.0
2814,25,A,mobile,ads,30,2.37,3,7,0,0,0,0.0
2851,25,B,mobile,social,42,3.29,7,2,5,0,0,0.0
2865,25,B,mobile,ads,28,3.85,11,3,15,0,0,0.0
2971,25,A,mobile,ads,26,0.4,4,5,0,0,0,0.0
3045,25,A,mobile,ads,26,2.3,7,3,5,0,0,0.0
3057,25,A,desktop,ads,29,3.93,5,4,0,0,0,0.0
3072,25,A,desktop,search,37,4.68,7,4,0,0,0,0.0
3074,25,A,desktop,ads,45,3.24,6,5,0,0,0,0.0
3078,25,B,mobile,search,30,3.99,5,0,5,0,1,94.8
3082,25,B,desktop,social,38,3.14,6,2,10,0,0,0.0
3160,25,A,desktop,social,28,4.07,4,1,0,0,0,0.0
3163,25,B,mobile,search,25,2.26,2,3,0,0,0,0.0
3165,25,B,desktop,ads,26,3.64,5,5,5,0,0,0.0
3183,25,A,mobile,ads,25,0.59,5,5,5,0,0,0.0
3186,25,B,mobile,search,16,3.9,3,3,0,0,0,0.0
3304,25,A,mobile,ads,25,3.8,7,2,0,0,0,0.0
3335,25,A,mobile,social,18,4.56,5,1,0,0,0,0.0
3400,25,A,mobile,ads,40,3.91,7,6,5,0,0,0.0
3449,25,B,mobile,direct,37,2.51,7,2,0,0,0,0.0
3493,25,B,mobile,search,39,5.25,9,0,5,0,0,0.0
3529,25,B,desktop,social,30,4.74,6,5,0,0,1,104.4
3556,25,B,mobile,search,33,6.01,6,4,0,0,1,77.53
7,26,A,desktop,social,30,3.04,8,4,0,0,0,0.0
26,26,B,mobile,search,35,3.87,10,3,5,0,0,0.0
79,26,B,desktop,search,18,7.02,4,4,0,0,0,0.0
80,26,A,desktop,social,27,2.64,7,4,5,0,0,0.0
120,26,B,desktop,ads,30,3.62,5,5,15,0,0,0.0
142,26,A,mobile,search,31,4.28,8,2,0,0,0,0.0
144,26,B,desktop,search,51,3.94,10,4,0,0,0,0.0
148,26,A,desktop,direct,41,4.7,6,2,0,0,0,0.0
185,26,A,mobile,search,16,5.95,7,2,0,0,1,65.57
203,26,B,desktop,social,47,2.51,6,6,0,0,0,0.0
217,26,A,mobile,direct,29,2.05,7,2,5,0,0,0.0
224,26,B,mobile,social,43,4.31,11,6,0,0,0,0.0
267,26,A,mobile,ads,35,2.94,6,1,0,0,0,0.0
435,26,A,mobile,search,22,6.36,6,1,5,0,0,0.0
519,26,A,mobile,ads,33,4.16,6,2,5,0,0,0.0
635,26,A,mobile,search,33,4.69,8,8,0,0,0,0.0
695,26,A,desktop,direct,35,4.54,3,2,0,0,0,0.0
698,26,A,mobile,social,21,5.57,3,4,0,0,0,0.0
711,26,A,mobile,search,39,1.62,8,6,0,0,0,0.0
739,26,B,desktop,search,29,6.24,7,2,0,0,0,0.0
814,26,A,desktop,social,27,5.76,8,2,0,0,0,0.0
902,26,B,mobile,ads,26,1.69,8,2,5,0,0,0.0
903,26,B,desktop,search,43,4.29,4,4,5,0,0,0.0
959,26,B,desktop,ads,18,6.08,8,3,0,0,0,0.0
998,26,B,mobile,search,25,2.7,3,3,10,0,0,0.0
1022,26,B,desktop,social,27,3.29,9,1,5,0,0,0.0
1095,26,B,mobile,social,32,4.15,4,5,0,0,0,0.0
1145,26,B,mobile,ads,43,4.01,7,5,5,0,0,0.0
1359,26,B,desktop,ads,41,5.36,10,3,0,0,0,0.0
1386,26,B,desktop,direct,24,3.64,9,3,0,0,1,66.74
1409,26,A,desktop,search,33,2.59,5,4,0,0,0,0.0
1426,26,A,mobile,ads,40,2.74,3,4,0,0,0,0.0
1437,26,B,mobile,social,31,3.65,7,2,5,0,0,0.0
1442,26,A,desktop,search,35,2.54,7,1,5,0,0,0.0
1462,26,B,desktop,search,43,3.23,6,3,10,0,0,0.0
1492,26,A,mobile,search,36,3.11,4,5,5,0,0,0.0
1513,26,A,desktop,search,28,2.49,7,1,5,0,0,0.0
1515,26,A,mobile,ads,39,2.87,3,1,0,0,0,0.0
1617,26,B,mobile,social,32,2.59,5,4,0,0,0,0.0
1624,26,B,mobile,search,22,5.11,5,3,5,0,0,0.0
1637,26,A,mobile,direct,25,5.12,6,4,5,0,0,0.0
1646,26,B,mobile,search,16,2.74,8,2,0,0,0,0.0
1680,26,B,mobile,ads,27,3.18,7,4,0,0,0,0.0
1758,26,B,mobile,ads,45,3.96,5,1,10,0,1,183.88
1776,26,A,desktop,ads,23,4.62,9,3,0,0,0,0.0
1872,26,A,desktop,social,42,5.42,9,4,10,0,0,0.0
1886,26,B,desktop,search,32,5.95,3,6,0,0,1,123.38
1903,26,B,desktop,search,33,4.29,8,1,0,0,0,0.0
1920,26,B,desktop,search,24,5.86,4,3,0,0,0,0.0
1950,26,B,mobile,direct,46,3.06,6,4,5,0,0,0.0
1989,26,B,mobile,search,36,5.65,4,7,5,0,1,58.14
2011,26,A,mobile,direct,38,6.48,9,7,10,0,1,37.02
2025,26,B,desktop,ads,26,4.23,4,3,0,0,0,0.0
2026,26,A,mobile,direct,16,3.68,7,1,10,0,0,0.0
2090,26,A,desktop,ads,27,4.08,5,2,0,0,0,0.0
2107,26,B,desktop,social,38,0.96,5,3,5,0,0,0.0
2165,26,B,desktop,search,25,3.95,7,3,0,0,1,31.42
2168,26,B,desktop,search,39,5.14,10,2,5,0,0,0.0
2197,26,B,mobile,search,24,5.2,8,1,15,0,0,0.0
2307,26,B,desktop,direct,43,2.9,8,1,0,0,0,0.0
2309,26,A,mobile,social,39,3.42,9,4,0,0,0,0.0
2351,26,A,mobile,social,28,2.62,9,2,5,0,0,0.0
2388,26,A,desktop,search,34,2.51,6,4,0,0,1,64.27
2414,26,A,mobile,ads,30,3.57,7,5,5,0,0,0.0
2415,26,A,mobile,direct,44,4.13,9,6,0,0,0,0.0
2435,26,A,mobile,ads,29,3.7,10,3,0,0,0,0.0
2450,26,B,desktop,direct,40,1.94,9,1,10,0,0,0.0
2457,26,B,desktop,direct,24,6.09,7,6,0,0,1,100.44
2474,26,A,desktop,search,41,4.07,10,2,0,0,0,0.0
2507,26,B,mobile,search,27,1.96,8,5,0,0,0,0.0
2564,26,B,mobile,social,31,4.35,8,0,5,0,1,87.04
2569,26,B,desktop,ads,40,2.83,5,5,15,0,0,0.0
2576,26,B,desktop,ads,39,3.75,6,1,0,0,0,0.0
2578,26,A,mobile,social,27,3.28,8,4,5,0,0,0.0
2642,26,A,desktop,search,21,4.28,6,4,5,0,1,82.65
2738,26,B,mobile,direct,17,3.78,5,3,0,0,1,104.61
2787,26,B,mobile,ads,19,5.01,5,2,0,0,1,40.31
2789,26,A,mobile,search,32,3.6,6,3,10,0,0,0.0
2819,26,B,mobile,ads,16,3.33,3,3,5,0,0,0.0
2828,26,A,mobile,ads,34,4.41,9,4,15,0,0,0.0
2869,26,B,mobile,social,17,4.66,9,5,0,0,1,70.72
2898,26,A,mobile,ads,21,2.75,7,1,0,0,0,0.0
2917,26,B,mobile,ads,39,4.63,8,1,0,0,0,0.0
2939,26,A,desktop,social,31,4.4,8,2,10,0,0,0.0
2951,26,B,mobile,ads,16,1.45,7,1,5,0,0,0.0
2966,26,A,mobile,direct,27,2.74,4,0,0,0,1,3.47
2979,26,A,desktop,direct,30,2.76,4,1,0,0,0,0.0
2983,26,A,mobile,ads,39,5.12,8,3,0,0,0,0.0
3008,26,B,desktop,ads,28,2.7,3,4,0,0,0,0.0
3028,26,A,desktop,ads,27,2.75,2,2,0,0,0,0.0
3077,26,B,desktop,ads,26,3.62,6,0,5,0,0,0.0
3085,26,B,desktop,ads,31,1.78,6,5,10,0,0,0.0
3115,26,A,desktop,search,30,4.64,11,1,5,0,0,0.0
3146,26,B,mobile,ads,26,1.64,6,4,15,0,0,0.0
3213,26,B,mobile,ads,46,4.52,5,5,15,0,0,0.0
3223,26,A,desktop,search,35,3.12,7,2,0,0,0,0.0
3231,26,B,mobile,search,16,4.02,6,2,5,0,0,0.0
3235,26,B,mobile,direct,31,3.87,7,3,0,0,0,0.0
3247,26,B,mobile,direct,29,4.12,6,3,10,0,0,0.0
3298,26,B,desktop,social,35,4.03,4,3,5,0,1,86.84
3321,26,B,desktop,social,30,2.86,5,3,10,0,0,0.0
3334,26,B,mobile,search,37,2.82,6,5,10,0,0,0.0
3350,26,A,desktop,ads,27,5.84,5,6,5,0,0,0.0
3384,26,A,desktop,ads,20,3.59,8,3,10,0,0,0.0
3408,26,A,mobile,search,32,3.26,4,5,0,0,0,0.0
3410,26,A,mobile,search,29,1.01,3,2,0,0,0,0.0
3455,26,B,desktop,social,16,3.08,9,1,0,0,0,0.0
3506,26,B,mobile,direct,35,5.66,9,8,10,0,1,51.41
3520,26,B,mobile,search,39,3.14,9,2,5,0,1,5.35
3521,26,A,desktop,ads,23,5.36,7,4,5,0,0,0.0
20,27,B,desktop,search,25,2.79,7,3,5,1,0,0.0
53,27,B,desktop,search,43,5.15,5,3,5,1,0,0.0
67,27,B,mobile,ads,40,6.51,5,1,5,1,0,0.0
81,27,A,mobile,search,31,5.23,5,3,10,1,0,0.0
143,27,B,desktop,ads,45,2.71,4,2,15,1,0,0.0
183,27,A,mobile,social,22,4.33,6,3,5,1,1,45.28
198,27,A,desktop,ads,45,4.08,6,1,5,1,0,0.0
302,27,A,desktop,social,30,6.13,8,7,5,1,0,0.0
387,27,B,mobile,social,29,4.48,14,4,10,1,0,0.0
405,27,A,desktop,social,26,3.98,6,2,0,1,1,83.9
432,27,B,mobile,ads,21,3.39,6,5,0,1,0,0.0
521,27,B,desktop,social,34,2.46,5,7,5,1,0,0.0
602,27,A,mobile,ads,27,3.36,10,6,0,1,0,0.0
606,27,B,mobile,direct,26,3.77,4,1,5,1,0,0.0
616,27,A,mobile,social,23,4.54,4,5,5,1,0,0.0
627,27,B,desktop,direct,16,2.49,7,0,0,1,1,107.15
630,27,B,mobile,search,35,5.44,3,6,0,1,1,111.89
663,27,B,desktop,social,37,3.26,6,1,0,1,0,0.0
719,27,B,mobile,ads,34,3.16,8,1,10,1,0,0.0
723,27,A,mobile,direct,22,3.81,6,4,0,1,1,29.98
754,27,A,mobile,search,23,2.51,5,5,5,1,0,0.0
802,27,A,mobile,search,26,5.22,7,0,0,1,0,0.0
808,27,B,mobile,direct,32,2.42,7,4,0,1,0,0.0
816,27,A,mobile,search,21,3.21,6,3,5,1,0,0.0
822,27,A,mobile,search,43,3.15,4,5,0,1,0,0.0
871,27,A,mobile,search,27,3.51,5,4,0,1,0,0.0
883,27,A,mobile,search,30,2.84,9,3,5,1,0,0.0
894,27,A,mobile,ads,23,0.89,3,1,0,1,0,0.0
993,27,A,mobile,ads,16,4.79,6,5,5,1,0,0.0
994,27,B,mobile,social,23,2.03,5,3,0,1,0,0.0
1076,27,A,desktop,direct,20,5.06,8,3,10,1,0,0.0
1083,27,A,mobile,social,18,5.06,7,2,5,1,1,30.21
1113,27,A,desktop,direct,23,2.55,9,4,0,1,1,101.49
1130,27,B,desktop,social,29,2.79,9,5,5,1,1,143.61
1133,27,A,mobile,search,23,3.61,6,5,5,1,1,25.56
1213,27,A,mobile,social,23,4.72,7,1,0,1,1,45.38
1232,27,B,desktop,ads,34,4.6,4,3,0,1,0,0.0
1275,27,A,desktop,social,21,2.9,3,3,0,1,0,0.0
1283,27,B,mobile,ads,27,5.12,4,2,0,1,0,0.0
1311,27,B,desktop,search,33,5.05,6,1,5,1,0,0.0
1348,27,B,mobile,social,31,5.36,4,6,10,1,0,0.0
1356,27,B,mobile,search,54,2.17,10,4,0,1,0,0.0
1357,27,A,desktop,ads,35,3.9,6,1,5,1,0,0.0
1377,27,A,mobile,search,32,4.65,3,2,15,1,0,0.0
1431,27,A,desktop,ads,28,3.59,4,2,5,1,0,0.0
1480,27,B,mobile,social,40,6.34,6,4,5,1,0,0.0
1493,27,A,mobile,ads,44,1.47,7,2,0,1,0,0.0
1504,27,B,mobile,search,20,2.8,9,4,0,1,1,33.58
1527,27,B,desktop,social,26,3.83,10,1,0,1,0,0.0
1552,27,B,desktop,direct,34,4.12,8,5,0,1,0,0.0
1557,27,A,desktop,ads,22,5.08,9,2,0,1,0,0.0
1608,27,A,mobile,ads,33,3.65,8,3,0,1,0,0.0
1635,27,A,mobile,search,29,3.89,4,4,0,1,0,0.0
1639,27,B,desktop,ads,18,3.87,10,3,15,1,0,0.0
1671,27,A,desktop,search,20,4.5,7,0,5,1,0,0.0
1688,27,B,mobile,social,24,4.55,9,2,0,1,1,47.92
1735,27,B,desktop,ads,36,2.78,11,3,5,1,0,0.0
1753,27,A,mobile,search,38,6.29,5,0,5,1,0,0.0
1766,27,B,desktop,ads,26,3.99,9,2,0,1,0,0.0
1829,27,B,desktop,social,25,3.38,7,5,10,1,0,0.0
1839,27,A,desktop,social,31,3.7,7,1,10,1,0,0.0
1847,27,A,mobile,social,20,3.16,8,0,0,1,0,0.0
1911,27,B,desktop,ads,45,4.04,10,5,0,1,0,0.0
1936,27,B,mobile,social,26,2.47,8,4,10,1,0,0.0
1944,27,B,mobile,search,34,3.84,3,3,5,1,1,44.89
1963,27,B,desktop,social,25,2.45,2,3,5,1,0,0.0
1967,27,B,mobile,search,24,1.75,5,3,5,1,0,0.0
1981,27,B,mobile,ads,48,3.19,5,5,0,1,0,0.0
2006,27,A,mobile,direct,28,5.7,7,9,0,1,0,0.0
2032,27,A,mobile,search,22,2.25,4,3,0,1,0,0.0
2113,27,A,mobile,search,31,4.84,10,2,5,1,0,0.0
2142,27,A,desktop,social,34,2.53,5,2,10,1,1,49.85
2156,27,B,mobile,direct,28,4.82,7,1,0,1,0,0.0
2237,27,B,mobile,social,37,3.4,10,2,0,1,0,0.0
2277,27,A,mobile,social,52,3.76,8,3,5,1,0,0.0
2303,27,A,mobile,ads,16,5.67,7,5,5,1,0,0.0
2305,27,A,desktop,search,32,3.61,7,5,0,1,0,0.0
2349,27,B,mobile,direct,23,5.12,6,2,0,1,0,0.0
2393,27,A,desktop,social,30,3.24,9,4,5,1,1,40.99
2490,27,A,desktop,search,22,3.58,7,1,5,1,0,0.0
2522,27,A,desktop,search,41,2.64,6,2,0,1,0,0.0
2525,27,A,desktop,social,45,5.71,7,1,10,1,0,0.0
2534,27,B,desktop,direct,30,0.54,5,5,0,1,0,0.0
2537,27,B,desktop,ads,44,2.03,3,5,0,1,0,0.0
2549,27,A,mobile,direct,29,3.57,6,1,0,1,0,0.0
2610,27,B,desktop,ads,31,4.8,9,6,0,1,0,0.0
2617,27,A,desktop,search,24,4.74,7,1,10,1,0,0.0
2627,27,A,desktop,social,42,4.2,6,3,0,1,0,0.0
2691,27,B,mobile,ads,24,0.6,4,4,15,1,0,0.0
2695,27,B,desktop,direct,30,2.48,5,4,0,1,0,0.0
2803,27,A,desktop,ads,17,5.06,5,4,0,1,0,0.0
2827,27,B,mobile,search,31,2.68,7,5,5,1,0,0.0
2902,27,B,mobile,social,27,3.13,7,3,0,1,0,0.0
2905,27,B,mobile,ads,24,2.21,6,3,5,1,1,71.65
2910,27,B,mobile,ads,31,4.84,8,1,0,1,0,0.0
2916,27,A,desktop,social,41,2.95,8,1,10,1,0,0.0
3035,27,B,mobile,ads,26,2.41,7,4,0,1,0,0.0
3047,27,A,mobile,social,29,5.36,9,2,5,1,0,0.0
3052,27,A,desktop,ads,33,0.79,10,2,0,1,0,0.0
3053,27,B,mobile,ads,35,6.16,12,4,0,1,0,0.0
3086,27,B,mobile,ads,37,3.44,4,3,5,1,0,0.0
3170,27,B,mobile,direct,34,3.54,6,2,0,1,0,0.0
3190,27,A,desktop,ads,26,4.97,6,5,10,1,0,0.0
3203,27,B,mobile,direct,38,4.94,4,2,0,1,1,86.83
3212,27,A,desktop,direct,37,3.59,5,7,0,1,0,0.0
3238,27,B,desktop,search,25,2.45,5,1,10,1,0,0.0
3293,27,A,mobile,ads,24,1.95,7,2,0,1,1,32.38
3312,27,A,desktop,ads,20,5.04,8,3,0,1,1,78.61
3319,27,A,mobile,search,36,4.96,4,2,0,1,0,0.0
3333,27,A,mobile,ads,20,4.68,9,1,15,1,0,0.0
3346,27,A,desktop,direct,33,2.98,5,3,5,1,1,36.28
3394,27,A,mobile,direct,33,3.14,6,2,5,1,1,28.96
3474,27,B,mobile,direct,28,4.17,10,0,0,1,1,45.41
3524,27,B,mobile,direct,31,4.42,8,2,10,1,0,0.0
3532,27,A,desktop,ads,28,6.11,4,2,0,1,0,0.0
3543,27,B,mobile,social,26,3.51,5,2,5,1,0,0.0
3548,27,A,mobile,social,40,2.93,7,6,10,1,0,0.0
3568,27,B,desktop,social,41,5.14,9,2,0,1,0,0.0
3587,27,A,desktop,social,36,4.88,6,9,15,1,1,23.88
3589,27,A,mobile,ads,29,2.08,5,3,10,1,0,0.0
50,28,B,desktop,ads,49,5.11,6,4,0,0,0,0.0
84,28,B,mobile,search,21,2.59,6,1,0,0,0,0.0
107,28,B,mobile,social,38,4.25,6,1,0,0,0,0.0
139,28,B,desktop,search,22,2.97,6,4,0,0,0,0.0
158,28,B,desktop,ads,45,5.22,6,6,5,0,0,0.0
187,28,B,desktop,ads,20,6.79,8,3,15,0,1,73.71
189,28,B,mobile,ads,28,3.6,10,2,5,0,0,0.0
232,28,B,mobile,social,52,1.14,5,0,0,0,0,0.0
237,28,B,mobile,ads,29,3.6,6,4,10,0,0,0.0
257,28,B,mobile,search,28,0.98,7,1,5,0,0,0.0
269,28,A,mobile,ads,27,2.73,8,2,0,0,0,0.0
295,28,B,desktop,social,35,2.33,5,4,0,0,0,0.0
300,28,A,mobile,social,21,3.49,11,3,0,0,0,0.0
304,28,B,mobile,search,27,4.49,6,0,10,0,0,0.0
326,28,A,mobile,ads,19,2.82,7,6,0,0,1,40.91
343,28,B,mobile,social,31,1.5,5,4,0,0,1,121.94
358,28,A,desktop,search,39,4.96,3,0,5,0,1,44.6
360,28,A,mobile,ads,29,4.79,6,1,10,0,0,0.0
394,28,B,mobile,direct,27,3.87,9,1,0,0,0,0.0
396,28,A,mobile,ads,39,4.24,8,2,0,0,0,0.0
400,28,A,desktop,ads,46,3.48,10,4,0,0,0,0.0
433,28,B,mobile,ads,33,2.72,5,2,10,0,0,0.0
444,28,B,mobile,social,23,2.26,5,5,5,0,0,0.0
482,28,B,mobile,social,19,7.25,11,3,0,0,0,0.0
484,28,A,desktop,search,25,3.97,7,5,0,0,0,0.0
534,28,A,mobile,ads,47,4.35,8,3,5,0,1,12.09
537,28,B,desktop,search,23,2.69,5,3,5,0,0,0.0
579,28,A,mobile,ads,35,1.59,4,1,0,0,0,0.0
712,28,A,mobile,ads,44,4.09,10,0,5,0,0,0.0
726,28,A,desktop,ads,37,3.94,4,5,0,0,0,0.0
758,28,B,mobile,social,47,3.65,4,2,0,0,0,0.0
760,28,A,desktop,search,29,1.09,3,4,0,0,1,29.46
775,28,A,mobile,ads,32,3.45,6,3,0,0,0,0.0
830,28,A,mobile,ads,16,3.79,16,1,5,0,1,105.03
943,28,A,desktop,social,41,4.24,4,4,0,0,0,0.0
1066,28,B,desktop,direct,36,6.14,9,3,0,0,1,31.05
1070,28,B,mobile,search,41,4.42,5,5,5,0,0,0.0
1073,28,B,mobile,direct,37,3.25,5,3,0,0,0,0.0
1102,28,B,mobile,social,31,4.03,9,1,0,0,0,0.0
1149,28,B,mobile,ads,50,1.96,8,4,5,0,0,0.0
1188,28,A,mobile,ads,19,2.55,6,4,5,0,0,0.0
1201,28,B,desktop,ads,30,5.38,4,5,10,0,0,0.0
1233,28,A,mobile,ads,29,5.08,10,4,0,0,1,65.45
1323,28,B,desktop,search,21,2.39,10,5,0,0,0,0.0
1370,28,B,mobile,ads,16,6.04,7,2,0,0,0,0.0
1379,28,A,desktop,search,34,2.13,9,3,5,0,1,102.45
1403,28,B,mobile,ads,38,4.66,9,4,0,0,0,0.0
1411,28,A,mobile,search,39,4.8,7,4,0,0,0,0.0
1439,28,B,mobile,direct,21,2.27,9,8,15,0,0,0.0
1456,28,B,desktop,direct,26,3.52,6,2,0,0,0,0.0
1484,28,B,desktop,search,19,2.77,5,4,5,0,1,52.06
1521,28,B,mobile,direct,31,4.46,8,3,5,0,0,0.0
1528,28,B,mobile,direct,34,5.78,5,1,10,0,1,53.74
1545,28,A,desktop,ads,16,0.43,5,6,5,0,1,59.77
1561,28,A,mobile,search,16,5.36,9,1,0,0,0,0.0
1585,28,A,mobile,ads,17,4.03,8,5,10,0,1,20.31
1609,28,A,desktop,search,44,3.99,7,2,5,0,1,143.85
1648,28,A,desktop,ads,30,3.51,5,2,5,0,0,0.0
1742,28,A,mobile,direct,26,3.14,3,2,10,0,0,0.0
1750,28,B,desktop,search,37,2.64,7,2,0,0,0,0.0
1756,28,B,mobile,social,18,3.06,7,2,0,0,1,66.48
1769,28,A,mobile,ads,35,3.15,7,3,5,0,1,53.5
1807,28,B,mobile,social,28,1.71,8,3,0,0,0,0.0
1838,28,A,mobile,ads,40,3.17,8,2,0,0,0,0.0
1866,28,A,desktop,ads,41,3.8,7,4,10,0,1,64.86
2028,28,A,mobile,ads,26,2.88,7,3,0,0,0,0.0
2083,28,B,mobile,ads,22,4.39,6,3,10,0,0,0.0
2123,28,A,desktop,search,41,3.51,7,2,10,0,0,0.0
2143,28,A,mobile,ads,40,3.54,6,3,0,0,0,0.0
2169,28,A,mobile,direct,35,4.33,9,5,0,0,1,49.95
2221,28,A,mobile,ads,40,3.12,7,6,5,0,0,0.0
2226,28,B,desktop,ads,22,2.26,5,1,5,0,1,51.87
2234,28,B,mobile,search,28,1.33,8,2,5,0,0,0.0
2281,28,B,mobile,ads,38,4.45,3,2,0,0,1,49.72
2294,28,B,desktop,direct,39,1.03,3,3,5,0,1,69.75
2332,28,A,mobile,direct,54,3.51,9,5,10,0,1,32.88
2368,28,A,mobile,search,33,5.36,5,0,5,0,0,0.0
2370,28,A,mobile,search,25,5.54,4,11,5,0,0,0.0
2392,28,B,desktop,ads,37,2.24,4,5,0,0,0,0.0
2406,28,A,desktop,ads,33,3.4,11,1,0,0,0,0.0
2472,28,A,mobile,search,28,1.32,6,2,5,0,0,0.0
2478,28,A,mobile,ads,23,3.66,9,2,5,0,1,29.11
2481,28,A,desktop,direct,16,3.95,7,1,0,0,0,0.0
2494,28,A,mobile,social,22,0.93,8,3,5,0,0,0.0
2505,28,B,mobile,ads,49,4.72,5,3,5,0,1,36.8
2506,28,A,desktop,ads,22,3.11,5,4,15,0,0,0.0
2566,28,A,mobile,social,33,5.29,6,4,0,0,0,0.0
2635,28,A,desktop,direct,16,5.1,7,1,0,0,0,0.0
2664,28,A,mobile,social,36,5.26,11,5,0,0,0,0.0
2677,28,B,desktop,social,38,3.93,6,2,0,0,0,0.0
2715,28,A,mobile,ads,24,3.46,3,2,0,0,0,0.0
2717,28,B,mobile,search,43,2.94,5,1,10,0,0,0.0
2725,28,B,desktop,ads,28,3.44,3,4,15,0,0,0.0
2745,28,B,mobile,ads,44,3.2,7,3,5,0,0,0.0
2767,28,A,desktop,ads,52,1.77,9,2,10,0,0,0.0
2770,28,B,mobile,ads,32,1.0,4,2,10,0,0,0.0
2771,28,B,mobile,search,40,4.32,7,1,0,0,0,0.0
2776,28,B,desktop,social,30,4.22,6,3,5,0,0,0.0
2799,28,B,mobile,social,18,3.5,5,0,10,0,0,0.0
2852,28,A,desktop,social,25,3.64,8,3,0,0,0,0.0
3024,28,A,desktop,direct,21,2.77,5,1,5,0,0,0.0
3046,28,B,desktop,search,34,5.26,8,2,0,0,0,0.0
3092,28,B,desktop,ads,33,4.31,7,1,5,0,1,101.15
3110,28,B,desktop,search,36,5.91,9,8,5,0,1,54.47
3116,28,B,mobile,social,37,3.65,7,4,10,0,1,106.19
3140,28,A,desktop,ads,32,2.61,9,6,0,0,0,0.0
3158,28,A,mobile,ads,16,2.43,4,2,5,0,0,0.0
3169,28,B,mobile,ads,32,3.84,7,5,0,0,0,0.0
3173,28,B,desktop,ads,29,5.73,5,4,0,0,0,0.0
3193,28,B,desktop,social,34,3.55,4,1,0,0,1,95.95
3208,28,A,mobile,search,28,2.85,6,2,5,0,0,0.0
3211,28,B,desktop,direct,32,1.56,3,3,10,0,0,0.0
3229,28,B,mobile,ads,40,6.08,8,5,5,0,0,0.0
3234,28,B,desktop,direct,26,5.08,6,3,5,0,1,79.12
3246,28,B,desktop,social,44,3.24,10,2,0,0,1,65.36
3275,28,B,mobile,direct,25,1.44,7,3,5,0,0,0.0
3316,28,A,desktop,social,26,3.53,11,0,0,0,0,0.0
3320,28,A,desktop,direct,21,3.52,5,4,0,0,0,0.0
3361,28,B,desktop,ads,31,1.71,8,3,15,0,0,0.0
3525,28,A,desktop,social,30,4.46,5,2,5,0,1,89.75
3530,28,B,mobile,ads,36,1.62,8,5,5,0,0,0.0
3569,28,A,desktop,social,45,5.51,6,3,5,0,1,19.46
3580,28,A,desktop,social,17,5.32,8,3,5,0,0,0.0
29,29,B,mobile,search,24,3.18,7,1,0,0,0,0.0
73,29,A,desktop,social,23,4.78,9,3,0,0,1,45.52
74,29,A,mobile,social,44,4.92,7,3,0,0,1,91.77
131,29,A,mobile,social,45,5.04,5,4,5,0,0,0.0
184,29,B,desktop,direct,37,2.86,5,9,0,0,0,0.0
210,29,A,mobile,direct,36,4.59,9,5,0,0,1,53.4
246,29,A,mobile,ads,22,4.77,7,4,15,0,0,0.0
272,29,A,mobile,search,21,3.32,5,4,0,0,0,0.0
323,29,B,mobile,direct,28,5.62,7,7,10,0,1,17.03
364,29,A,desktop,social,46,3.25,6,4,0,0,0,0.0
416,29,B,mobile,search,38,1.79,9,3,0,0,0,0.0
452,29,B,desktop,social,40,2.9,7,2,15,0,0,0.0
481,29,A,desktop,social,26,3.65,7,5,10,0,0,0.0
511,29,B,mobile,ads,31,2.69,3,2,5,0,0,0.0
531,29,A,mobile,social,28,4.66,3,5,5,0,0,0.0
542,29,B,desktop,social,37,1.17,6,3,5,0,1,65.55
546,29,B,mobile,direct,16,3.26,9,4,5,0,0,0.0
551,29,A,mobile,ads,25,4.03,9,3,5,0,0,0.0
560,29,B,mobile,ads,30,3.8,4,1,5,0,0,0.0
600,29,B,mobile,search,42,4.01,5,2,10,0,0,0.0
618,29,B,mobile,ads,37,2.36,6,7,0,0,1,69.4
648,29,B,mobile,ads,31,2.56,5,1,5,0,0,0.0
666,29,A,mobile,social,36,3.58,7,4,0,0,0,0.0
675,29,B,desktop,search,45,4.09,6,2,10,0,0,0.0
684,29,B,mobile,ads,37,7.0,11,4,10,0,0,0.0
735,29,B,desktop,search,45,2.9,5,2,0,0,0,0.0
942,29,B,desktop,social,24,3.72,3,3,5,0,0,0.0
1012,29,A,desktop,ads,30,2.45,8,2,0,0,0,0.0
1014,29,B,desktop,direct,40,4.46,5,4,0,0,0,0.0
1078,29,B,mobile,direct,35,4.23,3,2,5,0,0,0.0
1094,29,B,desktop,social,39,1.57,6,4,0,0,0,0.0
1121,29,B,mobile,social,33,3.69,5,4,10,0,0,0.0
1142,29,B,desktop,ads,28,2.51,6,4,10,0,0,0.0
1146,29,B,mobile,ads,34,2.14,5,3,5,0,0,0.0
1187,29,B,mobile,social,21,3.23,6,1,5,0,0,0.0
1199,29,B,mobile,social,43,1.43,6,3,0,0,0,0.0
1203,29,B,desktop,search,43,2.65,7,2,15,0,0,0.0
1209,29,A,mobile,ads,21,5.14,4,4,0,0,0,0.0
1250,29,B,desktop,search,32,3.75,4,3,0,0,1,97.79
1259,29,A,desktop,search,33,5.36,6,2,5,0,1,86.13
1265,29,A,desktop,search,25,0.65,7,1,0,0,1,40.78
1276,29,A,mobile,ads,31,2.76,7,4,0,0,1,15.41
1282,29,A,mobile,social,49,3.45,6,2,0,0,0,0.0
1290,29,A,desktop,search,41,3.91,4,3,5,0,0,0.0
1336,29,B,desktop,search,30,6.65,6,2,0,0,1,34.6
1375,29,B,mobile,social,30,2.03,4,3,5,0,0,0.0
1419,29,A,desktop,search,20,3.92,10,2,5,0,0,0.0
1455,29,B,mobile,search,32,4.59,9,4,0,0,1,114.17
1509,29,A,mobile,social,45,4.26,5,4,0,0,0,0.0
1524,29,B,desktop,ads,42,4.85,5,3,10,0,0,0.0
1616,29,A,desktop,ads,28,3.1,7,2,5,0,0,0.0
1659,29,A,mobile,search,22,3.51,5,4,0,0,0,0.0
1738,29,A,mobile,search,34,6.5,9,8,10,0,0,0.0
1760,29,B,mobile,direct,21,1.62,9,2,5,0,1,70.24
1854,29,B,desktop,direct,35,2.33,4,4,0,0,1,165.1
1877,29,A,desktop,direct,29,3.44,7,4,0,0,1,6.71
1888,29,B,mobile,search,38,2.02,6,6,10,0,0,0.0
1895,29,B,mobile,search,37,1.52,7,1,0,0,0,0.0
1939,29,A,mobile,direct,24,3.11,6,3,5,0,0,0.0
1951,29,A,mobile,search,24,4.24,8,3,0,0,1,38.15
1971,29,B,mobile,search,33,2.03,4,1,0,0,0,0.0
2088,29,B,desktop,search,30,1.61,8,1,5,0,0,0.0
2126,29,B,desktop,search,32,5.32,7,6,10,0,0,0.0
2161,29,B,mobile,ads,20,3.52,9,4,15,0,0,0.0
2167,29,A,mobile,search,30,3.0,9,3,0,0,0,0.0
2254,29,B,mobile,search,34,4.28,5,4,0,0,0,0.0
2257,29,B,mobile,ads,29,3.55,6,5,0,0,0,0.0
2358,29,A,mobile,search,21,0.4,4,3,0,0,0,0.0
2460,29,B,mobile,search,23,3.68,5,3,5,0,0,0.0
2462,29,B,desktop,ads,37,7.02,7,2,5,0,1,49.75
2466,29,B,mobile,search,32,1.71,5,5,5,0,0,0.0
2473,29,A,mobile,direct,19,6.59,5,3,5,0,0,0.0
2574,29,B,mobile,social,26,5.1,9,6,0,0,0,0.0
2593,29,B,desktop,ads,44,4.69,6,4,0,0,0,0.0
2609,29,B,mobile,direct,28,4.1,8,4,10,0,0,0.0
2759,29,B,mobile,social,33,2.8,3,4,10,0,0,0.0
2872,29,B,mobile,search,46,1.41,7,5,10,0,1,28.23
2881,29,B,mobile,search,34,5.86,6,3,0,0,0,0.0
2883,29,B,mobile,ads,34,4.76,5,5,0,0,0,0.0
2890,29,B,mobile,search,37,4.56,11,5,10,0,0,0.0
3004,29,A,mobile,social,27,5.06,8,6,15,0,1,137.19
3034,29,A,mobile,social,29,5.35,11,1,5,0,0,0.0
3133,29,B,desktop,search,30,2.59,11,3,0,0,0,0.0
3297,29,B,desktop,ads,26,4.92,8,3,5,0,1,99.98
3343,29,B,mobile,search,34,4.87,7,2,5,0,0,0.0
3381,29,A,mobile,direct,17,2.52,12,1,10,0,0,0.0
3425,29,A,desktop,ads,39,3.73,8,3,10,0,0,0.0
3435,29,B,desktop,search,27,4.33,5,2,0,0,0,0.0
3460,29,B,desktop,social,33,5.06,8,3,0,0,1,75.65
3514,29,B,desktop,ads,27,3.82,7,3,5,0,0,0.0
3537,29,B,mobile,direct,16,4.27,9,4,0,0,0,0.0
3560,29,A,mobile,social,37,2.62,6,1,0,0,0,0.0
3573,29,B,mobile,social,31,3.96,8,5,10,0,0,0.0
3594,29,A,mobile,ads,28,4.42,4,2,15,0,0,0.0
39,30,B,desktop,ads,16,4.45,5,4,0,0,0,0.0
59,30,A,mobile,search,33,2.87,10,4,0,0,1,9.89
105,30,B,mobile,social,43,1.92,8,2,15,0,0,0.0
179,30,A,mobile,search,36,1.08,4,5,0,0,0,0.0
218,30,B,desktop,ads,36,2.94,9,2,0,0,0,0.0
235,30,B,mobile,social,28,3.13,8,2,0,0,0,0.0
341,30,B,mobile,ads,39,3.83,7,4,0,0,1,75.96
356,30,B,mobile,social,41,4.74,5,7,0,0,0,0.0
436,30,A,desktop,direct,26,4.74,5,3,5,0,0,0.0
446,30,A,mobile,ads,32,1.86,5,5,0,0,0,0.0
461,30,A,desktop,ads,39,3.11,3,6,5,0,0,0.0
471,30,A,mobile,social,16,3.5,7,4,0,0,1,57.46
476,30,A,mobile,ads,16,4.18,8,3,0,0,0,0.0
487,30,B,mobile,search,24,5.15,7,5,0,0,1,88.24
488,30,B,desktop,social,36,4.79,10,3,5,0,0,0.0
512,30,A,desktop,search,34,4.52,6,4,0,0,0,0.0
520,30,B,desktop,direct,17,3.86,7,5,0,0,0,0.0
527,30,A,mobile,direct,18,3.49,5,3,0,0,1,110.35
540,30,B,desktop,search,30,4.27,9,0,0,0,0,0.0
556,30,A,mobile,direct,35,5.93,7,0,0,0,1,45.91
565,30,A,mobile,search,42,4.43,6,3,0,0,0,0.0
574,30,A,mobile,search,39,2.74,8,2,5,0,1,66.03
599,30,B,desktop,ads,34,0.4,4,2,0,0,1,109.86
624,30,B,mobile,ads,29,5.17,7,5,5,0,1,35.05
641,30,B,mobile,ads,32,2.62,7,5,10,0,0,0.0
665,30,B,desktop,search,34,4.77,8,0,5,0,1,78.08
717,30,A,mobile,search,31,4.09,7,5,0,0,1,36.33
770,30,A,desktop,search,24,2.6,7,4,5,0,0,0.0
797,30,A,mobile,search,20,2.19,5,6,0,0,1,31.25
800,30,A,mobile,social,32,3.44,7,0,10,0,0,0.0
849,30,B,mobile,search,19,3.13,4,5,0,0,0,0.0
872,30,B,mobile,ads,22,2.16,6,2,5,0,0,0.0
929,30,B,mobile,direct,46,4.03,8,3,0,0,0,0.0
978,30,A,mobile,ads,17,5.4,5,3,0,0,0,0.0
1019,30,B,mobile,social,33,5.34,10,3,0,0,1,57.33
1021,30,A,mobile,direct,24,5.7,5,5,0,0,0,0.0
1041,30,A,desktop,ads,39,4.44,6,3,5,0,0,0.0
1056,30,B,mobile,ads,25,3.5,5,2,0,0,0,0.0
1062,30,A,desktop,ads,26,2.87,7,7,5,0,0,0.0
1116,30,B,desktop,social,43,2.2,8,2,5,0,1,6.87
1169,30,A,desktop,ads,26,2.88,7,6,10,0,0,0.0
1186,30,B,desktop,search,17,4.63,7,2,5,0,0,0.0
1218,30,B,mobile,ads,25,2.07,5,5,10,0,0,0.0
1224,30,B,mobile,search,28,3.49,5,1,0,0,0,0.0
1234,30,B,mobile,search,37,2.92,7,5,0,0,0,0.0
1261,30,A,mobile,ads,32,3.58,5,4,5,0,0,0.0
1300,30,A,mobile,social,28,4.86,8,1,0,0,0,0.0
1316,30,A,mobile,search,23,5.32,3,1,10,0,0,0.0
1337,30,A,desktop,ads,26,5.56,4,4,0,0,0,0.0
1418,30,B,desktop,search,37,3.55,7,2,5,0,0,0.0
1438,30,B,mobile,social,20,6.72,6,2,15,0,0,0.0
1441,30,A,desktop,search,30,2.51,6,2,5,0,0,0.0
1488,30,B,mobile,social,36,3.3,6,6,5,0,0,0.0
1498,30,A,desktop,social,24,4.01,5,3,0,0,0,0.0
1539,30,A,desktop,social,32,3.64,13,2,0,0,0,0.0
1551,30,A,mobile,direct,29,3.57,5,2,0,0,0,0.0
1570,30,A,desktop,direct,21,3.19,6,4,0,0,0,0.0
1619,30,B,mobile,ads,32,1.28,12,4,0,0,1,20.43
1620,30,B,mobile,search,42,3.64,6,1,5,0,1,122.11
1640,30,B,mobile,search,16,4.09,10,1,5,0,0,0.0
1714,30,B,mobile,direct,35,3.2,4,3,10,0,0,0.0
1816,30,A,desktop,social,16,2.34,8,1,10,0,1,32.43
1845,30,B,desktop,search,18,3.47,11,3,5,0,0,0.0
1865,30,A,desktop,search,34,4.44,6,3,0,0,0,0.0
1878,30,B,desktop,ads,37,3.1,6,6,0,0,0,0.0
1882,30,B,mobile,social,23,2.34,2,4,10,0,1,54.65
1883,30,A,mobile,ads,23,2.75,7,4,15,0,0,0.0
1892,30,A,mobile,search,44,4.87,6,3,5,0,0,0.0
1910,30,B,mobile,direct,27,4.71,7,4,5,0,0,0.0
1929,30,B,mobile,ads,30,2.82,6,1,0,0,0,0.0
2020,30,A,mobile,direct,28,3.55,5,6,5,0,0,0.0
2024,30,B,mobile,ads,37,3.3,8,3,5,0,1,100.12
2041,30,B,mobile,search,33,2.71,7,5,0,0,0,0.0
2072,30,B,desktop,ads,40,3.23,5,1,5,0,0,0.0
2097,30,B,desktop,direct,21,3.7,3,1,10,0,0,0.0
2117,30,A,mobile,search,28,2.13,6,5,0,0,0,0.0
2124,30,A,mobile,search,36,5.51,7,2,0,0,0,0.0
2125,30,B,mobile,search,35,3.3,3,4,0,0,0,0.0
2130,30,A,mobile,social,37,2.91,9,1,0,0,0,0.0
2137,30,B,desktop,ads,41,4.08,8,1,5,0,0,0.0
2155,30,B,mobile,social,26,2.87,5,1,5,0,0,0.0
2189,30,A,desktop,social,27,4.21,5,1,10,0,0,0.0
2198,30,A,desktop,search,27,5.45,5,2,5,0,1,27.72
2217,30,B,desktop,direct,30,1.06,8,5,10,0,0,0.0
2222,30,B,mobile,search,39,4.18,6,2,0,0,0,0.0
2238,30,B,desktop,direct,26,4.44,4,4,5,0,1,21.47
2255,30,B,desktop,social,41,2.37,4,3,0,0,0,0.0
2330,30,A,mobile,ads,24,0.53,6,1,0,0,0,0.0
2344,30,B,desktop,ads,28,5.85,3,2,0,0,0,0.0
2371,30,A,mobile,search,30,2.88,9,0,0,0,0,0.0
2428,30,B,mobile,social,33,3.7,5,2,5,0,0,0.0
2470,30,B,desktop,direct,33,4.13,5,3,0,0,1,59.22
2514,30,A,mobile,social,32,2.38,11,0,0,0,0,0.0
2539,30,A,mobile,social,31,4.79,6,1,5,0,0,0.0
2559,30,B,mobile,ads,18,4.42,5,3,0,0,0,0.0
2590,30,B,desktop,search,26,1.21,6,1,0,0,0,0.0
2606,30,B,mobile,search,33,3.68,6,6,5,0,0,0.0
2656,30,B,desktop,social,30,2.51,4,1,15,0,0,0.0
2672,30,B,desktop,search,29,3.27,5,2,10,0,1,38.03
2673,30,A,desktop,ads,37,5.33,4,2,0,0,0,0.0
2688,30,A,mobile,search,38,4.1,6,0,0,0,1,17.06
2702,30,A,desktop,ads,18,4.45,7,2,0,0,0,0.0
2726,30,B,desktop,social,45,3.6,9,4,0,0,0,0.0
2731,30,A,mobile,direct,26,2.35,6,3,0,0,1,15.85
2740,30,B,desktop,ads,28,2.96,7,1,0,0,0,0.0
2747,30,A,mobile,ads,38,4.03,8,7,5,0,0,0.0
2749,30,A,desktop,ads,35,3.96,7,2,5,0,0,0.0
2796,30,B,mobile,ads,30,2.2,5,1,0,0,0,0.0
2810,30,B,mobile,ads,30,4.2,6,2,5,0,0,0.0
2816,30,A,mobile,search,40,2.23,10,2,10,0,1,25.88
2914,30,B,desktop,social,20,3.35,5,3,0,0,0,0.0
2920,30,B,mobile,ads,26,2.25,8,2,5,0,0,0.0
2993,30,A,desktop,search,16,5.23,6,7,0,0,0,0.0
2999,30,B,mobile,ads,40,3.39,5,2,0,0,0,0.0
3040,30,B,mobile,search,34,4.37,9,3,5,0,0,0.0
3044,30,B,desktop,search,32,2.46,9,0,15,0,1,75.77
3070,30,A,mobile,direct,37,2.91,4,4,5,0,0,0.0
3094,30,B,desktop,search,32,3.53,3,2,5,0,1,35.92
3103,30,A,mobile,direct,27,2.9,7,5,5,0,1,40.46
3107,30,B,mobile,search,30,3.45,7,2,10,0,0,0.0
3112,30,A,mobile,search,38,6.15,7,1,5,0,0,0.0
3123,30,A,desktop,social,21,2.84,10,5,5,0,0,0.0
3143,30,A,desktop,search,23,3.38,4,5,10,0,0,0.0
3159,30,A,desktop,ads,38,4.63,7,2,0,0,1,141.78
3245,30,B,desktop,ads,35,3.06,10,8,0,0,0,0.0
3271,30,B,mobile,direct,21,6.66,4,3,0,0,1,72.72
3283,30,A,mobile,search,45,4.83,3,1,5,0,1,61.2
3377,30,B,mobile,ads,32,4.56,6,1,0,0,0,0.0
3390,30,A,mobile,social,35,2.12,4,2,0,0,0,0.0
3437,30,A,mobile,search,43,2.91,4,5,5,0,1,60.42
3447,30,B,desktop,ads,34,4.75,9,2,0,0,1,79.73
3458,30,B,mobile,social,44,1.62,5,5,5,0,1,61.47
3472,30,B,desktop,ads,25,3.2,7,2,5,0,1,33.48
3489,30,B,desktop,direct,42,4.47,4,4,5,0,0,0.0
3498,30,A,mobile,ads,37,4.38,8,3,0,0,0,0.0
3534,30,B,mobile,social,38,2.8,5,2,10,0,0,0.0
3538,30,A,mobile,search,38,4.16,6,6,5,0,1,141.3
3540,30,B,desktop,search,32,5.97,5,0,0,0,0,0.0
3550,30,B,desktop,ads,37,0.4,4,5,0,0,0,0.0
3570,30,A,desktop,direct,38,5.05,6,3,15,0,0,0.0
3585,30,B,mobile,direct,33,5.45,5,4,10,0,0,0.0
